Flow Duration,Total Fwd Packets,Total Backward Packets,Total Length of Fwd Packets,Total Length of Bwd Packets,Fwd Packet Length Max,Fwd Packet Length Min,Bwd Packet Length Max,Bwd Packet Length Min,Flow Bytes/s,Flow Packets/s,FIN Flag Count,SYN Flag Count,RST Flag Count,PSH Flag Count,ACK Flag Count,Label
46926.80899768591,39.363552027744205,37.36408184666985,923,335,236,1266,463,464,26.078244386675774,20.948160210075628,1,0,0,1,0,BENIGN
301012.1430917521,47.34356593750214,33.291209623140325,277,830,1303,748,721,95,90.94262353541222,40.16414089652075,1,1,0,0,1,BENIGN
131674.56935454495,85.45473932021804,17.615391250286006,1004,284,1067,1173,1200,407,36.978794752132536,19.326569060760956,1,0,0,0,1,BENIGN
91294.25537759533,34.00043860598922,60.726667010148795,15,128,881,645,899,1141,79.89920885333459,13.518618205352817,0,1,0,0,1,BENIGN
16962.48704623463,86.96496848121713,47.66241605086289,355,314,765,378,705,803,3.166561296263626,36.40632844269589,0,1,1,1,0,Web Attack - Brute Force
16959.629191460517,8.813443097669149,86.57009923240037,355,959,936,607,1200,1467,23.21692146866091,60.69996926457934,1,1,0,0,1,Web Attack - Brute Force
5983.8768608680675,77.67984372086308,3.2109580482058253,829,70,358,965,880,756,34.55847928841226,14.639918208612833,0,1,1,1,0,Web Attack - Brute Force
201123.08644799396,84.75476330547363,64.38679275551263,598,344,645,524,414,1403,67.15740633102043,4.434327386286007,0,0,1,1,1,BENIGN
91908.21536272645,18.181765283733874,76.29488785115612,1101,1121,689,1140,577,712,31.9330807161891,3.463281806369156,0,1,0,1,1,BENIGN
123125.00617045903,43.03465323722004,75.94865691883071,927,1323,461,575,309,277,4.136380081930713,26.73842524359683,0,0,0,0,0,BENIGN
2079.9307999138623,16.54997746636556,88.60739670955252,1090,175,100,936,1025,360,17.386751605401606,190.13229051630165,1,0,0,0,0,DoS Hulk
350355.7475158312,70.66041289942177,72.9033742829494,858,883,691,661,316,1393,25.916535236932603,53.925536029015234,0,1,0,0,0,BENIGN
178642.9543354675,53.534776806165674,92.78100616476964,213,1098,983,1340,1019,211,17.604747993581903,455.7201870508994,0,1,1,1,1,DoS Hulk
23868.7625248947,63.5323346708321,33.26565998208915,448,142,1484,875,367,1282,20.37245601411334,324.7666143390187,1,1,0,0,1,DoS Hulk
20067.898874966337,19.648696695621116,50.32094167515431,964,930,768,11,554,1120,76.89569406733544,83.35428341509608,1,1,0,0,1,FTP-Patator
20261.142283225705,21.17458620524195,1.4079663282890675,1456,1046,267,1113,604,1233,41.203364395046016,50.494699299652645,1,1,1,1,0,BENIGN
36275.37294604771,4.149732550990636,0.6957587303291213,1138,180,882,387,1249,777,40.51792446679252,91.52999208409918,1,0,1,0,0,DoS Hulk
74392.78308608544,32.20675351957297,24.012662045151988,786,1068,1385,82,935,20,96.66063366594861,29.576435407369527,1,0,1,0,0,BENIGN
56553.70667803367,55.97446613336749,10.080719713908525,1443,1492,407,975,479,728,44.670183794420026,97.33392661965915,0,1,1,1,1,BENIGN
34422.29925539415,85.79349139973289,26.021136793575362,498,91,1060,395,980,1456,92.76581325323949,97.69773207580144,0,1,0,0,1,BENIGN
94637.08738997988,66.69274474586807,17.70432945283974,709,1292,467,544,1086,615,29.90630982166803,25.467163554711924,0,1,0,0,1,BENIGN
15023.452872733867,43.53963233997514,2.852002483864824,379,33,258,660,1303,370,40.06262599041731,16.72361287949139,1,1,1,0,0,BENIGN
34551.551200240225,95.31201143941378,90.93041464060494,1166,677,508,639,939,1416,39.62833560674621,49.568814621724435,1,1,0,0,1,BENIGN
45627.721822084706,71.92452005758318,0.8223131388891525,739,1387,308,99,13,623,54.60788323146444,48.14649181668466,0,1,1,0,0,FTP-Patator
60893.4687859775,93.016520286255,73.60821443370854,631,1156,1296,456,27,1242,58.42472908539522,41.01376872690171,1,0,0,1,1,BENIGN
153793.6011030912,52.75879732721657,15.214788691951654,1047,758,624,873,141,631,24.812502904226886,52.935722749395296,1,0,1,0,0,DDoS
22273.586212869028,25.89042747931396,91.22296219996,538,381,109,327,589,760,79.35842504171187,23.219537851820082,0,1,1,0,1,FTP-Patator
72202.91550331278,5.282668636472199,89.27959395898858,944,965,678,723,472,846,49.65259546767925,11.492934154368717,0,1,1,0,1,BENIGN
89750.47213097605,72.60848514838504,65.39011463692573,1098,1300,1283,73,1207,947,0.7043553518807477,57.0461458476435,0,1,0,0,0,BENIGN
4756.3849756408545,12.130299800553413,67.22341498006051,752,1179,741,1119,316,1119,59.13406333166802,93.2597996782375,1,1,0,0,0,BENIGN
93533.30206496101,30.277512827196716,0.5339141969688543,534,386,906,91,1384,1455,79.80594415291364,13.77492766202979,0,0,0,0,0,BENIGN
18696.125197741643,53.24709078838974,98.4871566113602,672,534,267,329,444,187,25.04667378154578,70.48147242314624,1,0,0,1,0,BENIGN
6726.393087930424,56.441658777974766,87.78326035758144,1064,199,1055,174,295,500,3.7871009361926,43.7896687380385,0,1,0,1,1,BENIGN
297368.7793506931,60.0583196987136,89.5106225730092,567,274,939,314,403,875,80.71786556507227,29.397658972880404,0,0,1,1,0,BENIGN
337063.0342461172,16.625533034970065,65.92445370508719,1436,500,810,496,751,374,97.62767159716272,85.31092183924258,0,1,1,0,1,PortScan
165233.15728128765,37.97374048216488,34.47869286545365,414,458,1200,1292,262,433,7.656361466490235,45.649169453718194,0,0,1,0,1,BENIGN
36328.78599687583,61.71942271169667,89.36486490904808,448,49,103,427,846,1446,93.80368073257212,58.33120140679902,0,0,1,0,1,DDoS
10277.731500250624,96.98188646337847,29.151692815119233,609,969,1259,34,376,1167,35.9274411976062,44.30562869399294,0,1,1,1,0,BENIGN
115275.07630986617,72.76311376996887,56.271154334220284,657,987,1116,118,584,498,94.14396085880875,8.124958166955288,1,1,1,1,0,BENIGN
58009.084258539835,92.26037570939579,9.97309723438824,435,531,200,1394,1091,5,64.88393240024467,59.490468690018595,1,0,1,1,0,BENIGN
13015.223395444864,76.2212058314177,92.19556301327502,704,1003,898,924,798,1340,89.02443124484132,41.88409750381212,1,0,1,1,0,Bot
68354.72281341502,59.171696889240046,14.077045777121333,238,627,742,1474,470,1253,78.58330250514133,8.67566060676297,1,0,0,1,0,DDoS
3499.3721443479085,19.202336913634454,22.489680573040726,1065,1115,924,1332,731,1145,2.7997742820626836,595.811734418975,1,0,0,0,0,DoS Hulk
240042.28873930237,66.66856518925131,55.813415812821496,733,1479,596,1380,971,616,6.544250232505389,0.9870932039227509,1,0,0,1,0,BENIGN
29945.77768406861,62.337956595990704,76.40930002129815,799,338,1058,1399,46,710,52.574460511854404,208.5203882545923,1,1,0,1,0,DoS Hulk
108625.57985649804,60.24691704572665,61.93513059362989,9,1076,1140,827,946,474,12.961901984491265,78.10695369052124,0,1,0,1,1,BENIGN
37354.65816576237,48.978586798824075,23.213391280015617,746,3,687,1128,1081,573,46.10342391571515,3.792742485873446,0,0,1,1,1,BENIGN
73411.08959092286,52.86566039892756,0.09430425274903342,1288,280,1481,389,23,795,95.46302985644675,64.66820980551388,1,0,1,1,0,BENIGN
79122.37979817975,33.44425271181041,75.71505803074392,1468,1313,1494,175,1313,507,29.475728755448426,94.9706946207324,1,0,1,0,1,BENIGN
20438.859950790575,51.931269264230316,98.52073259110938,138,72,919,105,830,591,48.891271381574086,17.119245817300676,0,1,1,0,0,Bot
349280.7132736226,19.755590567847825,80.99131203060904,730,1160,787,591,1467,174,38.42596300680694,41.711186020957456,1,1,0,1,0,DDoS
149224.5377138141,80.51743973603767,46.02066181566153,195,767,398,1186,402,691,62.982696424824844,57.54976973709982,1,1,0,0,0,BENIGN
280509.44192915823,18.577695469870783,90.37672613991066,1097,970,596,913,1047,1294,19.384493065155883,45.041583873384425,0,0,0,1,1,Web Attack - Brute Force
225215.19975341967,8.496628988946641,40.984767311835,1248,997,116,1290,1087,787,25.99392901342833,62.03776861817673,0,0,0,0,0,BENIGN
91105.4412383275,43.62460263571574,52.493408424346754,1125,1416,361,1302,1262,571,85.87678513640101,40.40975251669982,1,1,1,1,1,BENIGN
254943.5379269405,65.83074395060619,47.712976739568326,263,207,203,1326,282,185,81.13362238603384,14.850412902192044,1,1,1,1,1,FTP-Patator
9265.545895311563,43.771682493354135,44.762387266552494,944,259,1169,954,1465,586,78.91896888706404,8.90443598244557,0,1,1,1,0,BENIGN
21813.469463126745,27.67541319513086,77.51907692939058,919,929,443,952,1323,1117,77.0919609317896,74.44431561771444,0,1,1,0,1,DDoS
4628.196568683195,55.817118389044076,52.676890726949196,160,262,726,860,92,513,45.9437493461579,23.86239495219048,1,0,1,1,1,BENIGN
39353.208680308686,34.700233541219994,31.671712202521608,1256,782,860,126,1398,1201,72.88907725322082,84.74503127667235,0,1,1,0,0,Bot
49213.02917942186,93.28676901266331,25.81581676584783,490,504,1320,1269,685,653,38.72048178721178,74.30272438218404,1,0,0,1,0,DDoS
31656.04432088257,92.2645139603572,3.7747316967433386,769,202,867,823,309,555,10.070958018948017,4.945318434236167,1,0,1,1,0,BENIGN
176455.7865240934,50.23718199720955,58.3195161883046,310,1370,766,233,887,294,39.337464164889234,20.12111170637352,0,1,0,0,0,PortScan
44122.699952987015,32.78839940182585,22.99614154010342,226,51,1254,666,1190,1254,15.866304422793087,29.19926565595382,0,0,1,1,0,SSH-Patator
32980.28401342492,73.71324139566391,14.813392201638308,272,1379,1226,930,6,1259,39.08516806325096,59.448224882604016,1,0,0,0,1,BENIGN
78240.7083207746,3.671294348306664,65.38299638276777,937,362,361,1462,1066,1116,29.742521536288656,80.9827000315139,0,0,0,1,1,BENIGN
15189.814782062886,47.47690060436513,68.12092578215488,316,44,394,136,787,43,59.91606670679249,6.033325515842314,1,1,0,0,1,PortScan
162048.35957747314,33.63233942703335,75.21548922576659,1109,826,247,555,1363,538,36.15404154984234,24.96089518798109,0,1,0,0,1,BENIGN
7747.586881130901,92.05358851025547,50.357689633859145,290,1401,1463,758,1176,1498,70.55896633791784,37.620976237972094,0,1,1,1,1,SSH-Patator
433414.63395873195,1.2003027272682543,89.40546052038866,1492,788,913,1172,42,38,51.21466810476494,18.33771545881663,1,1,0,1,0,BENIGN
147948.37762415115,55.28148757183491,93.63427533982278,728,1435,1419,55,724,1408,91.94922785153999,54.52920975063491,1,1,1,1,1,BENIGN
22153.944050588594,74.0663581066626,80.73709397924894,1427,770,760,355,200,1458,9.102543535038699,47.80024793583103,1,1,1,1,0,PortScan
553.7420375935475,48.50179875240413,63.55934820081872,1450,141,655,1280,894,288,68.77091886413322,31.649564205115986,1,0,0,0,1,BENIGN
168989.6777486126,8.540303016272166,30.372095359118866,374,1281,355,922,666,247,67.23968775700396,51.688688692035676,0,0,0,0,1,BENIGN
122709.59073870447,97.24613900279022,98.29449216202212,566,796,1424,812,547,358,95.06265474127007,35.582156435111386,1,0,1,0,1,BENIGN
130566.29087879989,51.801043137609796,27.413616719193833,867,36,240,1086,225,1461,37.15518670436525,34.31940674672907,0,1,1,0,0,Bot
147521.45260435133,61.41862443190114,20.265692199043105,754,44,1364,1086,632,208,30.54379697121623,26.53955253569925,1,0,1,0,1,BENIGN
7692.926551379635,23.660978270750732,44.215411378658274,251,919,228,805,1362,123,17.239344421365654,54.04379343143882,0,1,0,1,0,BENIGN
44389.267241623245,48.34980851068038,5.684057071238846,306,1069,620,1052,1358,974,26.528851535529363,444.1153944523268,0,0,1,1,1,DoS Hulk
12315.010460444966,42.914949195832186,97.84944646717908,1453,564,930,599,1204,402,50.18907727551386,196.32478412722378,0,1,0,0,1,DoS Hulk
198852.95716582227,7.489584200198374,58.84335564164248,674,300,854,567,945,283,83.7712961959977,1.296626089819919,1,1,0,1,0,BENIGN
97630.11917123741,10.616035354746723,55.69520916641753,867,287,528,1323,1295,662,28.428660348064128,15.092954061291941,0,1,0,0,0,BENIGN
40181.8801251301,83.74725196187745,65.57962798997198,263,785,266,704,193,575,15.774211665739058,4.283460149853924,1,0,0,0,1,BENIGN
6566.806580478289,23.981995220659023,49.70236477772067,67,268,1152,611,537,240,27.21284710741687,431.5988336384321,1,1,0,1,1,DoS Hulk
37248.835041035374,19.495827149863054,3.2063517094541583,1130,790,219,1238,480,166,10.092697502848457,22.509685391235834,0,1,0,0,1,BENIGN
39331.42131841314,50.49114512501392,61.23112888403968,1423,1085,1105,140,1121,560,92.66954163079961,42.04553325247245,1,0,1,1,1,BENIGN
130787.57839577408,76.87471313625129,71.61738769564306,1222,580,560,560,429,147,87.26241520222472,32.94498733700089,0,0,1,1,0,BENIGN
101488.93589260199,6.194651857898792,41.67490606240531,1215,1265,1043,498,1350,700,30.84917169851523,53.80148106865668,0,1,1,0,1,BENIGN
218225.19124015147,57.680791963825584,75.72955720711929,513,935,1350,626,944,622,24.698781593186702,72.38668287886009,1,1,0,0,0,PortScan
63906.61333763098,11.921044284057336,22.70012993384206,768,353,1060,501,910,264,90.53973140649157,47.93139381338564,1,1,1,0,0,BENIGN
12737.23936155019,3.6461050825618457,22.127659106618403,441,967,381,740,577,500,0.17719513209559778,6.196806093913088,1,0,0,1,1,BENIGN
124912.63443165994,5.274395216221739,16.141698768757394,0,70,38,763,1439,278,60.05775279913467,1.7510481414907964,0,1,1,0,0,BENIGN
143039.27530768642,83.41641082084413,37.19947597891618,357,834,1132,1214,110,748,91.60037609456705,21.32311662775391,0,0,1,0,1,BENIGN
82388.74948858288,11.797248362806156,84.70120353890836,1138,412,428,674,211,902,50.855748890635276,42.49675112208537,1,0,1,1,1,BENIGN
147388.99667213645,4.515136441229195,82.79120621490644,902,611,1087,48,850,158,0.29669595996338893,44.9050286272673,1,1,1,1,0,DoS Hulk
68081.47315102779,43.789988714291226,38.28242079635038,1220,1084,1198,1386,877,1083,21.88714293851557,32.7733804839889,0,1,0,1,0,BENIGN
73967.88387772671,84.39934719420248,58.911873598023654,273,614,790,626,986,498,92.2441593891934,88.70257078951524,1,0,1,1,1,BENIGN
55781.41939084273,26.240837648930192,72.08163164749156,855,1475,31,679,995,1340,1.7022424179829243,9.001902185216936,1,0,0,1,1,BENIGN
2574.777399011373,42.17126175259164,24.1206774628023,1017,1416,944,276,570,487,39.47797660632014,94.85165097695736,0,1,0,1,0,BENIGN
11416.743519186584,3.9922532563751223,16.814108589474706,1183,528,530,46,1053,464,78.97447263329782,85.66717755091197,1,0,0,0,0,Bot
3193.3681293053824,44.907851413487585,97.2095993212311,172,1328,105,925,1290,227,83.80909936850034,831.7811560135387,0,0,0,1,0,DoS Hulk
101172.95509275494,57.761308063713365,61.75573132096185,1481,190,481,215,665,665,47.760793262867004,86.3658510876291,0,1,1,1,1,PortScan
37739.670879509984,57.090705375214476,98.14157218336639,584,77,205,229,349,1379,23.24837517328525,8.005026525298309,1,0,1,0,1,BENIGN
71043.71771341901,33.242669217436514,33.77559871322291,1456,888,1270,322,929,1489,59.970471768615894,15.11680939786968,0,0,0,1,0,BENIGN
238126.55298459754,31.55331806631355,70.30316999741315,928,1324,834,1444,680,821,26.37780315573015,13.437242656108218,1,1,1,0,1,BENIGN
28673.882298329834,10.662361893659789,22.260363654123772,480,948,88,224,1237,798,25.526425799591635,111.24181075137597,0,1,1,0,1,DoS Hulk
52828.19748826726,36.67983206462684,26.120017127391293,454,16,1339,1310,250,752,80.75997633970131,32.771121953222924,0,0,0,0,0,BENIGN
140874.91475385835,9.949466887296465,51.1902121269624,195,814,1034,45,318,1250,15.426583529661308,83.02168829505273,1,0,0,0,0,BENIGN
25980.5156917394,76.65959447120517,31.961812550807124,795,433,1072,1037,1206,1192,0.5521478401990798,25.196214363122927,0,1,1,1,0,BENIGN
8010.427855017637,96.62742977481858,16.762156384058446,598,1066,895,632,884,1307,33.67752170058491,24.422167899226,1,1,1,1,1,BENIGN
34214.03038870571,97.00744566667069,26.2880701989326,1332,1091,1194,374,188,261,49.097395499502994,67.58887574206133,0,1,1,1,1,DDoS
17580.835850006286,86.50710993753938,3.574839446586464,555,1403,142,702,724,859,70.50803918953237,9.692510213671712,1,1,1,1,0,BENIGN
265495.0085880625,60.07921493396191,70.44236214774867,847,211,206,986,1150,363,78.11152576042886,36.0279992361924,1,1,0,1,1,BENIGN
165088.70804845693,70.086569724388,49.21166570858616,438,202,1486,332,1319,97,66.351921113363,29.5426306844221,0,0,1,0,1,BENIGN
100349.4190520531,28.520580268041407,9.424306640452562,649,725,508,165,1046,1035,62.650888031692666,84.73008641294213,0,1,1,1,0,PortScan
205151.9730520813,63.077042017262066,17.16939931284912,358,108,1224,506,78,783,66.5748722319435,51.450127762545996,1,0,0,1,0,BENIGN
162796.89407405563,45.56495494398774,10.253453811264402,1059,967,4,116,545,582,27.152651758109904,64.6473564121941,0,1,1,1,1,BENIGN
20649.547635863906,48.20173397769325,61.259280827587645,1057,283,210,942,1493,926,38.23613229645678,12.903433820623523,1,1,0,1,1,SSH-Patator
223081.3405235561,75.7776560375158,9.42103636124938,1111,940,28,635,923,1440,61.643650099956446,92.89182605559103,1,1,0,0,1,BENIGN
77509.99019661719,28.191835559725163,75.42823330352161,657,1248,1213,1462,618,134,6.557066035397286,32.24521541251046,0,0,1,0,0,BENIGN
164734.8291303566,31.803961169451988,2.0510919320391174,15,736,187,1327,304,258,29.532535006785565,706.8388378431615,1,0,1,0,1,DoS Hulk
226424.26492862313,92.46417911286366,24.93757879958921,744,1141,1173,456,1471,915,40.641894475765305,95.46261799155435,1,1,0,0,1,BENIGN
38273.07164183185,5.622429485097225,89.06666758919071,420,931,524,868,198,516,53.3440682853936,50.86488616160025,0,0,1,0,1,BENIGN
11659.216012385083,48.56342984133404,71.8531318122246,552,602,945,1294,1214,1317,48.64821073609611,50.753525873385556,1,1,1,0,0,BENIGN
25868.674613938136,91.28008004078617,7.296833292568772,766,1363,1389,215,1255,1463,71.81318781539937,11.724942355845192,1,0,1,0,1,BENIGN
55705.769274861435,61.0363007818157,82.11261044851797,792,1304,156,112,553,150,47.34266754164611,39.02755564231292,1,0,1,1,1,Bot
170382.9726638945,54.64070742121321,49.30351215402048,1149,490,79,1039,1047,1281,90.41299838249888,85.24649388815355,0,1,0,1,1,PortScan
197134.49718798333,24.974417922935523,84.67830271688292,1031,18,1296,215,1484,867,38.03183421524173,13.510650709894833,0,1,0,1,0,BENIGN
697.6409181650647,34.327548906444825,60.07397744503934,1495,1198,659,426,182,1172,52.53717061761564,91.75041305606574,0,1,1,0,0,Bot
71487.61593385557,85.20484158046929,68.18330320328587,1491,1492,625,1158,1456,973,0.32103896020267975,667.3094143866567,0,1,1,1,1,DoS Hulk
54027.33209186713,55.921813176845816,99.35015603957082,879,800,231,1066,606,141,31.047795644618937,42.095983505903845,1,1,0,1,1,BENIGN
25116.733827582448,51.47421937567799,23.233554592401816,851,759,159,763,82,250,86.65729773139923,54.64984185256573,1,0,1,0,0,BENIGN
12768.039154564682,9.957971354002893,62.394557476138836,509,1165,343,283,92,957,33.35763945962916,15.049660773670093,1,1,1,1,1,PortScan
41190.857986243245,1.6028156455123121,46.032139005739836,1425,1486,1312,833,1301,906,25.318633333246197,21.748329313773095,1,0,1,1,1,BENIGN
286312.112269115,96.36851886870491,3.9451952922691436,1199,928,204,1121,616,643,54.353696244222164,28.64084270666728,0,1,0,0,0,BENIGN
39038.38028814744,37.698616728684165,1.4470641502865034,965,297,994,1083,1108,1070,7.873009844207246,38.48461181744145,1,1,1,0,0,BENIGN
73145.2805760152,60.32130620995043,11.922857781785867,913,1493,837,229,572,1395,53.16051316503992,91.55219949929847,1,1,0,0,1,BENIGN
121408.69768808549,7.971507318728499,64.90917405385481,1390,704,304,384,1231,93,30.36657982421883,36.7569024965157,0,1,0,1,0,PortScan
45197.449896696235,68.31142857230465,56.71630879133922,17,814,1383,158,580,760,38.31028898743875,52.3835240386221,0,1,1,0,1,BENIGN
356779.81382916996,93.2566708705961,55.34295611637275,55,802,669,823,1000,355,79.13650043371449,16.20261614178422,1,1,0,1,0,BENIGN
328200.9864541398,57.56652529974197,3.1856762528260085,918,372,399,470,1467,531,66.19640186141183,73.59732010520706,1,0,0,1,0,BENIGN
29006.12949922053,12.611532237541056,46.930299636000704,1058,1491,1472,207,773,691,44.610609312384284,560.2808490667015,1,0,1,1,1,DoS Hulk
68765.92784638473,58.172152747347674,92.46228178425285,901,927,105,173,852,1295,57.75163130849394,43.990745798337194,1,1,0,1,0,BENIGN
35793.046007904675,76.63472131046524,39.75918693106466,629,950,1105,1104,1393,1452,76.68587553202292,947.1864655581935,0,0,0,1,0,DoS Hulk
33524.96763810817,40.64165365740187,62.492246978845635,793,1461,341,1041,650,647,74.57837451961883,89.06508441418367,0,0,1,1,1,BENIGN
3758.4477765522533,87.98377479414678,77.98186756231435,346,843,985,1016,791,701,18.532171055117843,65.95112723444973,1,1,0,0,1,BENIGN
94049.20709825931,64.86829533573645,78.39252791418876,1055,946,951,707,475,723,30.091922199920475,92.1812406156527,0,0,1,1,1,BENIGN
69851.96328296384,89.92489182892025,51.92800823952714,907,442,1444,1314,503,916,34.823693096602526,564.7817949330725,1,0,0,1,1,DoS Hulk
5285.108738039248,62.35053112473372,85.79519454023364,1023,1479,48,1383,230,63,18.754229000500445,82.69371517152668,1,1,1,1,0,BENIGN
32662.592101036935,13.128797200482422,39.137809336374694,1156,1271,205,1302,877,925,1.2161454006304195,409.4601641851863,1,0,1,0,1,DoS Hulk
238886.09510893404,30.96917111051891,88.86932147847983,575,141,1241,974,1383,1187,17.396726878881218,8.674419134794764,1,0,0,1,1,BENIGN
27386.055214207707,20.17949482524569,24.02271663955453,198,401,1459,396,1042,1412,80.82443270814872,99.41485895291096,0,0,0,0,0,FTP-Patator
15653.086098546975,90.88264977168623,28.021640699057105,1279,822,790,973,689,1492,54.59204513924711,16.56315208265725,1,1,1,0,1,BENIGN
67227.21094736362,76.04000672874827,5.31206241990011,1365,221,1345,765,208,726,34.16580269871808,25.15100392589893,0,1,1,0,0,BENIGN
424403.69826152595,67.6398368910006,79.55818365422829,1254,736,230,1165,130,765,60.83444456294648,16.31033894248395,1,0,1,1,0,BENIGN
27714.48135597262,30.096631963162167,41.70552362327056,300,1207,1452,676,742,922,73.98341253467918,33.74795179787451,0,1,1,1,0,BENIGN
111515.50102972933,18.40447720502135,22.911661391139905,1016,1387,882,516,383,652,35.44277830208627,28.928013372633878,1,0,0,0,0,Bot
143388.7626239463,75.64510879889119,23.179027761657967,25,993,725,1274,1115,904,46.607484153497445,60.11022485492349,0,0,0,0,1,BENIGN
27133.31723358058,47.41579458790797,90.13999412292331,1497,1211,283,661,361,1040,6.42132166701156,99.64600144192845,1,1,0,0,0,PortScan
130274.89284923162,22.578955215062912,83.3916600461037,1410,112,275,1260,760,606,59.70905362124792,5.25090554855685,1,1,0,0,1,BENIGN
45852.2799264304,61.66219781652751,55.35308853571833,1308,1204,432,1155,1147,745,35.640709555218464,77.8443113293322,1,1,1,1,1,DDoS
100050.37477317713,4.0333852138451975,61.61108004157211,449,1222,1208,305,942,939,43.352364760078764,12.799192440648655,0,1,0,0,0,Bot
100383.78271376382,32.61702541282535,47.4325570550291,319,1093,632,357,647,1324,42.26006179469247,1.9835024632215648,0,0,1,1,0,Web Attack - Brute Force
76738.52499523488,46.85569945911347,39.16665428788089,155,597,215,1308,1296,87,63.24092887425428,63.85768201156948,0,0,0,0,1,BENIGN
9462.915881162096,14.795833410940585,91.54768812183315,470,903,96,1316,354,562,57.246534895448086,87.33152288693672,1,1,0,0,0,PortScan
180364.4794246297,98.46544775908396,12.561270352030206,419,484,954,1186,99,1268,42.210604777656805,17.62985066483953,1,1,0,1,0,BENIGN
38681.02936673966,20.909736458961426,41.8446789716228,1136,1422,1142,418,730,1490,1.6955021490728694,34.16137846419473,0,1,1,0,1,BENIGN
20643.210660755652,13.035313004326554,34.45619079878753,650,550,364,1491,300,1465,62.09626146313793,168.75020422307716,1,1,0,0,0,DoS Hulk
4162.97597943452,20.35348738868964,49.81507202511484,1445,1033,1426,641,608,1136,87.9577474034327,90.6507569302917,1,1,0,1,1,BENIGN
89377.84045945834,76.90611331597242,45.76318745451751,885,2,1007,506,881,441,76.95515715938977,27.03604324181226,0,0,0,1,0,BENIGN
113185.17342673488,42.55056592718428,51.88895316510814,929,661,617,1385,202,1031,98.16156322500822,44.471289140610246,0,0,0,1,0,SSH-Patator
1672.694755847062,56.541593975253804,13.99189772269941,834,66,396,311,1044,558,13.907533802071336,89.47412762830783,1,1,1,0,1,DDoS
71763.05845494884,2.1009156986360744,51.31415015132771,875,704,457,703,1221,1123,22.25200527878537,55.286920376267176,0,1,1,1,0,BENIGN
25682.414705495765,3.4431308573314556,24.241881388721087,941,1120,317,244,111,1368,53.92674652219791,93.28498007687058,1,0,0,1,1,BENIGN
103612.4341547692,44.582554982701616,18.433134898819127,993,1341,381,476,1172,752,23.588170234380645,92.64504146470391,1,1,1,1,0,BENIGN
19160.422253913377,81.66552432016235,6.483421878619122,1308,97,141,614,380,900,3.454978128168984,46.160101989372095,1,1,1,0,1,BENIGN
117421.25275677191,88.52388787075652,76.26525587561409,571,1080,456,435,754,480,40.22882761639461,582.3826127333705,0,0,1,1,0,DoS Hulk
48895.87009811018,8.670656759564022,42.744192085655996,53,1130,500,249,953,702,28.76447341539825,23.031427371293688,1,1,0,0,1,PortScan
276034.38178043073,53.836310210102276,62.66436833117584,604,87,322,1045,1206,1365,26.37608456588828,99.05358188011633,0,0,0,1,1,FTP-Patator
14794.441343927894,91.32296862792705,72.75933433047433,324,971,999,476,795,942,95.31728170242486,27.831666041179492,0,1,1,0,0,BENIGN
41713.243399517174,38.797275439788635,67.93166653135535,969,652,267,510,336,1257,23.845411626544955,78.33069879809513,0,1,1,0,1,FTP-Patator
12044.428503699643,82.95658314283686,47.05007190896823,1481,655,486,1359,1361,792,12.943257118739782,312.969060155226,1,1,0,1,1,DoS Hulk
258619.03971507237,13.36956543994362,38.789852895172984,884,911,877,773,1323,1258,12.531925790785115,31.304226208978502,0,1,0,0,0,BENIGN
209833.3707160994,93.53944896677987,37.595990964066374,264,370,678,1365,221,125,80.63240734885292,10.38629267009461,1,1,1,1,0,BENIGN
29832.73700614889,75.14233175313026,64.00487969300563,381,374,1183,1361,1011,689,71.48480745267403,55.98958107965798,1,0,1,0,1,BENIGN
107876.27390439145,94.13343927869016,49.47943549418734,1236,51,13,923,759,476,12.94861955670622,24.483233812820927,0,0,1,0,1,BENIGN
169948.40726392213,67.66172335525064,84.91322479885106,332,40,1003,1065,1432,684,21.97531188607863,14.83947577576188,0,0,0,0,1,BENIGN
81013.2360686508,36.3403931999427,87.47019843267121,1033,815,704,73,688,371,74.73430084435303,22.66666945167335,0,0,0,0,0,BENIGN
75427.94101939461,93.81811725247225,17.056037800651847,1381,90,154,808,117,1143,27.46163978346141,25.10931570640299,1,1,1,0,0,BENIGN
27687.704543790314,27.556677630917846,13.623365154572564,202,38,100,830,173,541,98.15420751573521,50.408345611948604,1,0,1,0,1,FTP-Patator
9772.614047494073,33.21725220617326,63.04009260359995,57,1036,571,1045,1242,559,54.05700666209088,38.59230365555623,0,0,1,1,0,Bot
227512.32251945228,70.08084180017403,30.12257480622794,1246,899,1066,219,1399,178,19.200797041008823,7.54902810219601,1,0,0,1,1,BENIGN
230677.44276484268,76.53162995253862,1.857071876509886,1392,620,1216,78,318,1117,85.88084545127332,53.60285828958611,0,0,0,1,0,BENIGN
100266.99194828847,92.94034838491538,88.86426693629551,1441,103,1334,234,1111,566,31.947554589723516,78.77474515887647,1,1,1,0,0,BENIGN
41404.65098113239,20.48024090562095,22.690076724380827,546,742,620,156,1101,747,28.880735506437784,57.42351608939953,1,1,0,0,1,BENIGN
42956.76158116439,79.7998035219224,92.92806516858091,870,42,1014,326,440,950,32.744123345149845,97.45402522517708,0,0,0,1,0,Bot
129446.5429727118,73.85460533969635,71.74344508782536,102,208,464,1137,1224,301,76.81972482230377,9.91502081444714,0,1,0,0,0,BENIGN
227409.73491072524,6.379455625359787,76.26534899114843,1184,599,1186,641,414,1441,17.321294971594813,821.1523367581094,1,0,0,1,0,DoS Hulk
218113.25693966134,38.722314121020695,20.14614957931604,1223,604,350,620,1027,585,38.1785780260938,50.56926698973331,1,0,1,1,1,BENIGN
151356.21919309034,28.27654570600986,23.419442561681294,1183,475,233,984,949,1475,3.0832772784410434,52.15951775452281,0,0,0,1,0,BENIGN
102731.0693567705,30.44904243540304,52.12677538240658,864,108,402,1298,82,1440,82.66266173496078,51.90999346495484,1,1,1,0,1,BENIGN
8789.172619608406,98.29468795547008,17.209985264986216,1159,213,350,1404,988,1145,34.07187663070053,325.3188279076385,0,0,1,1,0,DoS Hulk
17629.42146834115,64.27774134799279,30.543169268303227,397,408,1190,1043,492,56,24.817291980837442,32.45550142402524,0,1,1,0,1,BENIGN
228823.05001775056,71.76761577934995,32.14624779478045,391,770,1171,1232,5,1023,57.98932423754992,63.184450664247585,1,1,0,1,0,Web Attack - Brute Force
93249.39469655896,97.66176373150091,15.96299332527641,105,632,27,605,704,1162,70.49918837513754,4.476508538311641,0,1,0,0,0,Bot
923.960561099441,37.72017824576387,20.518283339516074,1077,76,258,863,346,1222,81.28960371829432,58.87860453018035,0,1,1,0,0,BENIGN
10699.690143594933,80.1840168452806,78.85518420082566,1300,94,619,748,533,720,34.77849454990679,724.5907182109154,0,0,1,1,1,DoS Hulk
108916.2387290241,43.45309633044954,16.719585454726836,110,268,1465,1183,656,1384,81.23008501490696,35.6326293475418,0,1,1,0,0,BENIGN
507.44370517970026,86.95336718149798,2.8457391843922486,223,360,875,914,954,409,46.48810003714582,21.73569394596333,0,0,1,0,1,Bot
17531.581610419904,18.06575413113032,62.93549426289384,74,529,1234,898,450,645,10.114226754522493,21.338691272290443,0,0,0,1,1,BENIGN
79569.78461389316,94.76861770642796,97.598311939245,505,682,542,997,1168,1266,84.63074827157793,8.1839653344566,1,1,0,1,1,BENIGN
117731.52866548127,21.877170841087967,33.12138146231214,1037,161,1468,859,1025,1113,54.763478210461436,8.97193192064083,0,0,0,1,0,Bot
105544.14821352487,32.622050698093155,11.86557031962523,769,464,452,572,1311,61,60.24695719473855,16.66878681945927,0,0,0,0,0,BENIGN
25394.986730802448,75.61922341067805,57.03873253675308,481,822,696,37,917,1235,93.74912696947354,1.9172905053087108,0,1,1,1,0,BENIGN
124541.72888985388,39.37551415654067,90.63542110956462,1212,547,403,117,1248,247,55.91514849392553,266.23540752418427,1,1,0,0,0,DoS Hulk
27082.37590528059,60.82113767664467,78.40617798284788,363,1210,1018,389,953,496,0.5583530677989001,30.64018292479601,0,1,1,1,1,BENIGN
39363.49089180845,44.45735010694285,62.2515868412716,238,51,1089,679,1460,55,87.06158410031026,99.52212533561308,1,1,0,1,1,BENIGN
137235.75516657907,74.23699370897819,31.50564966075994,1424,487,1428,376,213,458,28.475108032345997,99.16877376561254,0,0,0,1,0,BENIGN
104877.3814302768,22.833125236861086,54.18801732762199,845,1419,882,848,899,918,50.17669207840038,18.704884683708478,0,0,1,1,1,BENIGN
189195.6077463401,5.8457987236877,9.124484130425536,984,91,574,375,1189,1312,20.488660256142023,21.303215809692443,1,1,1,0,1,BENIGN
107181.32881697624,29.992939747306625,67.894542428067,1327,650,1458,594,372,1493,29.698356845497344,49.19063705604325,0,1,1,0,1,Bot
84004.43055872574,47.43086648684303,72.50960188976508,1114,356,1251,746,652,1412,68.66488480670338,14.878433373771017,0,0,0,0,0,BENIGN
9835.706144841048,16.80200521926786,96.50316229099188,391,718,1499,1065,506,1444,42.957335103791394,50.40394081581917,1,0,1,1,1,BENIGN
45841.630720702,35.47972896563887,26.039735874507166,1207,1167,1491,1493,982,556,62.71306305813871,39.93897048050743,0,1,1,0,0,BENIGN
30816.014785883115,39.998301829356855,1.8456419043022643,1040,198,1124,457,575,963,82.3575691312951,32.46228910498724,0,1,0,0,0,BENIGN
27970.020366242126,5.739184368827354,54.56084644271506,964,814,422,1153,332,1104,34.082202218634514,82.26051708097752,0,1,1,0,0,BENIGN
361230.9406162926,58.33072481842046,70.67905043968145,11,1346,1379,1051,211,443,56.8340038326041,82.81176999930577,0,1,1,0,1,BENIGN
49938.74970400238,88.43434279712875,79.0407475882988,1189,1355,1162,740,288,791,77.75878933731363,98.78894669837265,1,1,0,0,1,PortScan
222605.52112485227,15.174291295305242,19.37389330248106,145,1287,1154,628,609,1310,71.51231927693746,22.308811408158224,0,1,1,1,0,BENIGN
99733.43857364831,59.7808013401514,26.175286903702364,1305,216,548,325,165,1307,53.98434359818509,88.82774971437462,0,1,1,0,1,BENIGN
158382.52526884,66.47392049108463,51.25909252672963,168,555,467,618,125,490,38.33835107273551,537.845929673931,0,0,1,0,0,DoS Hulk
69843.53243887704,41.93346804192883,33.060080997000185,846,1457,110,324,1180,1411,40.75019812330175,59.1459431332352,1,0,1,1,0,BENIGN
86015.5902641585,70.109758736427,86.05114865874451,169,802,152,1183,1055,594,43.31352119962656,89.62932143325263,1,0,0,0,0,BENIGN
67829.34333416935,41.0731543491012,47.37601537387203,764,1483,916,515,273,407,34.88455289461518,94.263079637832,0,0,1,1,0,FTP-Patator
21721.48953252385,50.46372879774349,79.9578644102003,1369,700,761,745,1324,326,69.9075634889698,72.68112577006373,0,0,1,0,1,BENIGN
128176.18030658038,0.735304455442698,58.06197604823537,498,502,1265,1277,1044,941,12.54152522718297,34.78424319351239,1,0,0,0,0,BENIGN
32957.736836626296,69.17201141346888,77.3090141617112,1483,468,719,247,614,948,96.74541207172767,489.66798966850536,0,1,0,0,0,DoS Hulk
2461.6481080688613,66.13426789447244,33.267298653032384,1320,365,879,1376,275,1199,77.89855019715401,61.50538640541099,0,1,0,1,1,DDoS
103696.87862952739,3.8400877326344562,83.14166219303112,1165,1262,681,397,1030,382,29.816305216677385,82.8640038986097,0,1,1,0,1,PortScan
19493.35702248227,36.82501073951331,27.457231555102158,896,623,768,581,1015,1013,4.254756927063563,65.79477053775554,0,1,0,1,1,BENIGN
282108.3147273303,97.90318407916673,54.60988080032908,1076,919,278,202,1478,1281,71.13031723789261,36.544761668762305,1,1,1,1,0,BENIGN
307756.24127880234,42.07365625686168,21.400711317387422,117,560,362,1325,1153,346,73.43590449698331,41.78804513602944,1,1,0,0,0,PortScan
246350.98846338416,50.19454051318417,47.55265216261934,364,822,1431,1171,1322,271,96.36226105275766,5.043770203927478,1,1,1,0,0,PortScan
46228.73964973667,90.99301581597186,31.817520950870314,135,966,1198,220,96,1284,25.3705557575165,92.42678604371359,1,0,1,0,1,BENIGN
1557.7315371944383,71.72618758657563,26.670343063721425,1437,662,600,866,276,395,8.27250902042238,88.11901332949324,0,0,0,1,0,DoS Hulk
263552.34573318897,58.20701311242236,96.69850180280375,1100,750,1158,262,1308,153,91.51347577184326,57.99307906855448,0,0,0,0,1,BENIGN
55893.82770530613,79.78046813410725,16.00741054867306,556,1419,293,295,799,1090,25.86490346127752,87.16518812388217,1,0,0,1,1,BENIGN
340084.2016122056,86.43662664559733,78.73258374573953,17,1418,870,1338,1196,840,72.15314473238818,42.086524951500714,1,0,0,1,0,FTP-Patator
331373.5476130205,45.68880717372669,98.4164959483215,402,1098,1442,1019,331,347,6.065963782767792,80.01254875113715,0,0,1,0,0,FTP-Patator
191738.7017179419,47.51083649318354,1.990148374007783,204,1121,1229,291,204,1086,76.0584804976167,80.3816079636295,0,1,0,1,1,PortScan
34877.60681721603,38.60509356518358,69.90274140420951,498,382,1341,683,102,355,12.70258971371404,5.984603858624693,0,0,1,1,1,BENIGN
48629.19320986936,96.67061400184606,25.291180555628713,323,1393,72,875,1003,1304,69.55863480416035,41.21437257307217,0,1,1,0,1,BENIGN
190472.66524780798,69.71662542903503,4.0487824328304445,594,1308,258,1054,954,1064,53.234304785340484,69.10254866870436,0,1,0,0,0,BENIGN
38114.62314307171,8.322306620807229,40.28895789566308,561,1279,1381,1067,359,366,95.54881304672604,42.23535090688829,1,1,1,1,1,PortScan
18571.86162957548,86.29596233130185,93.5217810170875,1304,308,1171,554,1154,1014,3.691764307734302,54.51672481793561,0,0,0,0,1,BENIGN
81373.69920602278,48.05599408362681,1.1765094366997686,1189,175,1248,1157,38,276,29.204874580005814,59.44579046066401,0,1,0,1,0,PortScan
275129.3470807042,6.875390642248746,58.788569192978166,1266,227,1128,348,306,220,6.95089173342438,151.2293767312425,1,0,0,1,1,DoS Hulk
119082.55977579372,54.971725516331105,50.13964785953243,478,346,355,218,883,60,87.9197635239719,411.98120614852985,0,0,0,1,0,DoS Hulk
84411.23364356556,41.716427897570206,87.33841643710475,163,1365,1284,1022,519,1126,59.39011536611078,2.8463221683565854,0,0,1,1,1,FTP-Patator
10222.819734932289,87.7749404862625,8.400171452062565,323,1262,570,449,877,1208,53.4969612357899,14.962608319534443,0,0,0,1,1,Bot
95453.07155177178,20.399460360938736,68.15260298866504,550,1020,572,503,45,1170,13.145789211630976,51.22540633764986,1,1,1,0,0,PortScan
461056.97478463175,82.6464609492183,68.01096984332773,830,349,816,85,193,74,48.90322573130509,57.35859979388103,0,0,1,0,0,BENIGN
15092.058664226415,55.768869118545275,66.90800168622832,639,454,1093,1274,1192,472,39.87036551758154,14.623440659166231,0,0,0,1,1,FTP-Patator
73049.53249815037,5.461030321346905,94.2334494935037,633,440,1470,1288,1145,1024,31.575186813902324,75.56192702124204,0,0,0,0,0,BENIGN
209860.86379007946,97.18453013254846,82.30875290068805,758,760,446,522,248,415,77.21889554985944,37.29878878709927,0,0,1,0,0,BENIGN
135003.424835367,51.26152441031999,4.197272624350601,207,514,782,1103,1012,1492,6.127603983344477,92.0649928827672,1,0,1,0,1,DDoS
119407.4425301673,29.08768542315825,47.108285070451316,314,1104,1280,460,206,1388,64.66857273622017,38.76627233054065,0,0,0,0,1,BENIGN
121228.755622449,46.94068419892581,39.79530562013335,303,1384,908,1013,114,16,82.29930312022118,149.81097643260455,0,1,1,1,1,DoS Hulk
44549.23423149491,85.7857783517489,31.014722109080207,900,287,943,629,238,1462,90.73072828603243,75.79704586807577,0,0,0,1,0,BENIGN
34756.20842670952,30.49031243850635,45.13367251540973,238,7,895,251,565,1082,74.59165947554102,567.8008004393289,0,0,1,0,0,DoS Hulk
165737.45072597123,19.26763964867003,38.41941849259774,803,86,929,17,1099,1138,28.245567885821554,38.66881682441557,1,0,1,1,1,SSH-Patator
166132.8199087029,12.907124693088146,43.23338998786653,1247,997,636,1279,1192,202,60.05074605237034,35.59571634322616,1,1,1,1,0,DDoS
201795.00473679148,29.785939839021125,97.92618656086425,1111,285,925,1268,1071,1217,14.140361091435526,15.076897355727104,0,1,0,1,1,BENIGN
244461.59618366364,78.00480870400435,8.863297474958076,1452,1422,530,1176,735,471,11.7060623744776,34.08346274660114,0,1,1,1,0,BENIGN
71609.32369329037,47.16263651952617,92.22308698387297,1243,73,118,499,1093,1129,63.86241421385146,2.9344140978335043,1,1,0,1,1,SSH-Patator
69618.43775511993,22.748160369353997,48.02367134710267,274,1462,65,457,507,878,85.11076545842027,50.24019140757711,1,0,1,0,0,BENIGN
160094.99323084875,16.61849996097492,62.374224549954114,953,1146,244,114,154,964,6.724812569961891,89.6723741813736,0,0,1,1,0,BENIGN
104971.90748878002,33.27294765103791,83.01829666176938,1089,1400,56,752,460,817,10.600373213329872,795.330796215327,1,0,1,1,1,DoS Hulk
121055.06485115169,93.99243728857088,36.046302914925555,1446,805,1067,768,1396,1149,56.5607307429357,2.852119720421431,0,1,0,1,0,BENIGN
158861.9474954205,34.30267125900244,43.04219080879669,254,1166,523,446,790,413,21.82118610193402,88.12603262682325,1,0,0,0,0,BENIGN
220732.3476346767,98.81240759546354,40.95184802787139,124,157,423,352,1225,500,61.18181227776478,452.32482888255333,0,0,0,0,1,DoS Hulk
41248.24071376542,48.523045576535615,37.47310225357599,1169,429,394,624,653,120,21.454382525533987,19.08914654154944,1,1,0,1,1,BENIGN
47093.678872755634,17.916391829015087,92.5529321646895,614,1471,449,540,316,606,11.648197430605943,75.24119552153874,0,0,1,1,1,BENIGN
9869.603918736057,89.11400917935094,82.8929891193012,384,1433,1280,321,450,1231,54.557498216482735,322.87355017704635,0,1,1,0,0,DoS Hulk
86341.40266094347,46.03553731348269,10.89999898629761,446,1394,953,1482,576,349,86.21951380326188,25.331842313685282,1,0,1,1,0,Bot
3660.4104210857,70.96713435045244,10.812335247709603,386,1132,1384,225,1119,819,68.51219721505299,161.31840678154762,1,1,1,0,0,DoS Hulk
62660.69481821096,98.37115832091517,42.78695148529912,382,845,762,360,495,1216,81.87251375359646,48.66219069002228,1,0,1,1,1,BENIGN
78229.4585687126,5.0175350319974,9.865737673280906,1300,35,1403,833,361,653,26.633517439004827,93.39399954944527,0,1,0,1,1,DoS Hulk
33763.06603145225,9.669455978756714,61.909309527111965,1405,1113,442,111,456,783,88.59786512970257,785.6131291137865,1,1,0,1,1,DoS Hulk
89363.25301461753,72.04567414627562,14.36916072617339,123,1020,966,211,1201,1416,37.70391745762707,47.0674576666411,1,1,0,1,0,PortScan
3097.5062101474546,28.1825003295472,52.2373263966801,1290,973,891,1256,128,496,85.24476678569935,44.69764168189202,0,1,1,0,1,BENIGN
3806.3499282789385,18.430139695009906,0.7219947003717753,1134,1438,533,947,1062,391,47.11755901487261,0.18539564815209797,0,1,1,1,0,BENIGN
172935.1369538136,3.9361879819729495,31.659634841264673,1404,1017,1497,158,1481,1132,26.78576473604962,817.8638603085614,1,0,0,0,0,DoS Hulk
44658.50242077447,2.1846711986201806,67.71907236726554,1181,1319,156,571,811,928,26.02588310267929,49.28370590382537,0,0,1,0,0,BENIGN
13588.9041297428,77.4485603119791,48.40389402278484,727,712,88,1347,872,469,56.76678843646529,43.98945198013479,1,0,0,0,1,BENIGN
73865.35882790157,13.443342736955,97.82694859989881,895,1069,201,1116,349,349,7.901027020684581,76.13848852843905,0,1,1,0,0,BENIGN
146964.79404457353,46.77206159711509,87.41037960662108,1141,487,979,1271,644,774,93.00561945885086,6.289854910076087,0,1,0,0,0,BENIGN
24311.800342990337,60.5896815179483,35.90707790431512,327,618,461,669,451,148,27.146349569853566,36.66804560952037,1,0,0,1,1,BENIGN
97521.96186564928,42.835180056884624,4.5486541472274595,693,169,708,1164,1403,255,33.56248178458553,57.57339575537564,1,1,0,0,1,Bot
8921.10289898973,2.7106652336233106,84.56263001150188,1091,145,453,910,108,1412,23.330155374123272,460.57756273918767,0,0,1,0,1,DoS Hulk
5306.50959103094,78.35015025879089,91.12343103146713,1457,867,1493,1022,1231,1222,0.300796056072139,18.16388898779744,1,0,0,1,1,BENIGN
75790.89406255209,1.0513224541653488,82.06273934190368,358,419,379,403,576,1466,69.25502368087977,29.927650768031178,1,1,0,0,0,Bot
77791.04426947422,76.1889894377484,12.794994091976486,1002,572,400,403,240,1209,59.05529010342235,30.0200557647633,1,0,0,0,0,BENIGN
101453.7448204616,89.33044937881228,99.79151344122877,796,1026,1102,600,590,343,80.96445401971157,99.1970802765227,1,1,1,1,1,BENIGN
129496.05629166843,43.28399210571723,25.85842215527738,442,1286,550,1437,1111,676,4.101077345098048,32.61971188066488,1,1,0,0,0,BENIGN
372355.7008699993,53.554247309779825,72.42049128083701,163,798,935,1463,1422,107,92.86556447333203,20.5182062542299,1,1,1,0,1,BENIGN
72629.11192303563,47.698339261765376,90.80348763357216,972,320,1012,1256,1285,594,33.088694006036555,82.26371531041464,0,0,0,1,0,BENIGN
39001.97141059788,38.920861862343884,23.568711433070945,360,245,1409,192,577,1103,91.30698625057939,42.117125500360864,1,0,1,0,1,DDoS
158565.39797326864,88.74245353703603,90.8258554677066,584,476,977,1122,324,1276,10.713148206753953,443.86369448705074,1,1,1,0,1,DoS Hulk
31585.14654361373,89.39335106699905,30.948157919486697,1142,1282,660,1136,370,24,74.39205814696412,54.88890634957373,1,0,0,1,0,BENIGN
57798.34312733013,33.581636464153455,97.64132223840562,852,1116,1366,1304,104,282,57.93582314323265,59.56891972625116,1,1,0,1,0,BENIGN
8170.51685836699,61.5069754014698,28.12600203804746,1010,782,902,999,97,886,35.8191215252584,59.05556004103395,0,0,1,0,0,BENIGN
2567.760954147438,92.69075621458641,95.34358247578352,1218,532,444,522,95,937,7.9142395933019305,3.449972241104393,0,1,1,1,0,SSH-Patator
328737.9923268602,96.20584989413516,5.3544650892674905,1023,1362,51,349,1495,619,60.47365098467405,81.88424328979528,1,1,1,0,1,BENIGN
180776.76421150626,50.895904042204755,70.9272011669813,240,1283,1274,315,45,237,2.6439883073913095,194.85281907483798,1,0,0,0,0,DoS Hulk
119064.27327993416,45.28248052843268,53.21111338370037,665,236,328,942,889,937,50.12820991460075,29.23421277838608,0,0,0,1,0,BENIGN
52585.96444651419,27.869431592852578,47.78770771227306,564,1164,1373,912,30,315,60.420857579365496,17.34295200206755,1,1,1,0,1,BENIGN
19030.653614210874,95.887187319041,22.349431425583997,1165,974,769,651,407,839,73.2523747287522,76.70766575358778,1,0,0,1,0,FTP-Patator
17012.074157285413,14.281430447286736,70.5595789776492,831,678,1482,634,1398,462,99.1334634224846,58.36579926254195,0,1,0,1,1,BENIGN
28800.59891265836,57.9829576047725,19.08094914463071,975,578,497,1010,1405,591,26.00937135077649,755.2961527520513,1,0,0,1,0,DoS Hulk
79679.06483133146,28.255026751863888,55.284179598476825,30,1373,124,1459,715,839,32.238982137347506,65.33984054293003,1,0,1,1,0,DDoS
125384.92877767757,27.90082903477966,25.32453630402508,222,129,203,592,643,995,34.1145346808992,10.415863441940187,0,1,0,1,1,PortScan
107939.03496967985,40.496858737618844,95.56213797813561,265,10,767,443,697,1405,73.1582711858835,30.14997758510053,1,0,0,0,1,DDoS
32841.22613889959,99.87929358156545,2.8631193835652824,1305,256,642,620,972,1488,93.18192682561138,50.72651595901213,1,1,1,0,1,PortScan
309810.34985563066,5.4966306839822066,19.972828011123656,787,815,1044,1231,700,149,97.43237495815588,30.494503143136363,0,0,1,0,1,BENIGN
133901.74048752265,57.85418182035315,24.231060638744772,380,368,589,755,875,351,94.58113665581291,20.730390440611647,0,0,1,1,0,Bot
80823.04819313313,8.257215803527718,41.406782576781644,555,943,361,1299,905,441,87.93830077152434,86.98119690665997,0,0,0,1,0,FTP-Patator
94603.04720374351,15.452082999051896,23.273024187005355,61,1417,360,496,808,394,99.0977373820631,74.77836752153759,1,0,0,1,0,BENIGN
54403.78655320514,43.95629417728987,49.134909026878525,712,1442,1139,772,1332,1388,37.59457268344969,34.52200605541766,0,1,0,1,0,BENIGN
28466.12922740635,51.04601313464413,87.2465523258539,846,881,54,1320,598,5,94.83213199987064,76.50123626288985,1,0,1,1,1,BENIGN
44001.41293231124,25.8792408364524,71.20634214091707,520,18,291,373,966,533,76.10199623959116,62.753861844522795,1,0,1,0,1,BENIGN
141818.1847756713,31.645713087441617,57.99619805351111,1094,109,1074,183,632,219,16.845985952797825,0.37857336323967594,0,1,0,1,1,BENIGN
1449.8079720804276,8.696702025593305,8.900317798267965,601,1460,841,31,134,870,4.546518787720233,38.0262026011635,1,0,0,1,1,BENIGN
12338.039223997604,30.32197838442505,69.39921083892756,139,504,784,282,327,11,21.448395787032226,29.04874991943305,1,1,0,1,0,DDoS
4709.437695252052,96.6558439380544,16.641428431093985,1339,1057,253,835,198,794,77.87511242876262,21.790862170589687,0,0,1,0,0,BENIGN
4158.1451917292425,94.47073816724817,78.63673859616979,1363,1311,491,872,682,1408,63.16968812258842,25.15893940708449,0,0,1,0,1,Bot
193420.30336156586,33.4878290136985,25.00567585101532,589,1002,984,1455,1283,703,22.43562573466852,94.23648465755225,1,1,0,0,0,PortScan
121624.06117006883,57.08539362787616,41.70487283209009,527,254,572,685,123,457,74.19214544713593,48.631706799153726,1,1,1,1,1,BENIGN
64278.45944128924,90.95953911109443,35.04702023179279,540,637,858,461,753,224,14.1322239438203,84.77087182241195,1,0,1,1,0,BENIGN
10295.691844781326,0.6183822640896675,85.88139146748568,1439,133,992,870,381,335,82.18413938586944,21.421715215298253,1,1,0,1,1,BENIGN
67651.79657972332,81.06835703375918,12.654445871340814,1490,498,960,983,570,166,79.4160975970732,17.440379964594833,0,0,0,0,0,FTP-Patator
64145.03320943712,94.83695527889189,56.56448823847886,374,396,224,367,1132,1339,97.25759707060485,88.87895883139097,1,0,0,1,0,DDoS
19019.4712800225,9.132573433355706,14.206160944306223,290,646,1492,657,1064,1139,15.027956462931813,49.57046857824678,1,1,0,1,0,PortScan
56889.91313023238,16.144768603292103,70.47958361321867,42,684,102,1275,1468,497,90.66129944146003,89.51521253124129,1,1,0,0,1,PortScan
50833.66145832069,96.07463027713554,90.50781277944812,1076,1236,969,165,797,147,34.11026637218385,6.302885287127491,0,1,0,0,1,BENIGN
95672.24329131345,53.75401436403463,43.46076538672534,1255,1373,1071,999,890,35,41.60598647953117,91.64355221763077,0,0,0,0,1,BENIGN
100811.4536040912,1.4196634471723701,48.80922602649759,1235,18,736,601,1169,1430,46.844506288676946,41.5445316342223,0,1,0,0,0,BENIGN
4636.232402053473,25.763199876352914,92.74228364827623,7,1010,1365,1394,175,1408,62.69040532025558,15.537048742184778,1,1,1,0,0,BENIGN
46938.40046550615,44.99436742688596,52.09913886493571,482,118,232,1126,1302,989,99.47633701180428,68.33826894351941,1,1,0,0,0,BENIGN
98312.49947827285,69.29089110247676,48.75984380495609,41,301,227,593,379,1434,59.99588030552332,79.69026832942569,1,1,1,0,0,PortScan
69943.94526077897,73.31603781367996,57.83291027043042,332,1308,1006,125,164,307,92.67158650404073,4.737472758140038,1,1,0,0,0,BENIGN
194134.94531754387,99.54215129254561,68.9229736362952,1256,226,521,37,763,641,25.5028202084723,98.71959744186861,1,1,1,1,0,BENIGN
107497.47640549978,28.7511199383759,10.688337508703139,1093,1235,12,347,614,239,39.841166181514964,69.70268873161804,1,1,0,0,0,PortScan
17785.286876730734,53.82201018684752,82.1110527741516,1039,355,444,1236,1384,916,50.44995294385808,321.4019916578443,1,1,1,1,1,DoS Hulk
7318.2436256240835,53.332354785960504,43.55050274532593,68,700,339,1342,172,904,32.29019897866707,15.129379569539058,1,0,0,0,1,BENIGN
102839.4147108891,40.56452594472375,7.234850989748553,52,486,1347,736,762,1390,97.686710296433,39.25314146782147,0,1,0,1,1,Web Attack - Brute Force
2686.907266739443,16.91618938424202,78.61826691982131,684,1344,597,733,1200,855,72.56835538972271,22.056566055862582,0,1,1,1,1,BENIGN
88134.73778072906,97.74565631838425,37.69499716862721,993,222,156,425,1072,303,47.88813521825601,494.1532235980958,0,1,1,1,0,DoS Hulk
281725.5455387152,85.3317186666586,10.036749509505395,1402,1214,655,1270,1134,616,75.13047012097938,78.18927084903275,1,1,1,1,0,FTP-Patator
85678.24455775444,49.83330282942372,63.377903954325056,1486,994,1002,647,1233,1190,46.744249908265125,66.01303889505533,0,1,0,0,1,BENIGN
49130.069222390724,60.32454226840298,88.01313534336417,526,499,1454,285,618,553,1.7225327367926035,43.59349047817289,0,1,1,0,0,Bot
103082.71578449818,22.72610535596623,88.77535094139863,62,1260,1430,1254,664,765,54.31934078103361,11.894392458004955,0,1,1,1,0,PortScan
61295.597405109125,54.37870703917469,95.76634748089732,260,1045,1181,319,858,1324,62.51852187612016,95.71569223680069,1,0,0,1,0,BENIGN
78881.43605763202,69.49701331214759,86.7705459766688,1144,1350,1208,511,1178,897,98.12074187185617,270.37052545048664,1,0,0,0,1,DoS Hulk
283812.7146232999,51.51670283865888,0.2140919345475223,857,1150,797,224,1296,971,4.079284826061769,27.783454587501733,1,0,0,0,1,Bot
48792.752735018716,99.02851705849413,38.02411664133902,1263,364,490,505,555,1228,51.209695745513386,64.55022218385325,0,1,0,0,0,PortScan
324909.1861506754,61.13416562477262,81.85425799055031,1488,1067,834,1130,636,194,9.815475670836182,77.05096221471027,0,1,1,1,1,PortScan
235757.61837699192,37.09737125921691,36.62530059984742,1130,518,951,741,1478,1194,14.899590157096043,98.41527653173495,0,1,0,1,0,BENIGN
21789.626094045,77.21520276158381,60.15485063797061,179,1151,356,1354,1339,1425,61.04633389684761,96.91642606278063,0,1,0,0,0,BENIGN
7188.415530315702,17.046251158164203,60.6316947374532,1039,1153,716,1028,214,1062,23.15677122664973,91.37605242320807,1,1,1,0,1,BENIGN
10622.53354816302,38.451581370626656,36.502530403882304,354,528,361,467,1353,645,74.91741112950245,43.53135673833498,1,0,0,1,1,BENIGN
1838.9887847233704,34.69589503775858,90.44739272812876,933,1344,1247,937,143,251,51.419869259527275,16.66696597564481,0,0,1,0,0,FTP-Patator
9920.501165575413,43.180709510777724,50.32283453861176,1332,185,1227,764,618,1306,21.821288516573723,58.44712032866277,1,1,1,0,0,BENIGN
114887.48725771671,78.17798259287262,46.47842059375008,726,797,7,162,1007,206,49.379167760106505,1.7256505546768053,1,1,1,0,0,BENIGN
7384.962694642702,48.41730321634075,99.75137456618958,588,981,471,652,353,499,0.08817269081207169,19.62488389953935,0,0,1,1,0,BENIGN
38415.71882948685,79.40144502659628,49.35003640726167,604,347,171,900,280,1166,86.2740043657841,0.25293967947646046,0,0,0,1,1,BENIGN
186352.60400972771,57.64889031398659,17.839825192858104,180,921,95,807,1345,18,1.2678377055762802,18.05359125715388,1,1,0,0,1,BENIGN
2354.700318071151,34.206943465755536,51.306942286343805,173,920,673,81,1329,818,0.7009892492182535,47.47571233962561,1,0,1,1,1,BENIGN
168453.05061859585,80.99787436834724,81.401673551993,353,956,607,480,836,686,61.150394317964704,39.33243110934159,0,0,1,0,1,BENIGN
33108.34668396295,23.828967055309157,77.68603268982814,353,360,1329,515,389,19,97.35209257900829,36.92965649266392,1,0,0,1,0,Bot
12575.011982910764,22.43829797997955,78.8581765108471,1242,1310,1281,186,1087,447,85.59334843539787,83.09528639338625,0,1,1,0,0,BENIGN
119315.54084399134,50.45029240548358,70.80237839979118,1338,181,473,145,264,1249,25.201891258945164,67.4996304645678,1,0,0,1,1,Bot
99139.91764332203,26.084924596208893,25.42178290666882,433,1474,1323,1005,5,1124,19.66668111476857,93.64317628711059,0,1,0,1,0,BENIGN
209941.58140869468,0.9087034951216322,86.20840858402315,904,96,1488,151,912,738,62.61121806334554,44.53410906776725,1,1,1,1,1,BENIGN
132829.35787644004,64.82975272988016,89.3443465376265,281,562,613,1386,167,293,82.26377470220774,27.22296754759518,1,0,0,0,0,BENIGN
162699.58059939783,51.1093821472398,19.415269661854907,258,313,688,92,354,64,36.20786709000298,12.268453803335555,0,1,1,0,1,Web Attack - Brute Force
33133.38623067386,44.55178144931612,13.045563655139391,867,954,897,1054,172,498,43.23545903670759,67.2027395685146,0,1,1,1,1,PortScan
19533.3296040447,96.69685146183153,97.56049685891121,558,20,1351,539,849,75,11.548951367775118,84.1741088471657,1,1,0,0,0,BENIGN
138875.6396005425,57.11991839629137,86.83239636503679,4,804,109,648,118,900,15.282642125535917,183.7393642617563,1,1,1,0,1,DoS Hulk
164420.91832434197,86.34315777893845,89.32361472099467,595,575,709,601,1249,634,56.83515950260208,87.87527445125362,1,1,0,1,1,BENIGN
465700.48901402304,13.945023620516018,88.63763846243951,393,402,1152,48,173,1148,10.265614574843696,52.62762016953331,0,1,0,0,1,PortScan
53207.9354152605,56.92064631294277,54.168682403372834,335,1147,964,1281,958,26,20.2046124795901,14.40806321409519,0,0,0,1,0,Web Attack - Brute Force
46524.391196173274,86.7979626730903,64.64017366657997,62,612,870,540,128,1299,23.467702401188404,64.2863324901755,0,0,1,0,0,BENIGN
149795.4503343587,58.3105757279898,54.53628521336417,43,1142,1160,1433,186,679,44.392453321363035,520.0527415372135,0,0,0,1,1,DoS Hulk
41673.367093075314,71.80141781270015,5.1206349190329075,152,969,648,155,1086,82,4.561196412363621,2.8183547312732316,1,1,1,1,1,BENIGN
267013.79243993264,37.20435678122074,74.55030853527727,853,692,1187,774,892,485,49.97709716929386,39.92432047266242,0,0,0,1,1,Bot
195483.9157166249,9.244951703706661,50.53320333358803,1179,958,348,545,1297,1486,92.86744063940814,78.47879929429111,0,0,0,0,0,BENIGN
56035.56094421597,45.79002951270714,64.77090747902298,274,871,462,1463,597,5,2.446366111907261,55.54237534221072,1,1,1,1,1,BENIGN
138978.47164954612,39.44793908388575,50.263980497553526,1381,839,884,1260,209,968,63.09848652074653,28.204112626253053,1,1,1,1,0,BENIGN
140463.2986855017,86.70601823789474,49.181132232245595,425,102,1174,649,1008,367,83.58423651515423,92.86417633825496,1,0,0,1,1,BENIGN
10883.751880671802,24.399530235247223,17.178910947776682,482,332,245,1391,1216,470,31.246084254917715,23.777903804385993,0,1,1,1,0,PortScan
232844.5680867632,96.6734227535108,27.871371514114895,213,1482,1133,1000,749,1472,13.15185450192249,25.27360069326161,1,0,1,0,1,BENIGN
70370.74897567544,95.81381198044961,15.88526919439558,78,1153,797,1080,531,688,4.333978760926305,354.6393462802631,0,1,1,0,1,DoS Hulk
175133.255752333,24.76316430714387,19.566629562534242,138,752,1298,174,951,369,64.39030594358024,89.45378612561285,1,0,1,1,1,Bot
38573.54261645083,34.80519554773205,97.29773804203049,949,133,869,1237,1205,1363,55.223438022906834,50.762539542551636,0,0,1,0,1,BENIGN
225879.0514545926,89.55557408738851,15.311344577219844,97,1180,1090,26,559,277,22.92949883919976,68.21790592258289,1,1,1,0,0,BENIGN
49298.84540601712,96.66222208961075,26.927042430520764,663,424,1073,1142,227,339,83.1617307631748,97.62641725102806,0,1,0,0,1,Web Attack - Brute Force
1089.6806615175478,44.3439102836044,59.058965773858496,197,1458,815,146,565,814,73.55063521523434,783.2962968923644,0,1,1,0,1,DoS Hulk
235790.72969624537,32.099704564089784,61.017857623664185,784,1412,514,867,613,613,27.642878498678314,17.260011865109327,1,0,1,1,0,BENIGN
9572.561054847525,52.6094013251542,15.397412974382906,155,936,225,264,88,1103,75.33630228646338,78.83539290399766,0,1,1,1,0,BENIGN
38465.36333850389,68.77692063657348,79.37174257852124,1073,1341,577,1426,1167,792,24.499421350077256,74.83371492260189,0,1,0,0,1,Web Attack - Brute Force
299697.2383188286,27.34745153749798,78.5202867912825,478,504,505,257,814,602,67.52674618663609,23.261699447722563,0,1,1,1,0,BENIGN
300794.95401039894,73.64731746190728,23.731770420389108,227,870,154,1212,249,66,11.854504107387942,32.53498308876159,1,1,0,1,1,PortScan
85199.72910552638,5.165735711464103,28.866630267546046,1480,189,110,826,224,214,69.22394633332073,71.01282398630768,1,1,1,0,0,BENIGN
99923.00803905247,4.929449276441645,93.7987865459497,521,611,482,742,902,415,23.877441898226024,23.83930940678586,1,0,0,0,1,BENIGN
59501.46636228576,38.628770514554525,82.5671445979478,148,1434,807,709,970,1168,57.24693542417141,20.81868690026193,1,0,0,1,0,Bot
34702.2778746197,35.34731920607206,69.77970330625239,1081,51,273,1262,672,551,17.246386685188252,70.34727721303311,0,0,0,0,0,BENIGN
39848.63345503897,31.56332153671523,8.223322151060053,161,1469,154,1350,167,1309,72.59669475679523,88.05954928197636,1,0,0,1,1,BENIGN
111632.35799285062,49.101976266891,41.82640809025757,862,611,1190,1093,109,570,6.087957439305169,7.501668262212002,0,0,0,1,0,BENIGN
139583.78736630772,32.07335823115712,55.9301872076827,1130,1467,1042,1048,1196,539,16.54177868027188,445.9077352581128,1,1,1,0,0,DoS Hulk
156819.54162211486,19.225791846809194,18.741128798377694,1450,1405,344,1179,296,1070,18.41364798708365,60.71752203290078,0,0,1,0,1,BENIGN
155883.10318487417,30.946954908860093,44.82265821082245,394,373,734,218,242,1260,4.1343585853998555,67.6276785832068,1,1,1,0,0,BENIGN
9563.694654031944,97.4904272810235,60.102587748869,800,374,568,560,208,116,74.50125161602456,99.6195912374829,0,0,0,0,1,BENIGN
68204.9596573356,41.11134169948486,32.737668011539924,185,388,293,1402,1266,150,98.09525047399327,68.26919603167208,1,0,0,1,1,BENIGN
5928.17064487378,44.47127768583358,78.09448189504872,557,673,644,891,1277,1106,77.83977884116824,62.0154112997154,1,0,1,0,0,BENIGN
79746.1315695393,57.654498995114004,84.04495816388055,445,803,1485,1217,1105,1080,86.06319621223956,98.97341523090019,0,1,1,1,0,FTP-Patator
58255.527498728356,98.33407684142266,32.36094694340708,829,403,337,1063,1457,983,0.6007660338277154,6.06681403781838,1,0,1,0,1,BENIGN
218661.86642208011,24.160127643576303,83.86571544924571,1471,592,451,596,1498,1408,11.786996377459324,7.4436896153098235,0,1,1,0,1,BENIGN
43219.16194678851,68.12821105324338,10.357656610301502,86,1491,343,342,1027,1243,55.90203392948624,56.068252642408424,0,0,1,0,0,BENIGN
12450.597755245086,71.59846935417241,83.77290986226564,1272,731,716,502,1217,1308,97.78688847941675,35.866461434959085,1,1,1,0,1,BENIGN
15430.765454211936,60.73244167930659,15.275043166761659,1463,504,630,449,1079,1003,66.07129310482036,9.669751374705593,1,0,0,0,0,BENIGN
143343.05470790938,8.857833963664408,8.292715250972604,1280,82,764,335,260,433,37.413669373807764,30.64488960927906,0,1,1,0,0,BENIGN
96290.5679748035,67.68722758275764,64.17754044410113,1300,318,84,3,379,319,14.61493054814592,67.4354487407644,1,1,0,1,0,BENIGN
10660.871224538545,6.409471103617548,47.193736575529435,437,1090,736,758,95,241,15.283569438265076,880.6149636866302,0,0,1,1,0,DoS Hulk
8785.552166860509,59.61426495498969,90.78906004128328,515,413,659,516,1359,464,36.27532023167838,9.432447665655419,1,0,0,0,1,FTP-Patator
120720.84716530997,73.95811772217426,36.31891960908492,946,452,1412,1249,768,202,71.38101973440072,54.01450624841042,1,0,1,0,0,BENIGN
7554.608952579714,21.096989061995043,28.71522634376287,1225,745,226,1173,1352,548,3.1819291024910656,29.611556479642186,0,1,0,0,1,PortScan
172518.58538085813,84.1622007542774,50.07349061441984,755,197,1309,237,828,757,85.21775914616386,66.73261632938063,0,0,0,0,1,BENIGN
122499.9753130005,3.0353805533004263,45.59461857686613,796,258,1307,102,925,1468,94.15514356898058,54.94514944575069,1,1,0,1,0,BENIGN
8484.875058031206,84.3812863658306,34.44280462171883,1203,297,108,1198,1148,1158,88.88164605308312,92.67110060221793,1,0,0,1,0,BENIGN
8865.38677778067,46.032905064276505,69.37412986983286,685,1303,134,1009,619,857,91.3026909396893,3.7683886949888112,1,0,0,1,0,BENIGN
431545.8562058092,21.75879399316445,75.95618339139082,324,299,937,1484,259,785,1.533927941826374,47.003727494014136,1,0,0,1,0,BENIGN
46883.75825522896,13.3778144993968,85.29839690301367,622,128,290,1057,830,540,97.77923159498958,19.2759555350709,0,1,1,1,1,PortScan
46305.526047531246,95.33071675823726,97.28566047103429,686,497,821,517,549,486,36.63571148903488,53.678170866424566,0,1,0,0,0,BENIGN
167557.5403282677,7.266558758115671,26.665619213250448,1498,437,1052,439,699,571,86.92811183651747,85.35793440668431,1,1,1,0,1,BENIGN
294216.4537963244,19.909341993592566,71.60934824899616,399,1315,393,1308,708,839,18.680887069961415,911.3165277860585,0,1,0,1,1,DoS Hulk
426877.3939601984,34.7822347433046,39.425823549574524,867,206,26,224,1031,660,44.65257426622369,39.82316632172018,1,1,1,1,0,BENIGN
139989.92301163418,62.023484896112045,67.70819719511081,216,293,1490,564,562,404,4.416438862397665,81.17805232658257,1,1,1,0,0,BENIGN
47202.099961912565,54.480108527609836,47.59816903492203,808,28,12,1280,372,1456,4.0075996842827255,28.05080747255054,1,1,1,0,1,BENIGN
8719.399369795727,12.564349241231398,99.37731027679317,960,178,553,1082,221,656,94.32761007696382,0.630494631918066,0,1,1,0,1,BENIGN
150124.25404546256,28.972798373821462,72.890213579075,1476,40,932,245,530,1273,81.06066125290391,85.5239057522969,0,1,0,1,1,DDoS
81736.04075614929,23.875177108602408,95.24913004343244,1000,1493,444,1237,349,1103,52.98260444137933,11.941224240661462,0,0,0,0,1,BENIGN
55203.31253049737,21.354285449034137,83.49695494811857,1427,1215,223,927,30,948,52.54581735645378,1.7611123362948455,0,0,0,1,1,DDoS
236823.76754780905,41.1144336479987,90.29010111633711,931,343,1486,952,1381,14,74.87546184761862,35.37976633679486,1,0,0,1,0,BENIGN
11788.020797188025,70.40314525916568,81.4419197214675,239,815,20,818,21,974,34.166878157049005,37.93799896249575,1,1,0,1,1,BENIGN
67850.51093729543,21.745293221723593,45.91591303759114,1209,736,1410,215,1312,1063,76.18692758619521,7.72201707722725,0,1,1,1,1,BENIGN
1141.858943254167,36.66788797029814,25.17884533468844,47,625,1349,1426,753,1104,48.50083799932724,81.4182646484471,1,0,1,1,1,BENIGN
63235.43695829262,39.09174268411623,37.03201754505222,1409,277,466,282,213,306,63.791740291146496,40.559273020833345,0,0,0,1,0,BENIGN
5795.043106592578,97.64565294354102,2.0236232639950447,1231,1378,1248,572,711,704,96.48294501031478,48.99236137695944,0,0,1,1,1,BENIGN
12649.099593117122,95.46663568790689,52.39931674646672,1180,528,652,1238,1188,396,47.13155575202615,26.46252679528317,0,1,1,1,0,BENIGN
12502.623200745627,80.01375827520759,50.50578002704087,1248,85,1498,381,139,677,41.840465974645014,51.15067523465978,0,1,0,1,1,BENIGN
104756.83864069715,24.165892081918518,52.52504648304882,1167,316,617,1068,1393,969,90.57491739413585,76.67313906173337,1,1,0,1,0,DDoS
137059.77175964726,6.803731409166969,97.40312249720638,1442,692,779,171,964,864,90.2580494916344,90.61827155005169,1,1,0,0,0,BENIGN
87555.37772028685,31.690413772062477,91.14540034548394,1134,1360,457,1244,1343,1227,99.24187018831758,970.5296007351492,1,1,0,0,0,DoS Hulk
327472.0209102377,26.679454943383085,16.171277833010798,874,862,639,1408,408,210,55.08629993083092,42.6723924601364,0,0,0,0,1,DDoS
46979.657792026715,50.59258001463939,36.888252155588916,1488,1168,1236,1118,437,398,34.42615410266028,99.00338587684591,0,1,0,0,1,BENIGN
33646.91574205587,77.7727910067793,42.39561794632619,131,314,662,43,796,1396,24.03900631777036,29.495571172268132,1,1,1,0,0,BENIGN
202950.25381702295,85.8322938878858,36.053291785164774,624,224,960,227,12,1412,3.40963569516618,0.6975935285060131,1,1,0,0,0,BENIGN
25308.20677318534,84.48640854105085,79.8495963603913,600,1446,179,573,500,257,72.67286242108855,76.76170438976348,0,1,0,0,1,BENIGN
330287.0106251911,35.967556122306775,52.40376698675869,672,1077,537,316,1049,114,23.347617373544672,17.843564854119865,1,0,1,1,0,BENIGN
1222.8944358969309,68.72343434606829,57.209981697162505,333,67,526,730,533,333,60.66408852256573,5.245483812386286,0,1,0,1,0,BENIGN
350252.69228794816,31.283419752422002,85.30135589879255,1098,1357,21,1358,860,348,91.65923653643955,92.40089225976988,0,0,0,1,0,BENIGN
4411.899861850189,6.090554323518271,80.59281534153587,1435,1020,1368,600,75,232,95.02136073945267,79.18108304969869,1,0,1,1,0,BENIGN
221772.12291600087,70.15652656029422,13.22115228202997,35,1100,576,623,365,448,0.44101339803103157,10.26648015382563,1,0,0,1,0,BENIGN
75014.32503493903,0.9827552569787845,71.39145840836343,777,855,762,466,1115,1100,31.70750313763564,77.69101523843331,0,1,0,0,0,BENIGN
495682.8607926033,40.91825874584886,43.543612890203555,222,1178,921,296,840,827,83.73780294652269,84.39996974269962,1,0,0,0,0,BENIGN
7666.137595445493,32.937926930207574,29.464890306250048,529,1095,1044,544,886,607,53.644520535153525,905.301665182571,0,0,1,0,1,DoS Hulk
80710.96637333489,69.33775385188524,5.0018820902186345,240,1470,744,488,1289,97,80.75087334821528,543.6940674663599,1,1,0,0,0,DoS Hulk
348357.5221256005,76.62454727603789,48.724956034545094,133,1382,1431,1019,498,567,85.3323282837938,70.3412070528096,0,0,1,0,0,BENIGN
74044.3933181044,30.409463597128383,35.54366807245314,390,1300,1439,214,1193,461,44.26262199413228,76.2239278961011,0,1,0,0,0,PortScan
99262.82903811874,81.16270144448535,25.151303967640082,101,882,1295,1025,1369,499,35.898293802478555,68.86389351561068,0,0,1,0,1,BENIGN
118990.12381167742,29.391676050493377,69.46717295969576,680,1336,1228,660,1251,630,45.54332660505255,64.68336203055937,1,0,1,1,1,BENIGN
60612.77556769509,44.63263599865612,76.9485387315587,497,1128,1321,653,698,1061,65.27952026242663,54.755925277788364,1,1,0,0,0,BENIGN
98767.4173008022,72.7018527014134,24.47895190294248,510,970,671,801,679,1381,36.715915288681835,47.91954541955694,1,1,0,1,0,BENIGN
87782.58618057556,69.29202292247886,4.944743667934725,702,1118,1131,1230,202,1265,77.49882886977527,99.61250195648306,1,1,1,0,1,PortScan
231423.27694826474,98.73684723122,84.8752700565235,993,1242,636,340,445,1074,90.39927936850223,33.75607804221564,1,1,1,1,0,SSH-Patator
4651.146174348098,22.51610242159319,0.9959741204303318,948,1151,1023,703,517,1448,28.23112021587265,8.82687704445486,1,1,1,0,1,PortScan
32984.27258987584,66.23179135395823,93.7112493921472,1366,199,151,406,131,126,96.49896441742395,76.50369650036276,0,0,0,0,0,BENIGN
300399.60058609315,60.96819082757774,62.76198739827059,840,331,12,852,1268,1126,62.27252467253106,21.382437786949417,0,0,0,0,0,BENIGN
220967.5828453486,91.509845449003,32.18466352013203,5,546,714,305,90,476,87.8168771219741,53.26933596187057,1,1,1,0,1,BENIGN
60817.526195962004,15.636214164487505,24.64779095767362,957,1315,1102,1492,1149,1252,10.391643527210547,9.580151660057068,1,1,1,1,1,PortScan
96793.30287389773,75.1798163586933,0.9005664264475244,193,65,905,873,471,722,25.149913705623874,61.928386081679065,0,1,0,1,1,BENIGN
32487.341989513014,56.826861626876834,23.547141701087714,741,730,1192,494,1265,435,32.10190794325922,94.40074039032223,1,1,1,1,0,PortScan
20840.41614360645,27.46658697879054,13.77283015171411,1160,567,248,1284,501,1408,30.28221511745133,72.27047126069579,1,0,0,1,0,BENIGN
62305.85988040987,47.44349141471741,61.216622072314564,911,656,1144,577,760,84,17.186115659853186,21.45347782266135,1,1,1,1,0,PortScan
43595.35346167334,33.37765970697978,16.65455885938013,472,403,386,1387,386,1382,86.82009475248323,97.11380452888608,0,0,0,1,0,BENIGN
87624.3706006643,57.931340278846086,52.86298375366193,215,617,438,540,1030,785,41.861214128955005,307.0869310245482,1,1,1,0,0,DoS Hulk
8092.228443318479,88.90006108146659,59.01164223444708,1372,595,1295,767,1111,26,96.31302124667882,43.661498649135446,0,1,0,0,0,BENIGN
366496.01225225674,56.9304984412202,29.80416983469145,875,647,299,895,597,859,58.34723667901471,49.81170203728008,1,1,0,1,0,PortScan
428386.55755525385,63.17224183265841,3.5064949018718705,1206,145,720,454,907,71,13.839463564486309,99.07187433734728,0,0,1,1,1,DDoS
119786.38819127894,51.874784711470944,3.72538806141961,1191,760,472,1167,866,1118,54.59047098339571,6.8891400719183205,1,0,1,1,0,Bot
76807.84344120898,5.116550644547591,2.6347332193917605,37,1425,1181,1215,1168,587,99.35451477242422,69.67282944355699,1,0,1,1,1,BENIGN
37037.930155436,23.285855687609423,73.91246671365462,470,124,1006,1376,1474,1449,56.51716870992748,361.93087569273587,0,1,0,0,0,DoS Hulk
168090.71674879966,49.20017294320827,31.800970481429815,451,1355,632,298,1354,1029,0.1869345129562605,7.832531910243934,0,0,1,1,1,Web Attack - Brute Force
115432.95836488156,31.023528374470477,79.63001859676636,1165,479,1250,1483,1187,1113,93.30799035904191,93.50316576328565,0,0,0,0,1,BENIGN
17747.36541004884,18.176359776119423,43.17328238428492,1012,1001,420,426,656,1245,23.489440612818935,58.98583191430653,1,1,0,0,0,BENIGN
241830.10919991275,50.41328419184383,45.29981008299638,102,711,955,715,341,151,68.85290530689566,75.35180075887757,1,0,0,0,0,Bot
172899.45113672715,32.28097934478503,51.28826025095737,41,714,972,756,1024,1235,51.50801549554427,24.038543557127966,0,0,0,0,0,BENIGN
299173.8525033436,25.810764317341473,71.3031456375104,946,1421,23,30,1143,582,32.543375684088616,76.15409226294236,0,1,0,1,0,BENIGN
129360.40041961343,46.39854174403808,27.350286582970707,1170,814,537,331,463,1286,28.26395236763887,82.84754400232165,1,0,0,0,0,BENIGN
95040.40195913728,13.328425808217315,12.15873495335269,65,1053,776,1434,461,1405,92.87598625071047,43.08293972144763,0,0,0,1,1,BENIGN
54170.250659311336,92.77457330754073,55.60573351914615,942,55,637,51,1072,56,91.19258959198372,57.195647274796535,0,1,0,1,0,BENIGN
269901.83615471184,86.7702097919239,32.697762324273924,192,131,539,1407,818,425,51.313484005377916,97.18725349295546,1,0,1,1,0,BENIGN
201039.23800469202,70.76205857405353,44.24913136680374,1321,230,902,242,1350,141,25.84951955351392,846.7296417077589,0,0,1,0,1,DoS Hulk
4627.293865312278,10.621382758845622,64.69467083373054,1061,394,1151,774,473,567,10.234203217199777,44.48500610681643,1,1,1,1,0,FTP-Patator
2672.0816866511364,77.5877254469693,49.41257411412706,501,1175,1117,685,887,1038,15.65763828590856,66.45738587558458,0,1,1,1,1,PortScan
47234.77615832628,80.7957328109019,62.02788171008429,1451,981,420,1440,938,1031,52.22517257406045,78.4231476802513,0,0,1,1,1,DDoS
166364.77229960862,76.77646177143377,54.42000021136278,663,962,1295,1498,367,1254,30.782996057900913,2.432882057824848,0,0,0,0,0,BENIGN
436427.54682201677,11.396588711924116,73.97963719360992,351,932,483,1415,1310,1209,4.20681422599567,58.83659866252704,0,0,1,1,1,BENIGN
16300.950993447968,64.39079570677647,70.593661771162,325,1409,1028,1412,1047,1076,45.516738531110015,98.45286134127083,1,0,1,0,0,BENIGN
90172.41302157358,83.43247957493986,53.41898918086192,1061,907,156,572,722,136,74.61892924643136,947.1806498263313,0,0,0,1,1,DoS Hulk
47947.36997580961,57.73534012196677,67.89030208597069,1120,532,51,871,292,173,89.16951159599876,83.24403947624444,0,1,0,0,1,BENIGN
350370.85543759627,64.6407375228089,87.35596022726128,107,964,242,699,1472,859,58.528404568308936,10.621409313068531,0,1,1,0,1,BENIGN
184591.32074336347,45.83634794263062,43.22712877881686,630,447,773,1492,1086,218,72.3292123842446,99.40414525161518,0,0,1,1,0,BENIGN
182219.00464698573,52.87073198840526,41.276307274879365,150,125,419,1431,567,1286,36.407047086493236,60.95381531379493,0,0,1,0,0,BENIGN
63241.55711397735,3.4376858351725215,76.42456208523801,1097,554,424,518,1481,254,49.62381792169395,22.29082494294905,1,0,1,1,0,BENIGN
53583.4936327349,63.89630219732846,58.2553837041994,1080,693,79,1212,873,811,72.96268565100293,67.42686896143167,1,1,0,1,1,Bot
31938.889215006122,8.14472128911592,7.100678022258855,877,488,694,594,960,269,72.76582273722944,85.65235620796813,1,0,1,1,1,BENIGN
5802.696384483622,43.50145943402234,89.21120156910814,334,611,353,1374,1436,223,42.45262645695041,11.232776084763586,0,1,1,1,1,PortScan
200042.61400033103,29.265509766740784,3.0783102237640136,1275,890,292,282,588,882,54.366734155832276,91.64381432894247,1,0,0,1,0,BENIGN
167611.7439249923,54.54279502117131,74.8396356209743,803,445,716,1180,259,603,92.38553395509695,92.02042814189952,0,1,1,1,1,BENIGN
817244.5597818083,13.341633552320708,75.87941427043128,766,1493,1139,598,907,1157,63.199760494323364,1.3464406231317838,1,0,0,1,0,FTP-Patator
569487.3400744334,69.16434019733182,95.31110852819305,1277,1372,528,147,183,1186,64.25746256865897,90.03191216633942,1,1,0,0,1,BENIGN
81065.1592641394,79.50115369284704,5.4134408402320755,1408,507,479,69,1071,700,78.462029238536,94.68179182401563,0,0,0,1,1,BENIGN
146528.30902062607,16.33544497431565,59.685686078449095,1479,456,1311,1393,146,919,11.522289631597282,3.7691796980345194,1,1,0,1,1,BENIGN
289617.1682874436,10.431308735188216,42.784057062705294,258,985,476,233,591,72,52.28842916487275,29.416632350805074,0,0,0,0,1,BENIGN
189477.20147092457,14.551548278735915,33.0632954859542,781,384,24,678,1432,897,95.9431736270982,373.1075068161265,1,0,1,0,1,DoS Hulk
28415.244458114652,87.71275618985017,9.031856029907303,1488,711,430,635,1017,946,36.16603921760989,34.88904720663901,0,0,1,0,0,BENIGN
59882.68273998645,52.81892617563562,56.265411967130916,33,928,1301,466,439,542,29.4926146422091,759.0032372701892,0,0,0,0,1,DoS Hulk
13829.634431308865,46.72609960075026,47.90407256746136,325,1471,316,556,1481,630,60.12079656047577,35.810445922386705,0,1,1,0,1,BENIGN
308022.3786441709,10.671181910235427,10.455445815102426,836,1138,637,893,228,794,22.111942456530343,95.65788098947424,0,0,0,1,1,BENIGN
93184.77025886181,64.95560067569618,61.24895070970834,1261,451,357,835,1307,877,55.5945156523649,99.4992625304738,0,1,0,1,1,FTP-Patator
25960.37254184837,86.799959189509,73.79531202529385,690,653,1299,1310,731,1278,15.565201085764057,31.681887070624658,0,1,1,1,1,BENIGN
111382.95391732502,82.8185869323453,76.72783010536483,738,1142,689,617,1368,756,57.97934606979056,50.88007532065069,1,1,1,1,0,BENIGN
96267.04347430717,62.60547089808013,90.53731882624274,1489,1116,343,1317,946,617,60.23791836451775,55.77058403000075,0,0,1,0,0,BENIGN
44342.046229710606,7.527871665167362,40.94707418887772,743,520,1454,133,1287,197,41.840047901226285,57.94028299670617,1,0,1,0,0,FTP-Patator
12053.912139846927,11.239702717601297,95.3072768622137,1327,537,558,7,739,1450,38.27464254386885,37.42089941952996,1,1,1,1,1,FTP-Patator
111344.12835191021,4.930898710982468,86.5429405082686,846,1456,711,27,377,492,24.545827840044932,16.599350195882966,0,0,0,1,0,BENIGN
73461.04241860377,25.74792164924693,29.650157102393905,116,144,562,782,1126,81,33.09223078335943,5.456054173112768,0,1,1,1,1,BENIGN
147980.7080960515,13.566146716037775,15.928303734945848,1230,1091,438,1333,953,1331,49.834596719136336,10.634866564983215,1,1,1,1,1,PortScan
73430.9860423515,26.004804025243388,43.53893961280134,649,699,1485,540,599,373,24.765890102910106,90.12912375938413,1,1,1,0,1,BENIGN
191177.0111308484,38.50580557189617,40.18987079559666,402,130,1293,626,22,1482,78.28344633718626,28.037500662050707,0,1,1,0,0,PortScan
80275.41190214876,94.29827840711357,57.57193053312043,996,732,1454,1057,292,500,70.90352413257716,7.682298321104453,0,1,1,1,1,FTP-Patator
82311.45809801471,61.03760597816921,58.3386232327748,232,1304,1044,6,1290,356,26.930586714599546,62.35296995443529,1,0,1,0,0,BENIGN
209275.86432297717,83.49737856829623,74.99869843799752,928,512,142,39,475,1319,9.7435163101548,7.530715126128529,1,1,0,1,0,Bot
51664.7313988117,71.03515007123322,50.98899482056102,1307,639,867,1353,951,579,0.01800389839627936,7.005293966902427,1,0,0,0,1,BENIGN
14388.795539029894,11.250313052663174,10.482264094076555,479,0,352,908,450,299,59.67188523814889,62.15705058712216,0,1,0,0,1,FTP-Patator
2920.5021432094686,73.59204063739489,85.8291335553106,975,431,1488,61,897,645,21.136374645364885,59.13952441985306,0,0,0,0,1,BENIGN
140705.74526625857,27.509888155912442,30.976458318518706,8,390,1016,1109,284,1366,1.2582470101539123,4.147728694996012,1,1,0,0,1,BENIGN
96839.89670606796,63.91078469947063,97.1297460306592,714,1289,467,1139,1336,119,35.908527059202264,46.047783443694875,1,0,1,1,0,Bot
121766.53477978765,34.09619736429885,11.786010867977016,378,398,1487,1320,1185,185,96.19984623174334,43.57683079060346,0,0,0,1,0,BENIGN
23948.14934934435,99.76722632646592,95.82511722325032,380,807,876,378,589,583,68.99428076298173,54.6689129702555,1,1,1,1,1,PortScan
14661.255122827866,26.355147949677782,9.101180688251699,843,1279,1417,321,121,1181,85.7763702922458,73.78447104367875,0,1,0,1,0,DDoS
1465.1476265668782,27.913047077426967,23.103613794705947,359,394,918,732,1135,1251,14.473909826073006,282.8000475621941,0,1,0,0,1,DoS Hulk
43168.726151506926,93.06722555623983,4.657994208654159,175,951,1081,1418,1262,307,7.3288154619436385,43.27802835838103,0,1,1,1,0,BENIGN
89139.73756649446,2.464440463632267,70.5113146638995,484,173,1149,1380,1233,233,1.1529763509722457,792.7426843609649,1,0,1,1,0,DoS Hulk
49798.18675611507,69.66889878731969,85.02987365717918,1428,1068,840,838,1372,1034,95.56622900194871,92.25563904605687,0,0,0,1,0,BENIGN
57531.95628284312,72.53263907358782,43.40710818159804,32,854,877,418,510,174,30.020273535354846,89.1322973049878,0,0,0,1,0,BENIGN
234506.15229814415,83.63785774103994,92.85220750424297,1488,1164,1484,1359,1,772,45.9504942340858,477.63095209404173,0,1,0,0,0,DoS Hulk
42810.261442511175,97.44393106384753,59.029907175559956,695,538,51,19,891,642,39.45236236017745,52.08657970021019,1,1,1,1,1,FTP-Patator
72152.50280723211,97.56019191566524,63.00071354465232,156,744,1011,411,798,910,73.04569353928592,52.910544215215936,1,1,0,0,0,PortScan
153087.17377197018,6.527675756646389,84.54192017007699,564,720,813,548,628,1025,30.996488195274306,86.87155697074847,0,1,1,0,1,BENIGN
50508.01312991797,82.18393227529025,29.68002050518389,201,49,268,1282,460,760,53.545288261405155,83.99395069380007,0,1,1,0,0,DDoS
97309.04753530853,64.63099336573814,35.42657213276258,1198,1084,95,604,951,181,99.55822649554675,31.153252854534507,1,1,1,0,0,SSH-Patator
198314.06436843067,64.73421343730912,90.59519191946444,1267,242,272,356,971,941,44.40635513442363,16.284968942203527,0,1,1,0,1,BENIGN
298619.04153746675,12.83499266146948,90.09634960387638,1292,1292,1346,200,1264,349,55.12715406997556,37.897456149210164,1,1,1,1,1,BENIGN
15908.187931483597,65.01871664456533,97.64827762008709,922,1163,132,1434,981,638,50.25280623108378,28.840638324940116,1,1,1,0,0,BENIGN
261166.2763042079,98.24825806012478,90.18383164416711,1469,1180,927,1311,813,1405,80.31861581360322,95.07807248149095,1,0,0,0,1,BENIGN
67750.27809955306,91.1818569539447,12.73720360333609,73,596,88,1071,53,1320,26.6839654033575,26.591567943865158,1,0,1,0,1,BENIGN
29873.545435139575,43.91306608048505,82.37242861369873,95,275,684,764,1490,1220,17.043801614279698,18.120668172693556,0,1,0,1,0,BENIGN
61458.69673706975,3.994797328609434,40.9838478109594,172,1054,823,1393,108,1309,75.4093158264862,89.94790625592155,1,1,1,0,1,PortScan
391365.30975805916,36.229349000020484,99.08013559459378,1429,7,4,230,279,224,41.561818636865425,8.647860435607102,0,0,0,1,0,BENIGN
67849.12926673598,82.63903116005552,47.22809643288011,154,714,356,1118,1080,285,91.37260089766872,26.02660514264602,0,1,1,0,0,SSH-Patator
39861.60321004998,70.1499101465166,55.38360825022206,1206,32,1366,302,839,1354,64.41592857933976,43.91111940005884,1,0,1,1,1,BENIGN
100348.62739576596,45.93436555939564,52.97749152567985,1346,809,203,1241,836,1186,56.43431117117426,59.510737815968206,1,0,0,0,1,BENIGN
27462.846771560296,5.510153515883109,32.17370298582778,288,1475,470,386,1237,192,7.045705482587716,32.767289637330634,1,0,1,1,0,BENIGN
7889.530497623504,42.68947278233026,7.502208889291817,257,1472,463,714,1051,1168,73.0411905137798,49.6233996921005,1,0,0,1,1,FTP-Patator
13797.521971241586,46.90249397178835,89.56512304019185,173,927,496,924,203,670,68.60403655129582,19.883118643060648,1,1,1,1,0,BENIGN
13701.842406700713,92.85555328941359,80.26758125262869,329,861,701,1114,544,691,64.00719244871547,57.42741202254854,0,1,0,1,0,BENIGN
16475.990155667296,64.10861035821594,13.952678055966928,1254,36,836,57,308,537,26.790952357069052,40.78168082796595,1,1,0,0,1,PortScan
14946.006606751655,31.16529166546489,77.67682713500729,758,33,62,433,527,611,94.67393216744445,84.92596872684504,1,1,1,1,0,BENIGN
102408.40510758065,52.53182644507214,62.584666605061,1019,454,238,521,1366,900,32.165512703282005,41.57341333886524,0,1,1,1,0,PortScan
20074.635703448163,6.605530782216007,40.91437879176223,160,443,539,767,1008,1293,15.223095675393427,44.38154178820503,1,1,0,0,0,BENIGN
42413.93157948052,97.25682356497369,25.40211490955627,185,1260,197,828,1241,50,98.72011549350138,59.217498934241256,0,1,1,0,0,PortScan
227097.41251283578,36.0059901930726,85.97287835022325,142,211,780,482,616,127,74.62462791237681,12.317000407694145,1,0,0,1,0,BENIGN
64238.11416465937,47.78673549131358,70.01882592940531,1305,1163,29,366,1110,1069,41.47868823261813,15.679517670628107,0,0,0,0,0,BENIGN
110128.90836523805,35.52839742369226,54.773990946913685,906,701,665,888,30,233,93.59164308887068,79.02377472272404,0,0,0,1,1,BENIGN
18912.851711321648,68.25117301162001,60.95685338984641,639,607,1232,1430,99,447,9.111737436619727,27.341877913954704,1,1,0,1,1,BENIGN
21355.098099509505,66.2232158329593,9.106618208218098,26,981,1086,1354,666,583,8.766121642655778,68.4696928928456,1,0,1,1,1,DDoS
4172.721271756531,71.53223105291356,47.39197609111919,1269,360,1080,1258,803,1466,68.24510186285855,97.42696997720213,0,1,1,0,0,DoS Hulk
18504.734406558087,26.814322961192083,19.3700292785702,201,303,1456,882,1338,502,17.79720483788435,82.18466603180131,1,1,1,0,0,PortScan
32654.81186311455,31.566848116406597,20.838367900882538,1044,295,1331,410,494,606,91.71395151932842,98.82281109189572,0,1,1,1,1,BENIGN
19481.181748310795,12.525123109620795,66.13039622868668,669,151,1489,182,470,921,84.03591742988709,373.69094520778435,0,0,0,1,0,DoS Hulk
9288.590786036757,65.55099718461126,91.1256151834288,1117,1246,1130,1310,741,284,30.636722410118644,50.55301019148967,0,0,0,1,0,BENIGN
12855.621349335253,3.979712733565255,40.375661047834654,1031,1219,599,1146,733,1155,88.88395822693703,44.27119798398023,0,1,0,0,1,BENIGN
61762.93433653791,59.768233552345905,20.774927301219037,471,599,1017,157,997,1499,4.288768700732836,89.41877486390236,0,0,1,0,0,BENIGN
23109.22063450966,86.96958848516338,64.87469372366542,1362,1322,1324,1346,330,935,54.863785273749386,0.9934037696879616,1,1,0,0,1,PortScan
45298.11155109185,89.08321482896335,87.11870463503178,258,210,619,12,1217,543,93.55627737088332,65.34593211638361,0,0,0,0,0,BENIGN
70000.51847143304,44.90377603699617,74.83188011224908,54,231,1069,565,1214,355,85.53829789356982,65.23682728035328,1,0,0,1,1,BENIGN
117245.74340125422,45.930368821307376,86.87572305365872,910,869,76,871,251,1060,35.6073323800995,38.238500829795306,1,1,1,1,1,Bot
4010.5730100015426,7.696918300801736,53.655467101079935,1029,694,728,554,1024,137,18.28704352346349,21.933364211701456,0,1,1,1,0,BENIGN
160649.42438261196,67.07650254430358,75.1876244369191,1400,366,1192,677,1482,1445,21.054058840374456,239.6826814150357,1,0,1,1,0,DoS Hulk
98859.36903672964,82.12594203728455,14.006455935893648,553,480,813,862,1113,1468,51.45078780784053,80.04641212138911,0,1,1,0,1,Web Attack - Brute Force
8529.543037633426,24.465505460471306,34.82746153631915,1073,571,1152,617,517,611,59.67729438364741,6.610309637495904,1,1,0,1,0,BENIGN
206813.46984880907,42.13008816333647,38.95491644815225,111,1202,707,203,1139,1265,3.281431662363643,56.38241462743589,1,1,1,0,1,PortScan
253669.3546378928,83.88393367652704,51.12957462460346,145,929,267,956,72,1268,41.35515592348881,30.684060297826555,0,1,0,0,1,BENIGN
6302.2827560163405,87.7120467662288,92.90763602568236,229,1039,764,301,155,1232,83.03871156439045,26.524781246832042,0,1,1,0,0,BENIGN
32417.68431286508,24.317998026422593,87.42965602221743,496,465,584,1066,722,456,44.43289502357971,50.573766553103596,1,1,0,1,1,DDoS
164093.51832266425,55.057063454136426,13.452549228918453,1329,1425,418,794,68,98,16.91753909494105,89.7861506279767,1,0,0,1,1,FTP-Patator
137935.72402143083,19.249315063582706,17.27896518824632,460,293,869,596,470,1160,95.48602930190968,61.80919190373309,1,1,1,1,0,BENIGN
20397.963206180048,10.187876413955655,35.76405495889114,806,170,1184,728,491,1210,26.627553992646668,78.86106277553236,0,1,1,1,0,BENIGN
23489.903118153325,91.11205013919576,29.07438658906739,225,1055,1081,505,299,35,79.84282656340605,60.06837792628809,0,0,0,1,1,BENIGN
46278.51100243697,82.05075042321091,61.47709531562623,58,262,383,638,1167,629,19.379416633893488,69.77157798727407,1,0,0,0,1,Web Attack - Brute Force
66266.25646686144,76.00349018031739,90.2776047764545,1099,1238,802,190,1229,669,42.31727292215899,43.24076487932956,0,0,0,1,0,FTP-Patator
96300.1834058552,4.876631881314042,96.22915416725868,427,557,509,898,917,786,49.04225397748119,92.59816352081839,0,1,1,1,1,BENIGN
46031.256300035115,84.37287927102575,65.36029525352265,727,188,429,59,712,680,50.06352959482445,50.1939020439161,1,1,1,1,0,PortScan
62089.110922091764,43.804407590538375,83.81592014010867,1155,785,1363,1489,750,54,51.647386810070486,551.7746692267631,0,1,1,1,1,DoS Hulk
137622.89403898423,34.23951232958596,52.52022002307971,931,582,577,1402,406,1494,22.494754068976142,52.49655032548496,1,1,1,0,1,BENIGN
3737.2952321478465,54.647636102537646,20.832694686003972,497,1001,939,1452,938,1107,51.591552196083526,31.618902016491845,1,1,0,0,0,BENIGN
29093.662188239723,9.135324272355582,52.46884120934774,815,599,1049,61,579,1029,48.171275387775424,23.123843559918566,0,0,1,0,1,BENIGN
124949.18749560257,75.66465493523988,55.508260143765106,909,845,588,301,1320,890,20.871949712626325,7.383496411555502,0,1,1,1,1,Bot
225576.67543306135,58.24350768882959,74.24575642135565,1328,1284,797,637,581,1386,98.81915595037108,71.81749820025486,1,0,1,0,0,BENIGN
71677.91122084009,18.659009687316754,21.98829897073491,66,1205,371,998,798,1006,86.55633927865502,28.927526317037078,1,1,0,1,1,Bot
75952.9502353069,18.82321997690456,36.83103820867317,229,341,927,171,528,767,88.7576351022483,38.91979631956072,0,1,1,0,1,FTP-Patator
11336.133854066338,18.424865157267423,36.40274692145663,982,953,1059,62,136,917,68.55710503828949,91.99281627262127,1,0,1,1,0,BENIGN
59314.324608355084,5.700238755193398,95.94395957411649,332,21,1290,771,218,663,15.989703069175654,56.644734941187366,1,1,0,1,1,PortScan
76060.67990552899,58.77984493716848,44.394496032671896,276,1097,1455,15,517,829,56.80920638997489,9.707806390393825,0,1,0,0,0,BENIGN
27769.28032606533,84.0348177588508,75.50939672981465,720,165,1042,690,1471,169,82.14396316273861,79.96119128238497,0,1,1,0,1,SSH-Patator
31367.461187854384,1.74982139873886,75.0811381374439,143,233,1362,841,131,248,3.873648868866253,25.613059910945545,1,1,1,0,1,PortScan
47366.498480247195,4.900464497127355,26.554418480324138,1274,1398,139,1124,1386,661,49.58431032876197,552.7058426461825,1,0,1,1,1,DoS Hulk
2027.5360750314514,57.27702766869458,57.18696893717321,690,1456,66,1199,1367,209,39.61228799949181,50.99814748639906,1,1,1,1,0,FTP-Patator
38872.476125613575,81.94956853860523,89.43028933186481,1103,640,1014,1216,1041,911,21.212472965930363,23.80788423518807,1,0,1,1,1,BENIGN
23755.693562362987,32.67388905686336,47.51977194569494,56,1357,1392,898,1439,739,37.82500037653177,11.577103479458106,1,1,1,1,1,BENIGN
39674.923023198266,34.96143988077222,94.5117507342546,1389,606,260,1296,559,1267,98.34975108694528,21.126160649496807,0,1,0,1,1,DDoS
12756.310328478126,59.63464974967759,21.44582293241616,307,539,973,1490,927,140,72.32433263617776,9.73377995639656,1,0,1,0,1,BENIGN
221207.98999430248,27.4212889124147,7.415910577403073,173,1058,626,932,1176,631,29.95370800149414,27.56280189521012,1,0,0,1,1,FTP-Patator
90039.88138795597,2.660836607768413,89.14538731447493,1485,1467,578,174,331,804,60.535505148082954,99.72975107374646,1,1,0,1,1,PortScan
113663.29578930317,73.52285181015961,84.76811979622167,749,1254,1021,1257,318,179,24.66562402856798,40.20922652413825,1,0,1,0,0,BENIGN
155670.90323777913,62.56499129414531,99.25898759338448,1003,317,1226,1239,1222,919,61.08439090242739,86.38883913350102,0,0,0,0,0,BENIGN
69003.64218488851,58.07559990556591,67.93934881124261,677,342,638,416,979,636,89.61666894849317,54.917769212906144,1,1,0,1,1,BENIGN
9093.209451745584,74.16841289918231,93.66879266671495,559,1453,409,450,1033,753,55.687679994255234,66.6583079333733,1,1,0,1,0,BENIGN
77025.83632948225,67.52308375620375,82.69490250841109,1397,978,832,835,1162,986,73.33399754526828,15.63479697505562,1,0,0,1,0,BENIGN
88392.30578713736,20.588198817832115,84.44263331200868,348,636,1103,279,166,1040,45.33389987162968,27.480586742197545,1,0,0,1,1,DDoS
136821.66488084092,35.24810469433511,56.914157045426826,1090,1489,112,243,146,1039,52.41239176639966,51.04434230289255,0,0,1,1,1,BENIGN
56503.46493829821,12.6110141678625,38.23645979167109,329,78,622,674,1426,384,69.50750787548786,88.11434342268406,0,0,1,0,1,BENIGN
13648.466672931223,12.985701341788102,93.45580725432818,193,892,820,145,938,1364,81.24050050513972,4.288803588494017,1,1,0,1,0,BENIGN
33376.21802617039,67.61957463565392,43.211717561589445,1178,572,1160,1090,444,892,65.94513865254497,50.691995956572086,0,1,0,0,1,BENIGN
45111.48254746234,85.86001069824982,53.881936724966906,1183,448,839,102,69,986,97.7491993890093,5.1012212508429915,1,1,1,0,0,Web Attack - Brute Force
103822.46116218617,96.27325838611391,44.611430712518775,265,281,188,309,1351,768,81.98225877982827,45.68226764492825,0,1,1,1,1,BENIGN
84578.17212014196,62.834711754944436,56.48183139601971,167,674,276,116,832,791,77.71602046078752,62.886815933263684,0,1,1,0,1,BENIGN
44020.67596518061,18.410132336095696,47.05050789923272,144,56,102,1495,918,45,84.51015789810255,74.47231914283073,0,1,1,1,1,PortScan
430619.5772169812,10.56503454489307,4.796755857947588,185,190,106,762,615,503,28.121093542434906,13.85320052606267,0,0,0,1,1,BENIGN
93083.30084672093,81.28509715367578,88.20481860076987,885,643,756,1344,1252,1166,43.20471539483807,16.65752834613481,1,0,0,0,1,BENIGN
27079.452875679992,57.875647635999925,44.43938189157698,864,1486,172,1458,318,1308,56.44629183945907,47.00649216917906,0,1,1,0,1,Web Attack - Brute Force
10734.300462488685,61.82850210137198,58.894364850734874,773,41,998,1393,35,1378,46.23863184426856,998.036457979074,0,1,0,0,1,DoS Hulk
16588.829258982587,78.14620887547092,13.918780275798703,1446,1196,1354,737,254,829,84.74578182240798,35.60468356567634,0,1,0,1,0,BENIGN
28230.684939514096,70.32772277324516,0.3387847982639136,1006,678,721,186,1336,524,2.706851767923202,42.752742736291026,0,0,1,0,1,DDoS
17516.487495429403,83.44582528560966,24.529009364364295,785,1273,1214,784,961,978,20.917541723282085,43.244674281455154,1,0,1,0,0,BENIGN
20649.17454545804,5.621390545987848,70.45860321333502,456,501,830,1492,334,556,88.17065410018549,8.070082135709544,1,0,0,0,1,BENIGN
33560.58482154465,74.75206367465049,9.91945301128786,344,1216,224,706,1043,46,5.91001376769672,77.41721452899954,1,0,1,0,0,DDoS
19040.2433662887,85.08527573220954,90.88874403864679,734,789,1346,875,297,527,22.698830360879807,25.310152442610743,1,0,0,0,0,Web Attack - Brute Force
227075.14493559152,28.613504245831432,21.50225693561846,553,749,133,795,1044,106,35.12503303764862,70.36670568829199,1,1,1,0,1,BENIGN
8363.571259200016,64.04472739932528,20.45936142917758,1020,741,1060,472,477,1026,75.07405608116909,47.50898788355907,0,1,0,0,0,BENIGN
74341.23501127027,31.416206383697208,18.15079616214955,787,164,92,555,471,615,56.01806961668484,61.1779742219384,1,1,1,0,1,BENIGN
52830.55564893023,95.7971066482454,1.3981712971364746,935,754,74,1477,961,965,95.4604702780331,5.397163649499626,0,0,0,1,1,FTP-Patator
403864.216601592,3.3423572435503757,77.18054684782346,704,89,755,1469,469,1118,22.787501507297346,889.9656844165662,0,0,1,1,0,DoS Hulk
11882.73456974049,57.97928438329551,87.50345312452585,1127,986,182,681,1372,1156,87.21204049887294,243.85676941971332,0,0,1,0,0,DoS Hulk
50725.79937424304,16.65035470495151,61.416270261619886,246,1081,716,93,766,859,28.29134897492488,67.00953875008369,1,0,0,1,0,BENIGN
348905.9664126715,71.22202051771586,18.819998167986228,811,1286,458,735,589,200,24.54982591265602,798.0191120661617,0,0,1,1,1,DoS Hulk
200624.4061968155,17.589028341866207,28.527799694087975,1046,647,626,789,791,253,49.837519809935074,54.00387172831971,0,1,0,1,0,Bot
169866.30340361796,23.538326189835757,47.592669736496326,952,749,408,37,385,182,7.120450525649369,33.73340220786242,0,1,1,0,1,BENIGN
29827.508353350462,49.43708110457581,95.43459516233008,814,818,206,781,941,1173,38.43070129932832,97.79033744810768,0,0,0,1,0,BENIGN
18739.95327864875,91.4834949996878,24.73513718177428,143,242,1268,481,445,980,35.567596810974365,27.84397132706956,1,1,1,1,1,BENIGN
110455.95986817835,21.171437214797084,73.16459039198881,729,662,1356,110,98,489,16.010155570177353,94.86623371232704,0,0,1,0,1,BENIGN
265038.50949599553,14.424002111810353,43.94482232929203,862,857,672,409,654,504,86.07948452749106,15.622413368473175,0,0,0,0,1,BENIGN
81365.04219047423,75.89768318540307,29.78473483600218,1216,218,1317,1191,1078,412,38.58896437093833,38.922213152234356,1,0,0,1,0,BENIGN
84772.75614585866,50.0619532333931,45.59159370221138,464,8,1012,396,1026,403,98.19201795136824,13.849558414730224,1,0,0,1,1,BENIGN
32847.503081065086,91.17851123817714,7.120671754123253,374,429,747,1150,1355,235,89.97079490377743,0.22404730736960143,1,0,1,1,0,DDoS
146747.37584120885,14.661455715984228,79.86873709303624,676,12,272,41,933,858,19.48106995699255,26.025854039647488,0,1,0,0,0,BENIGN
20707.798214607083,64.59278930230393,24.330192798296714,691,906,378,40,1458,965,50.51221723379384,8.721040091895471,0,1,1,0,1,SSH-Patator
39108.78131192326,23.287914615181503,72.54121231929705,628,969,625,398,1242,632,60.18041383665529,98.63455230903472,0,1,0,1,1,PortScan
55414.45500698305,15.67604286516393,6.834837144819472,1289,1248,663,181,1234,1457,81.89605029436211,76.16533179518026,1,1,0,1,0,BENIGN
70848.49626446985,68.34294151572705,95.5098556165686,1401,689,1049,1204,816,207,88.56427496513948,0.37047963220088187,1,0,1,0,1,BENIGN
27761.25835696058,59.36846199087332,19.30149854056986,555,1090,679,743,660,139,62.40180211554899,223.6465848235921,0,1,1,0,0,DoS Hulk
12198.327214413544,75.48274583623312,88.27420762070804,862,676,543,717,231,587,3.513420314221538,67.01242412837169,1,0,0,0,1,BENIGN
94319.96574293564,30.946257644618235,80.94732096154344,73,183,732,463,599,586,48.12764495181293,39.85521131647545,1,0,0,1,1,FTP-Patator
34056.33684365418,44.79716563821899,96.7859924081416,437,1004,90,1073,919,1330,88.48035361863323,83.18425630442273,1,0,1,1,1,BENIGN
87045.30682924436,40.547167633041845,47.78906609457496,880,207,475,1431,1171,916,71.40896025442599,50.48607783757316,1,1,1,0,1,BENIGN
16766.47527706798,98.40894639665142,72.73972938459515,225,527,725,1424,1230,966,87.01419414094578,65.36514197324291,0,0,0,0,1,BENIGN
65612.13780285275,29.22489567393879,37.0710657037784,307,1323,1211,1169,359,569,67.40797897227073,597.0373975944806,0,1,1,1,1,DoS Hulk
76054.72481290778,29.481723834676686,18.436823801969382,965,817,1218,297,1442,1121,4.403500981497266,63.81689006236343,0,0,1,1,1,DDoS
5321.465145712133,35.45482088286074,44.30759329334488,347,1002,533,144,1440,124,96.80066562066106,23.00988538271801,0,0,0,1,0,BENIGN
41038.36013804232,56.45940812903215,16.574901538845488,475,1264,697,15,871,1372,91.80185405696787,37.32894392061916,0,0,1,1,1,BENIGN
14434.932683193161,25.232274426374524,98.20446227863839,1338,454,879,1108,1205,133,12.657953991262328,5.062925286449138,1,1,0,1,1,BENIGN
6547.225877252488,91.52899403792739,9.624649114071637,524,901,84,1239,555,995,11.26911668437488,58.763651468820875,0,0,1,1,0,BENIGN
460120.13113953243,26.56855648662635,58.92117234526204,1448,243,591,1075,1233,1249,53.90785004770201,45.92584620757756,0,1,0,0,0,BENIGN
38913.00225194202,89.58157315601947,62.64638552540559,523,770,840,106,249,649,75.70508345568832,76.07161490190722,1,1,1,0,1,BENIGN
166007.06137698985,10.347506364658464,53.80795428740542,561,237,76,218,595,705,38.21732119382537,20.63824646216421,1,0,0,0,0,BENIGN
29388.88342934014,65.65627023996524,66.21858857118336,1272,1269,329,934,138,567,13.638216354324207,43.68121160678018,1,0,1,1,0,BENIGN
114414.13510203516,90.69855184382438,11.618077501189095,568,344,382,336,989,338,51.055609878135456,180.7454330573862,1,1,1,1,0,DoS Hulk
142806.62228282087,16.874943839822954,55.501852420529104,1205,309,1456,920,1254,838,33.756613621897245,61.397922524844205,1,1,0,0,0,BENIGN
90544.65941691397,96.8326960099255,28.721257112736154,105,1307,376,370,909,321,35.17719555513247,848.0302565114521,1,0,1,1,1,DoS Hulk
63785.664404527175,45.28833604155117,94.01760633010566,190,37,340,997,11,1110,64.49855368403821,76.5443248448985,1,1,0,0,1,BENIGN
53075.78135053778,94.57151084410245,76.20716534397258,1160,31,1200,809,979,94,88.56080992295038,94.41979726308873,1,1,1,0,1,PortScan
42904.33017039748,67.6820043630047,97.25144821597426,699,1266,1449,253,272,195,55.85917308556443,97.1725781863591,0,0,1,0,1,BENIGN
265255.6048220781,30.158686987355154,3.7556069740189546,1143,291,423,1428,487,191,68.76025108296356,77.20338675819906,1,0,0,0,0,FTP-Patator
177560.7071141798,18.83025249171064,28.51331751807087,830,291,173,579,1113,655,65.99469915212414,28.680608538025865,1,0,1,0,0,FTP-Patator
335317.63894156914,30.37350462250994,19.5422586638349,71,757,405,635,1048,521,55.114619255693,21.926137721531823,0,1,0,1,0,PortScan
13272.854183610556,9.301740926267499,1.11545873118305,754,1405,81,1053,537,752,31.07581455831301,44.75490345489437,0,1,0,0,0,FTP-Patator
131255.13634605074,14.386796634332978,24.232573024632142,1154,577,20,184,984,987,37.779418491023876,99.38836945771207,0,0,0,1,1,FTP-Patator
278612.72652612405,10.466044034648114,67.8775983520429,456,1161,690,1312,1083,1005,31.57037984904162,41.26680208171554,1,1,0,1,1,BENIGN
19995.58097007977,42.29435437415577,23.108892213456855,904,1223,1009,1382,1194,12,91.74980964820548,19.906841057226877,0,0,0,0,1,Web Attack - Brute Force
6881.031747249687,79.55783762575864,50.90034454826182,478,1358,397,473,587,253,82.66186705104431,94.4342877783241,0,0,1,1,0,BENIGN
135139.3153188622,14.138355421634019,88.78181149649987,51,604,329,984,787,80,57.934737285122075,38.59179775960227,1,1,1,0,1,BENIGN
85442.71441986697,13.032043317233589,69.37579203490752,1003,446,224,1423,1470,372,91.22434709742006,69.08988872276309,0,1,1,1,0,SSH-Patator
184407.71413214778,64.34289495173307,39.462906990603194,573,1371,1425,983,920,393,88.6408693147978,78.81529786145867,0,1,0,1,1,BENIGN
15055.82464141926,19.71829819680663,37.24689389121083,1142,277,780,1156,1033,417,92.76943997518352,84.31559020595341,1,0,0,1,0,BENIGN
158605.01110318681,9.76100381089916,45.573581400848475,1287,993,893,501,242,1082,22.177385765553293,82.12803871227904,0,1,1,0,0,SSH-Patator
22517.977306702294,16.684857820557763,17.704144105990636,1262,531,437,873,1201,127,71.75030377638947,83.624686299998,1,1,0,1,0,BENIGN
17871.5198965518,92.37313958767761,63.40007674159881,1374,1422,1295,1100,797,816,60.92244999235018,66.76534275778808,0,1,0,0,1,BENIGN
17944.46565599507,82.14712527761908,36.41528191046055,892,1414,1303,349,256,773,73.38306378346071,403.8310692724599,0,1,1,1,1,DoS Hulk
168510.32825640086,35.40645623550941,85.23653492620437,254,983,222,59,309,1356,26.33793639182872,66.72868540638372,0,1,0,1,0,PortScan
109421.3639015969,65.58207673273928,75.65526600578163,684,601,508,1478,515,891,69.48090714382977,83.67343340599133,1,0,0,1,0,DDoS
74037.59563460444,53.72756736680381,61.05131640921601,1332,561,1365,878,1238,281,40.982851525438704,35.06424646244211,0,1,1,0,0,Bot
44446.140167806814,67.7124263482564,36.420222264951605,56,1033,616,464,1053,206,83.40917963063002,29.650799029204013,0,0,0,1,0,BENIGN
209720.26672943324,68.26711524627594,20.99318316734844,949,590,1065,310,1369,1295,79.5365725161773,34.37072171051635,0,0,0,1,0,BENIGN
49831.274969744496,62.8734015059993,77.61518641056229,1426,58,1199,1114,1088,1332,21.135761085891712,55.12833960293684,0,1,0,0,0,PortScan
169608.26628480697,26.610136853730857,48.64090989910865,1090,1111,1268,930,635,402,18.385527640330302,5.244387481394453,0,1,1,1,1,PortScan
57827.48811138804,3.900642076281813,22.47500381773575,1069,458,1276,964,796,1198,71.7731721284866,77.89708190168399,0,0,0,0,1,BENIGN
47311.95658177371,45.55667819901088,19.51746150400062,605,103,1297,1321,1176,217,55.047489472816046,13.885195845020192,1,0,1,1,0,BENIGN
62116.105989960255,89.09738846907038,16.540090450135903,368,830,958,1348,39,325,55.7205910682049,13.283865678409878,1,1,0,1,1,BENIGN
35864.52754306421,56.94972585185759,77.7161196205595,231,788,1357,279,1049,755,75.25153234593546,19.765913935610502,1,0,0,0,1,Bot
137677.73129369394,83.23910417019079,22.89871853003117,1425,103,603,710,1296,1276,85.497079302179,57.69274349724983,1,0,1,1,1,FTP-Patator
69860.28156955961,99.16243429612281,52.66422635251975,907,1277,1034,966,1182,1477,23.896390060871674,28.5568375803956,1,0,1,0,1,BENIGN
26424.253099706522,16.361620413827627,45.15463609730565,1046,741,151,1141,580,1212,55.55395467905502,36.809032898655225,0,0,0,1,1,BENIGN
229833.98495505835,69.17776391419824,57.96108992282839,573,1358,188,694,0,1466,82.89547094920772,93.16491109781279,1,0,1,0,1,BENIGN
48433.17423587113,67.42935737000246,87.71549003711942,1290,1486,959,909,78,1011,87.27941711950025,84.72021799769853,0,1,1,0,1,Web Attack - Brute Force
78428.23821777635,97.99554473582785,86.77473900817306,840,300,675,566,1251,129,28.740938833851658,85.21905331047824,1,0,1,0,0,FTP-Patator
236949.56087096262,98.56007339528003,45.107607182485964,117,653,637,270,1350,2,10.415385659751253,577.6418333259878,0,0,0,1,1,DoS Hulk
97879.93038573307,68.66786117241294,1.5366250734723308,1078,554,210,1124,619,1374,23.28232538777799,86.64661472904807,1,1,0,1,0,BENIGN
12431.461585777975,24.361479198219428,42.64438057143032,1176,627,1120,1411,500,554,94.54995140145273,77.85658253405535,0,1,0,0,1,BENIGN
281061.6683932209,79.85558381305991,60.61935374241404,1262,1364,338,1309,1498,1156,46.24797124352143,95.32368029110623,0,0,0,0,1,BENIGN
98807.69289348263,10.70291342110381,55.77647590980618,1288,1107,46,979,1378,265,41.857379055602486,6.436840502191554,1,0,1,1,0,SSH-Patator
40782.63155513094,78.06993041716287,65.13361058002054,267,928,819,1076,1147,922,1.308434873421016,2.872713365393287,1,0,1,1,0,BENIGN
14997.682061642581,91.01961241446965,15.407573247308349,112,1282,974,840,977,23,5.101468292135114,17.50299407238911,0,1,0,1,1,PortScan
158000.1395680267,38.28333947684352,64.65350987807325,165,359,1080,1003,1447,533,66.86959294747237,92.90848205079756,1,0,1,1,1,BENIGN
96777.55075628523,63.06352949830804,18.265161874377224,667,86,1098,239,1275,2,58.98270687249965,60.5565105954246,1,0,1,0,0,BENIGN
76241.38580490282,43.01427320968263,75.0523980696749,1031,427,1277,1237,485,879,57.55282984954037,42.61125176952809,0,1,1,0,1,PortScan
224330.33305364454,43.776505498812845,33.908761326268,713,366,836,360,477,426,11.032287602447155,512.7110614761518,0,1,1,1,1,DoS Hulk
155399.0013696072,31.037088910812006,70.98954333814535,1240,342,951,1387,332,3,35.20611695653535,82.96045882276701,0,1,0,0,1,PortScan
16449.132012634087,76.21296204503246,4.786559890610709,430,346,597,733,1255,807,81.2358138640148,92.9109995803924,1,1,1,0,0,DDoS
37356.25513958005,93.61765641665052,40.78600255909134,1315,95,169,851,29,783,17.491122391663726,72.96988343109099,0,1,1,0,1,BENIGN
28566.961854883793,94.07508592344611,70.50345222633328,892,1278,1169,859,726,502,88.26872509824364,75.98478329372963,0,1,1,1,1,BENIGN
136236.80618684116,17.478128487493382,22.687051633149412,1073,1159,838,700,172,231,12.147830034890317,32.0378044163838,1,0,1,1,0,DDoS
3410.7539857837933,87.4743649656566,79.52870447972225,106,1271,1056,1350,791,872,16.914933012398812,46.70351952745392,0,1,0,1,1,BENIGN
84371.3556386143,73.74314414271221,63.0779733104932,1032,883,795,835,467,749,47.77499611537285,88.52101934711659,0,1,0,0,1,BENIGN
143741.37158597787,25.283740069028926,58.75617721497983,744,485,1280,1499,1499,71,94.52999044485374,78.59341100725776,1,0,0,1,1,FTP-Patator
209366.7344385938,6.728461292151455,35.35488542043371,699,1425,1149,822,722,87,32.954767814542365,68.42709184613477,0,0,0,1,1,Bot
41867.459354509265,26.799726688437797,48.24514703811176,1479,603,958,96,1340,527,65.82179935580488,6.524683588812041,1,0,0,0,1,DDoS
172180.7963541003,91.22082367815256,59.73493009778531,322,411,1136,326,396,885,58.86712559890762,3.9507219453954856,1,0,1,1,0,BENIGN
11724.388509877734,63.31786748957723,47.24621139148905,308,447,814,72,124,602,14.962263650055752,13.041094311399505,0,0,1,0,0,Bot
187374.39572116875,72.10546608978719,69.831332394056,849,246,341,993,1103,449,24.81669013941633,58.13910991978334,0,0,1,0,0,FTP-Patator
13637.963052807085,25.715235110909585,43.36969331069596,621,769,47,1279,695,438,93.0152772643822,536.38684734115,1,1,0,1,0,DoS Hulk
50631.46312098643,71.93881555748203,20.227318174203035,994,698,363,1193,526,1458,18.48296236530995,94.26908265470539,1,1,0,1,1,BENIGN
159600.536332649,2.812150627792376,21.393378280104724,144,420,1421,993,1419,1107,69.50098897551132,69.47596400433964,1,1,1,1,1,BENIGN
16242.178992041618,37.53213457730138,0.5803768842941093,739,123,1218,332,1112,1362,96.46944826003045,29.397261734542603,1,1,0,0,1,PortScan
26039.302244475093,62.67533485423312,30.095771555867245,820,1283,724,1180,1026,125,11.950599220227808,16.14962938156973,1,0,1,0,1,DDoS
128104.30976449054,14.609656554132023,74.89176404785196,411,1192,1344,1442,535,562,39.91819901873145,84.9533239328382,1,1,1,1,1,BENIGN
127309.61719916947,82.30035744469347,79.41627088376096,113,940,137,457,600,1041,22.393214444273724,45.96241036890242,1,1,0,1,0,BENIGN
102484.42087373907,23.503129881191864,20.246754209575002,574,876,354,733,987,848,22.156151740454288,65.34694974088488,0,1,1,1,1,PortScan
118400.17090876169,65.22811128184462,95.90439968714077,398,1134,1093,875,605,864,11.898584399968081,565.1436065908028,1,1,1,0,1,DoS Hulk
78246.91011956382,40.51971425753297,50.24027934801267,1298,1313,810,857,1094,923,64.95511839914658,10.745634613663501,0,0,1,0,1,BENIGN
29008.36992594099,59.604359547764716,91.69787490185027,123,12,711,98,699,344,74.63435099107117,5.705838368182703,1,0,0,0,0,BENIGN
42418.31937932634,10.745055262890812,70.67652818616311,85,1286,58,731,138,467,67.67939100230562,377.01818971641353,0,0,0,0,1,DoS Hulk
20040.127451653185,1.6912799921607324,72.2433423022413,46,799,770,924,9,980,92.46564576191528,36.155029754571764,0,0,0,0,0,BENIGN
239087.61393236517,90.95644273803012,8.504362130607113,943,1046,388,243,129,140,14.567880871805416,67.37981129689064,1,1,1,0,0,BENIGN
87560.90546365986,26.96300087671828,21.999112689693067,1224,944,1374,1464,400,1029,31.98453733850062,63.22004091011617,1,1,0,1,1,BENIGN
51224.565947902236,81.96770027804591,0.8814833294472635,1299,199,845,1217,1244,668,34.4572809702456,96.89409284639943,0,1,1,1,1,BENIGN
61990.75063211633,99.93503004722002,71.61276404767375,1153,1265,868,1398,641,630,23.208210384690464,85.80995027715717,0,1,1,1,0,PortScan
294282.3736997211,21.143125799891116,34.443828842851,1471,1262,338,661,436,1088,14.22049441569666,49.658252577528785,0,1,0,0,0,PortScan
16646.955012850067,26.51707411833556,78.66525160763467,803,302,756,1005,1423,1079,48.67034759262637,50.00253525626955,1,1,0,0,1,PortScan
88244.4609108554,66.28597876346657,33.893621993702624,388,1188,595,366,1136,797,83.44396280474284,67.41292291126943,1,1,1,1,1,FTP-Patator
70499.44407931773,96.54486346006212,81.93337522988611,575,737,435,1178,1475,1119,95.4539725603318,11.409058277327555,1,0,0,0,0,BENIGN
94534.43180030727,91.58143481907439,13.0698253748313,1286,175,1473,498,1241,954,12.934063221849767,99.98905646313925,0,0,0,0,0,BENIGN
1827.6180406497235,50.28755200655849,17.33731567575082,631,1052,376,1481,57,214,82.3157228072736,51.8808101243624,1,1,1,0,1,BENIGN
205669.35225406967,79.51102825267246,34.08765395839365,1301,676,390,112,1136,742,82.45811229652749,90.99048739089699,1,1,0,1,1,PortScan
268998.8536691252,13.574585309990105,40.84873888822733,713,534,480,944,699,57,38.897812155256695,96.7356334652208,1,0,1,1,0,BENIGN
83271.54639433976,97.74381842040123,34.87028108429784,1069,1317,820,1047,1145,905,11.002962414545415,58.16427399022655,0,0,0,1,0,BENIGN
119287.07405259582,96.43532340359864,76.36470325232199,1191,476,113,282,407,404,99.0008006756898,10.334864752477536,0,0,0,0,0,BENIGN
255746.93578456264,16.372895787917095,9.695139262671471,1468,382,773,1315,1483,1207,65.55930305288187,57.334580841997116,0,0,1,1,0,Bot
122839.74533925182,29.94231248031066,35.12170196384881,621,555,171,1386,1108,1305,98.21956950415804,597.6424371659867,1,0,1,0,1,DoS Hulk
16551.05091241217,10.015499750676693,83.72399995154593,45,1319,17,400,399,720,48.36555156846585,78.91931367733311,0,0,1,1,1,BENIGN
85870.21498525603,27.17175988981797,6.679707726217199,723,333,234,567,355,1186,39.519299993672874,4.8229266994906155,0,0,1,1,1,SSH-Patator
93322.0857034015,81.59557894152066,94.23435076713574,539,1271,1333,1289,98,1112,24.718547597045383,46.63153671950939,0,1,0,1,0,DDoS
55187.45039228211,37.83156071652595,98.63168422720129,86,1264,722,1077,517,782,98.35720017720195,92.27702583368131,0,1,0,0,1,BENIGN
133349.03038833922,8.839696714675839,8.856817382508009,802,1129,280,713,107,96,25.325726946227366,99.12990786786534,1,0,0,0,1,BENIGN
272367.6885762475,34.22255247789045,29.127252225573695,1408,897,830,421,151,586,2.376275621805035,19.138267875923766,0,1,1,0,0,BENIGN
259787.62130541174,98.138333424128,37.24006660353562,264,930,1219,848,905,1111,51.24684135884778,87.05989927350352,1,0,0,0,0,DDoS
59936.42963036177,62.96835952592029,77.6391368652726,1045,684,1138,1497,849,517,37.70504930509154,14.625056163064409,0,0,1,0,0,BENIGN
12017.870455178418,41.61609464061578,59.59268121167338,702,560,1420,1266,748,667,26.13825034292645,84.11744345678972,1,1,1,0,0,BENIGN
418917.39891207067,16.653851349727,64.43657004925673,1473,122,417,1377,26,1086,63.46081164811734,277.27772746766357,0,1,1,1,0,DoS Hulk
182571.8110818443,98.61767972836948,75.7509822818506,231,1058,283,1411,118,540,36.426861489782226,95.96252660491425,0,0,0,0,1,FTP-Patator
13314.59597170634,82.08490092631287,11.797899943702571,185,617,584,1201,722,815,40.22508883168728,69.54967509006372,1,0,0,1,0,Bot
253630.79409632762,28.14773024509194,83.32094569102624,325,987,1351,474,99,190,2.304560389404431,39.91106013897595,0,0,1,1,1,BENIGN
203942.39312268634,7.006869572118946,70.5619804180144,1206,839,1364,404,2,916,58.907092855305756,280.97332990816625,0,0,1,1,1,DoS Hulk
73155.13859686493,5.662555737755803,57.73417251963703,396,415,621,35,805,715,12.207102984704276,23.523752747444536,1,1,1,1,0,Bot
89471.37868290748,12.037814950553383,88.97353347830567,1426,707,220,357,1352,1301,21.38048588954218,68.07923269995851,1,1,0,1,1,PortScan
50916.484340901356,58.07685836144216,70.03063538838072,1486,636,8,557,1129,538,71.71178206126382,89.57910025768815,0,1,1,0,0,Bot
5631.814924329378,92.87634212054924,20.16999626310254,1440,1350,1105,1350,1253,84,31.324272618391102,75.49419696143437,0,1,1,0,1,Bot
40826.48863007411,49.674342800598446,42.97453810756667,1225,1318,831,1067,303,1358,16.321019743838093,83.47915380165422,0,0,1,1,1,DDoS
162380.79110661786,84.29454824561972,49.404286693573326,1088,1455,1317,319,176,440,57.74241470624808,78.13837676345372,0,1,0,0,1,BENIGN
464.2784066342885,44.588661985980785,5.521762675040565,955,346,374,737,83,789,21.49044949379406,97.91476664980193,0,1,0,0,0,BENIGN
40571.38965901687,70.85835457678252,95.46375133600557,554,36,533,657,262,1195,27.097821395870504,75.78049268263248,1,1,1,0,1,BENIGN
50777.80948546782,73.18727372865008,12.857726079687847,732,511,1438,471,1219,338,62.13393099778738,210.2285184702738,0,0,1,1,1,DoS Hulk
77088.30241238818,17.396370590333866,69.74612672267268,1040,848,1122,1292,1272,1252,73.98617813639149,79.15984654745148,0,0,1,0,1,BENIGN
252392.54761530415,36.121605897581176,50.62310360908802,796,534,701,524,1405,1202,73.9659685195577,32.206936098480085,0,0,0,1,1,BENIGN
42517.711089079006,63.73021565380239,2.5632249884422587,1206,909,831,24,457,1270,48.22434118708304,99.57998626628581,0,0,0,1,1,BENIGN
42610.648595849525,7.069660818436619,92.47474758643617,390,772,776,639,408,1003,45.42969110094355,37.66726201001466,0,0,1,1,0,SSH-Patator
133750.89516655655,36.15401877629566,85.18368088189332,43,663,1405,1180,1104,673,78.76451842312574,29.279375584722988,1,1,0,0,0,BENIGN
60187.77734923394,53.479946628119244,52.425792790383554,900,1041,939,875,1435,729,19.303472511251705,23.921598550891154,0,1,1,1,1,BENIGN
25438.247370272537,99.62244930446387,22.894233613944525,481,26,446,1208,205,316,15.220244752845923,65.85146520583697,0,1,0,0,1,BENIGN
60228.23505761551,47.45335626224407,12.162289068009425,1286,535,679,173,819,1309,66.46950660295097,10.92210883875312,1,1,1,0,1,BENIGN
15181.992193138705,81.60567571143235,36.33924794321266,1197,1052,343,1417,1014,75,40.95069343892553,95.35598817329719,0,0,0,1,1,FTP-Patator
19405.450320809676,43.206728506661776,25.54282810460905,1464,1007,424,185,801,973,70.99984605701809,29.431267864313714,0,0,1,1,1,SSH-Patator
68988.80428028177,79.6390722619709,50.66912010062987,565,657,624,1304,894,998,25.660022346323597,29.540061103847226,0,0,1,1,0,BENIGN
54287.6216256007,59.54148016201084,96.6409296123429,219,639,305,1000,872,1475,32.48718810667669,46.066095707059105,1,0,1,1,1,DoS Hulk
246329.27352528129,88.65954415023984,57.49534932296414,1417,1140,147,1318,387,203,89.66776491853906,24.60175178735742,1,1,0,0,0,PortScan
45003.458303972824,41.09425523501099,88.99310558900979,771,1155,848,527,893,423,42.165652682158814,41.89793556762377,1,0,1,1,0,BENIGN
86890.2383785272,60.43044198214788,65.08788374957773,1218,1312,731,1211,766,192,59.09534697203844,36.96063902242208,0,1,1,0,0,BENIGN
100039.07725178481,63.00186806188274,47.52465265872004,408,1259,453,1435,1422,1316,10.668219411830949,273.0199214362202,0,0,1,1,1,DoS Hulk
1318.0944825659226,41.73829418004733,85.46075627333713,470,41,937,971,1031,896,17.882917219275875,4.074383783919822,0,1,1,1,0,Bot
108926.8197035989,14.431204368748151,47.13681101729975,1370,1183,32,683,449,780,3.588772882264424,30.058137360564242,0,1,0,0,1,PortScan
19605.864019924822,9.355940691233556,86.8628170510361,1485,1148,1342,185,1499,1436,42.43708117616666,77.83309382631201,1,1,0,0,0,BENIGN
324599.82722724264,1.66715505996331,29.157676957576527,1084,1283,1216,574,341,1462,98.89200044950239,43.879228530947124,1,1,1,0,1,FTP-Patator
16094.690431018007,87.35342642452146,12.881307376298812,165,1299,1203,1324,1096,300,87.3873152651466,290.7753475987136,0,1,0,0,0,DoS Hulk
53550.111453660684,23.647491223869455,85.53144643629383,671,212,983,308,859,259,63.2908914940507,30.47921341479578,1,0,1,1,0,DDoS
8921.343765050313,21.150674928176805,58.74151637926668,1174,1496,390,1212,120,1215,86.10964919574661,55.44375764939008,0,0,0,1,1,BENIGN
576808.161515076,73.60354004260655,88.90923982489602,110,835,356,1434,301,1294,59.41693563524231,30.229267773907477,0,0,1,1,1,BENIGN
69754.68656582262,32.00161130873917,93.78272069923833,548,701,572,537,960,1003,36.87688803341377,63.07973198661946,1,1,1,0,0,BENIGN
90481.93240889457,50.60446924118366,5.3628390371449175,1026,1454,463,1410,883,615,17.35464011011153,98.9454513725115,1,1,1,1,1,FTP-Patator
6943.205082825417,16.25110652974563,50.09693018588683,1036,79,929,857,880,431,65.30487417602242,4.117639775380566,1,1,1,0,0,BENIGN
138613.6255215999,95.97457214619692,37.49645490745293,1185,954,98,192,233,715,19.305127639074538,16.873675569736868,0,1,1,0,0,BENIGN
23560.28382502632,85.15814000172374,62.585839707011715,343,1251,147,1186,65,695,41.74284172000602,17.910754528902405,0,0,1,1,1,BENIGN
228331.48568116303,86.37896229650033,79.35911972023236,1472,901,569,52,229,1240,82.58018421552632,44.7070317932015,1,1,0,0,1,BENIGN
22958.882816083333,40.67737485720052,28.059021597436896,331,1118,726,474,921,1114,12.92293025617285,4.141871205337444,1,0,0,0,1,BENIGN
21157.042980881586,76.23612137071729,55.679838437317166,263,423,1339,173,50,197,12.90214190567951,47.75215777425167,1,1,0,0,1,BENIGN
3723.4341857672166,14.387615538978016,70.87285799048996,82,918,1001,1219,658,982,22.440241559159734,92.89247580766565,1,0,1,0,0,BENIGN
63878.579329546395,0.8619002591780278,13.443108283573402,776,515,1205,1234,1352,1422,55.191730712229905,1.156408869270198,1,1,0,0,0,BENIGN
83204.41036761805,1.9972932578028124,81.40669059512669,923,164,302,699,386,38,25.172347825991302,36.4938867185181,0,1,1,0,0,BENIGN
6796.694017915647,58.660173740456045,60.610959985297306,333,1449,3,389,1061,708,50.31979372550007,76.08937721109648,0,0,0,1,1,BENIGN
149400.25935983722,45.53949052479408,94.95374371136518,1403,996,777,1331,752,470,30.198261105968715,154.49450033381507,1,0,1,0,0,DoS Hulk
60383.465029362174,51.801534890851975,33.95289191306933,1242,992,106,456,1196,78,50.62422049084056,7.755900252654213,1,1,0,1,1,BENIGN
74315.76545925968,0.7463140417219405,10.814594233719866,657,892,74,1354,492,728,27.76314490017302,63.077853726263854,0,1,1,0,0,BENIGN
58118.14717875803,42.268661965742574,50.65012010369253,453,1015,1063,1352,1478,1117,98.00123756085652,9.950909049507683,0,1,0,1,1,DoS Hulk
51209.82012749213,71.80681612008608,8.581077170943885,672,1065,638,1052,40,683,49.271790114196776,80.17704911697157,1,0,1,1,0,BENIGN
82016.34571378748,44.26937019674359,96.95265233240067,740,740,694,121,945,42,74.364343410824,6.685275356609877,0,0,0,1,1,FTP-Patator
16870.300676095547,73.22192063122223,3.8684958257191537,1112,1426,1142,1481,1152,131,70.05465588982051,52.43542594203608,1,0,1,0,1,BENIGN
20080.50862086255,23.30189643968348,75.3503901107308,332,754,72,417,1077,76,49.05593748143612,74.01277102277271,0,0,0,1,0,SSH-Patator
197894.93282961403,81.31420044817254,52.510239814224406,309,415,551,158,85,1255,23.886206166792523,24.20109887464774,0,0,0,1,1,BENIGN
292091.17092646856,58.84312404534523,36.862065249828866,726,1323,1227,597,1292,38,51.07182779128648,10.354016192273752,1,1,0,1,1,BENIGN
46730.218747513856,21.076309942990623,6.5842164508654655,1443,1078,976,515,295,150,68.09716237204346,17.56227664185561,1,1,0,1,0,BENIGN
31573.1365692666,23.672047585383293,62.216692417360775,353,335,95,1025,1044,975,45.99192705632118,85.46835719350085,0,0,0,1,0,BENIGN
103282.32650944572,62.8030464569537,58.522032939095524,823,880,1302,1325,1238,1442,8.192510736274162,70.5780291652024,1,1,0,0,1,BENIGN
52548.95676072463,82.99395932124433,28.088327306759975,1123,1453,1166,1102,424,1209,1.7983229558083957,19.809804921509777,1,0,1,0,0,BENIGN
2571.4148732647027,41.56277820291552,91.02217014103121,144,971,1138,658,188,317,32.78768084678385,71.61207971309945,1,0,0,0,0,BENIGN
16978.36032995106,25.83004291275922,30.41100073428369,1033,684,1499,677,160,1487,15.022392609331192,70.86181702086868,1,0,1,1,1,Bot
125868.32598530455,86.70116069106004,44.97254105921061,1067,1357,883,314,712,1455,90.61902459259956,99.77250981059605,0,0,0,1,0,BENIGN
107564.97823175357,66.9268291750835,54.37624559186557,1409,740,1156,327,380,1158,17.583267008492488,39.155602352591245,0,0,1,0,0,BENIGN
2746.98578844401,44.80854872830765,10.02318781762861,909,1429,1191,275,243,1292,39.428271401156614,86.4853494142771,0,1,0,1,0,BENIGN
25099.2973866705,48.790019527930184,93.21617192136323,760,29,1268,715,182,436,71.20775120714814,446.442685972815,0,1,1,1,0,DoS Hulk
26276.1578950931,20.42564679363964,37.45361524510411,494,574,276,451,543,626,81.54216600160609,89.77602236169669,0,1,1,1,1,BENIGN
111441.47228278518,62.680263006484395,8.077921387434362,1192,220,258,485,778,550,47.77131531781309,9.16004990989493,0,1,1,1,0,BENIGN
1990.7381292139405,35.87425105428886,38.72911736753299,641,826,45,1130,947,339,18.11350096083921,17.531263012524413,1,0,0,1,1,BENIGN
10993.605860137282,99.56451766743493,60.02025470925807,530,593,345,566,92,1265,27.089522357585306,84.99543630666899,0,1,0,1,0,SSH-Patator
160901.84272962416,48.01835152618879,51.36526718213295,1359,753,846,245,367,1244,41.89684476411472,81.9300324105395,1,1,0,0,0,PortScan
19667.770945178534,48.58856061896132,69.4541974037274,512,1276,894,934,158,657,36.4594589325583,30.54337918569875,1,0,1,1,1,BENIGN
105769.90889205769,56.58517874106719,5.5483942067910625,129,1344,1260,888,397,917,34.86727571696565,59.679831813345444,1,1,0,1,0,BENIGN
27204.862220899522,91.67560031187467,28.45406102720561,1007,1062,1076,163,1203,360,13.185380175666428,38.269972210203605,0,1,1,0,0,PortScan
10474.003348487133,80.08180998597503,81.92305768401023,1273,1020,1171,526,437,995,91.33102521709498,1.031734930352135,0,1,0,0,1,BENIGN
27861.95164114473,45.113006979784146,7.989368779136086,733,1488,1113,0,372,770,2.975660641771505,2.6104126567127017,1,1,1,0,0,BENIGN
128109.48130970319,71.8699265972796,85.54859546959575,946,1434,232,862,305,189,44.00021278757512,5.425636548157642,0,0,0,0,0,BENIGN
193583.63374539296,58.62354987807616,9.189609207710625,1161,1435,50,136,984,412,98.03214925030866,59.40721543255787,0,0,0,0,1,BENIGN
177325.09999755645,49.23670487012489,83.44542148916962,1298,491,664,150,1402,328,65.9723938824102,27.922773530552792,1,1,0,0,0,BENIGN
50614.248947508844,19.231577278435054,36.078840107872665,1001,437,1417,1203,1241,1245,35.541066373308325,14.394829831489053,1,1,1,0,0,PortScan
110287.6778404595,46.39362634548909,61.22090632572158,463,478,1237,1003,981,91,14.60975844531699,941.1311084438876,0,1,1,1,0,DoS Hulk
22939.34103289808,24.581858702257463,15.288711564799817,140,782,450,1041,328,439,96.3872605645761,12.131866708121585,0,1,0,0,1,BENIGN
34693.35886125168,91.48421498516547,6.616872172518084,1279,948,1362,1248,342,1129,1.3986361873149722,673.9817164248777,0,1,0,0,0,DoS Hulk
226659.86286309044,33.540681349634696,21.59382040201351,881,1007,350,1128,723,244,68.13875706131435,89.41601828226587,0,0,1,0,1,BENIGN
1308.7188396285003,95.22640145333723,12.785381790869554,455,71,648,998,1186,1328,88.01374714453273,16.382966723844973,1,0,1,0,1,BENIGN
8938.713963044913,53.30552900947112,31.24058976796318,433,581,1308,697,157,908,2.51604898862422,21.472968222871515,0,1,0,1,1,PortScan
23305.02802398152,63.15443786761603,51.43832465110202,172,219,877,1088,1133,832,72.51748640905011,57.381353357595714,1,0,0,1,1,DDoS
2689.0535224316886,54.29404444893278,58.875946356500954,472,1027,582,332,349,96,99.88377612547349,508.4486863787977,1,0,0,1,1,DoS Hulk
20020.300329027275,12.93806169667009,78.9868107379743,1446,1002,244,371,725,937,63.96424685733494,52.10274168862675,1,1,1,1,0,PortScan
87476.87287443667,37.5821219007941,65.62398932483586,1019,289,549,1230,364,953,41.467894784339876,55.467809401808864,1,0,1,0,1,BENIGN
54718.63183678004,9.914611227762393,60.8758325129553,916,379,727,1252,14,1289,87.4400719356282,94.99029159610443,0,1,0,1,1,BENIGN
223186.30208218275,62.29540441833817,41.17820274857746,438,803,638,580,152,574,55.417924642262825,53.838041966949966,1,1,1,0,0,DoS Hulk
170069.59030194784,44.68741952004389,47.38084349601387,1015,1378,583,1165,531,102,74.944084678994,76.04485206948192,0,1,0,1,0,BENIGN
41827.28051690321,77.79849715709368,41.45208293901811,1080,742,225,685,966,1277,58.77789918185049,23.250642240673336,0,1,0,1,1,PortScan
30032.625214727854,22.047048099936983,84.21660300613831,497,79,826,708,1423,1478,3.8291092487949263,37.36776701723821,1,1,1,0,1,BENIGN
47753.980810853776,16.45660584293349,23.000045254839986,168,65,440,1354,1075,828,21.314498820534755,89.29112296506403,1,0,0,0,1,DoS Hulk
89231.77501433053,40.63322309637678,0.5720931541964625,988,135,1497,927,854,512,7.87635739867496,44.56267691535436,0,0,0,1,0,BENIGN
31206.170981527288,92.65853832183811,65.13198972262393,560,398,1467,739,468,665,10.668776238322298,80.42192522751215,1,1,0,1,0,DDoS
97856.22455470877,71.04218150124117,20.246218363883138,427,346,411,270,1344,1284,1.5405493588071972,9.874033853295494,1,1,1,1,1,DDoS
52663.603927981116,41.89236247929187,89.01151363098093,418,58,813,710,878,34,42.11649790141529,27.560359822029902,0,1,0,1,1,BENIGN
80306.73665148445,51.727216975431055,85.9046329706656,1370,777,245,324,595,1404,17.86516317541651,37.306170867702505,1,1,1,1,0,BENIGN
57292.53950911121,8.421301117709834,7.672737192820589,454,518,582,989,366,396,85.56965204939718,10.389920308764234,1,0,1,0,1,Bot
34879.99752623332,98.4575896376113,10.638840541407735,713,713,499,797,640,26,75.00375375406604,76.23168099769335,1,0,0,1,0,BENIGN
296526.7221152203,66.6407304694919,49.51715922466663,201,976,981,919,861,305,57.3176994815496,78.69470282174255,0,1,1,1,1,BENIGN
144225.45037326362,28.540406846342247,60.92226627693547,178,1260,549,546,893,698,48.90213453503954,83.5894997779968,1,1,0,1,1,BENIGN
15095.449812302086,58.58083942152443,27.490833748224077,56,78,116,1092,1039,580,25.58686405759758,58.38962048063182,0,0,1,0,1,BENIGN
202850.4927719324,10.948236606899398,71.67977166993707,945,114,1387,907,1434,164,47.495146587498546,50.72388208543759,0,1,1,1,0,BENIGN
66832.03296619165,96.58366688075836,59.49160209188715,500,985,203,211,1297,1281,64.12292758644108,26.2552445471242,1,1,0,0,0,DDoS
224953.94902897434,17.478498788336594,32.48241097485547,738,1485,350,1405,588,101,78.22288601927755,65.51579672905477,0,1,0,0,1,BENIGN
160871.44539299002,64.80303180552141,2.5371488042315593,111,125,318,1443,1329,454,8.168206625959339,44.45634856555435,1,1,1,0,1,BENIGN
55375.66192586073,24.545446253893044,75.01502812985177,1171,572,1382,596,91,192,70.846468874555,97.07764060773883,1,0,1,1,0,BENIGN
2272.5589477540116,71.75613826485358,21.475366582508272,714,964,939,47,457,915,74.27298767612854,96.81794969744566,0,1,0,0,1,BENIGN
31290.054777648667,77.68213672402811,83.44737434626283,1401,499,488,230,1293,897,55.89722009248565,90.52051318175627,0,0,0,1,1,FTP-Patator
78008.77556797962,67.34197289114327,42.02902600542552,876,828,106,578,1075,809,21.431919570320122,36.008913801433195,1,0,1,1,0,BENIGN
100369.73319345363,61.44994602551925,57.707744263176544,1371,1125,653,949,1144,298,53.9184587501175,36.79724553540591,0,1,1,1,1,BENIGN
29825.46799289389,89.24690939520117,87.29487304090019,1381,625,171,1112,1073,20,50.270488181531036,85.26731640437157,0,1,0,1,1,BENIGN
15007.441883071553,7.862671098975804,86.36230009199534,1079,1197,518,931,1498,44,47.57100963867962,72.91349317414661,0,1,0,0,0,PortScan
180138.70871623917,33.09147657801952,37.15195752435733,812,451,957,51,1403,495,46.063991546718405,70.43609698180437,1,1,1,0,0,SSH-Patator
416062.4163187234,24.828747963084595,20.888889271484313,1339,1115,812,421,386,682,11.082556629151973,27.96110110841158,1,0,0,1,1,BENIGN
74589.4546972087,98.80139620654217,77.51460777285946,963,384,527,610,1312,222,18.289248485736476,83.33486115544758,1,1,1,1,0,PortScan
18835.486366007393,38.93897796668735,43.30802036021312,1208,1228,319,445,1477,298,9.733208845134234,57.94205722629432,1,1,0,0,0,BENIGN
31787.647172893285,73.26126992403988,19.204199355900407,1077,362,1060,960,370,1047,24.247782766798444,44.68655742385731,1,0,1,0,0,BENIGN
1856.1887410766008,68.47251638810046,90.44253423171502,36,497,498,130,183,1361,26.3476782730673,86.54221241080758,0,1,0,1,0,BENIGN
245688.8527693557,21.208123747737773,19.810419424108737,1012,536,264,599,771,1107,24.50758614930454,39.42097637821141,0,1,1,1,0,FTP-Patator
12528.104384620301,23.899768021155133,2.580716819123108,1293,1257,907,373,204,1083,21.09290681856034,65.39258118677655,1,0,1,0,1,DDoS
85924.06688681559,28.12845635530341,2.0279973767419968,862,15,401,550,953,287,73.54220454847889,46.5905182004139,1,1,0,1,1,BENIGN
32028.13286027929,41.112727825937924,62.231535645426426,731,980,986,529,171,516,81.8565399598118,59.27378061710562,0,0,1,0,0,FTP-Patator
80783.55154069852,23.43250656505268,66.16750607175304,1251,1164,601,1128,824,897,32.71092165725699,4.054647164847857,1,1,0,1,0,BENIGN
105388.8633986027,1.9651482746847804,31.10417050569839,1451,619,951,386,221,153,30.51288916844489,46.11151631763841,1,0,0,1,1,BENIGN
177043.919242236,87.93930568071954,32.00109892470634,809,1443,217,335,1191,280,84.4032349752508,556.4913074967742,0,0,0,1,1,DoS Hulk
23120.252750453586,96.5609831380884,33.94939150599428,1024,1479,329,735,1267,433,62.392390166579105,49.27193347496059,1,1,0,1,1,Web Attack - Brute Force
1105.6729631697197,34.15703870315679,68.01585467588787,22,299,185,1140,1241,341,29.343832478905753,84.74103725068188,1,0,0,1,0,BENIGN
14720.807068739054,33.85068794254729,5.813379102682859,1471,338,1404,1024,1079,85,71.36122925865823,31.112397479181652,1,1,1,1,1,DDoS
230277.15288531815,0.7091812774370987,92.91163526913256,795,302,208,895,614,778,34.459281023316734,88.40765310045404,1,1,0,1,1,FTP-Patator
207060.13520531225,68.02506883303741,22.252104417744643,495,591,287,537,166,190,58.655561434217304,40.346196990689045,0,1,0,1,0,BENIGN
90984.43101964924,82.54398957486288,99.96732052420923,899,75,87,1459,141,1275,99.26340299878015,69.45267322606563,1,1,0,0,0,BENIGN
91758.37185053469,14.660830036000316,17.1522693787187,424,913,1002,495,124,1091,30.159437521603326,8.672272800729775,1,1,1,1,1,BENIGN
109373.42294075125,15.966634936715074,77.15464573123775,699,779,135,1035,89,1169,93.05260007083331,20.01540835688227,0,1,0,0,0,PortScan
19282.202863855215,79.00832499714377,22.341254492962502,17,920,157,1317,310,990,32.06524142846982,76.11660111412718,0,1,0,0,0,BENIGN
245820.95607713016,61.629074835414464,8.084680164325398,1468,1339,793,507,1394,875,54.02867043748234,1.2328685538640416,1,1,1,1,0,BENIGN
54260.963434631805,4.486055762771701,87.49333243506489,626,1098,919,680,951,661,45.998378959903995,96.85277391470993,1,0,0,1,1,BENIGN
48311.079932786844,62.25469904622817,85.87512591908919,1062,365,154,564,215,573,78.31595623439361,19.062890106321518,0,1,0,0,1,BENIGN
73171.6932622681,30.891772284376607,40.357039244960134,1233,652,1486,780,1464,1278,6.109269948199481,901.3039862451233,0,0,1,1,1,DoS Hulk
4810.4664291977215,36.872515547084596,70.23961425404268,210,1005,219,759,1209,130,62.71223040686639,51.59450282262858,0,1,1,0,1,PortScan
18186.17050492723,76.97314182968802,55.706593268391714,564,395,1482,127,882,838,76.0666944348823,56.45753668971301,0,0,1,0,1,BENIGN
133953.90904239632,81.09351926726106,85.29561136737487,971,1254,1190,1099,1176,958,47.21448513821193,8.413178797102505,0,0,1,0,1,BENIGN
8642.827567184358,40.03566268398306,31.505596931865444,1304,803,321,1292,760,1400,10.529260653780536,36.52187541573678,0,1,0,0,0,BENIGN
92420.22189851156,94.71529360063548,52.367239999898516,132,1051,690,145,95,1222,24.480501348481308,15.62188607805014,0,1,1,0,1,PortScan
28150.00336004408,40.64627179520722,48.537237120455046,448,1498,840,1426,709,838,67.96723701008636,525.9314943609428,0,0,1,1,1,DoS Hulk
49314.225692518834,77.18360352301099,35.39058262568587,263,1318,511,498,1359,220,89.54373855003152,55.07321456719495,1,1,1,0,1,PortScan
34065.2191954146,48.38772645642591,89.14550645563722,110,844,86,965,148,1433,42.160860700048865,70.96669495843103,1,0,1,0,0,BENIGN
43954.84777228535,89.7532326522084,16.587792466253546,849,1450,274,559,927,642,56.04120350782592,87.82781579231833,1,1,0,1,0,BENIGN
126956.39866386868,90.77612436501786,14.950863952069614,1261,871,140,1222,714,1194,22.838503672686205,46.81798162698607,1,1,0,0,1,DDoS
35257.153960555086,8.741680787108386,57.69095353227514,1480,1114,624,923,882,1168,41.221331403687145,23.33603700806066,1,1,0,1,0,PortScan
83564.35307057021,93.64933313102257,65.7494229984942,900,114,915,402,1425,487,33.67898077704915,33.35716614416495,1,1,0,1,0,Bot
64635.978669026175,82.55348415204156,19.461925432456518,758,1182,352,975,1354,851,65.55255479715237,84.70898129389373,0,1,0,0,1,BENIGN
108966.59230926784,79.13107143126669,39.07174422546241,860,1281,1028,1232,1250,353,98.4698951675111,14.586348507876146,1,0,0,1,0,BENIGN
276192.1647512969,20.091133968552242,94.65638429787437,896,372,381,341,357,1204,81.33034519856862,62.725607833868246,0,1,1,0,0,BENIGN
131890.52712550428,80.51192087546649,24.6617422690674,861,849,1357,1071,587,947,19.216458492618514,1.3085883842810175,1,0,0,1,1,BENIGN
24199.56132440473,85.01327346850368,66.83607021173941,1196,89,474,540,315,160,57.767859330676686,24.566932845424272,1,0,1,1,0,BENIGN
3167.9678824257844,28.915033445415094,74.01493936975908,192,756,927,1199,884,463,6.641171494840159,59.140849750145954,1,0,0,1,0,BENIGN
30416.93020055879,95.22600783623237,44.81286994651595,514,1321,29,510,1059,1083,24.69154868426355,456.4120400026708,1,0,0,0,1,DoS Hulk
90406.06518730972,4.986014639916425,93.7525986759583,789,30,1370,18,1451,214,17.22176760603904,493.54949024323133,1,1,1,1,1,DoS Hulk
5279.527809977469,14.990925324713967,73.66567352187904,967,357,921,494,449,579,33.554553763946295,66.05620504596061,1,1,0,0,0,BENIGN
68590.59560261888,53.75811380515143,45.79245798608979,1432,469,593,354,844,1215,67.88139690442135,23.458602441856748,1,1,0,0,0,Web Attack - Brute Force
90842.88399875602,57.579247112230966,56.933520177609395,83,1151,492,558,89,487,49.939331691682675,28.08049403265024,1,1,1,0,1,BENIGN
40683.18779381004,64.51500833009034,69.26134434251007,797,269,494,344,540,224,93.29092598292176,68.44582074278463,0,1,0,1,0,BENIGN
147364.99591467346,1.6969129315466458,59.219018042921824,79,1436,387,1083,175,1415,21.274883984850867,53.8291407543869,1,0,0,1,0,SSH-Patator
11271.8914764678,96.03667746221302,87.86975838260759,1232,208,872,687,1443,708,36.42091462539402,1.4586824258827624,1,1,0,1,0,BENIGN
7811.050579224701,4.458809273414399,35.68886622804012,521,689,834,228,647,160,32.98525767924695,67.03277952854411,1,1,1,1,0,BENIGN
130264.74102163927,14.306195272340238,29.988574005580492,1222,1329,1276,146,900,454,23.596362595992993,62.00920407522781,0,1,1,1,1,DDoS
68417.02266630686,1.401451752605698,21.38388894952643,233,1214,629,1321,686,1134,99.31707691262446,7.860757379827376,0,0,0,1,1,BENIGN
116604.26557331409,56.685843329409465,3.7782968064595135,243,1380,938,1356,1194,1082,38.722554544305446,74.75194948409862,0,1,1,1,1,PortScan
57062.39991288573,93.22668839209723,4.301396438005534,1416,456,29,331,393,544,94.05089804995984,52.21014589470707,0,1,1,1,0,Bot
28289.62537585316,66.59471660804643,87.00551931092828,1469,448,622,432,1289,28,39.04734738529895,20.474728395695962,0,0,1,1,0,BENIGN
170982.3698571196,82.26574684804274,67.83931464059073,848,67,806,398,503,766,20.409167874066092,55.93563681164273,0,0,0,1,1,BENIGN
160652.156396019,1.3281203458580082,66.05324154364861,392,873,341,835,1157,184,11.920633068271114,59.54585141710032,1,0,1,0,0,BENIGN
118644.88197091215,54.20152984797261,61.464281893488604,8,466,1310,1358,955,1247,85.55631931755052,92.01187291902372,1,0,0,1,1,BENIGN
31765.361498803206,45.95629775055219,84.92191446941048,612,1383,1420,1232,1049,356,3.209764048507824,74.21444255511705,1,1,1,1,1,BENIGN
89216.08797234643,49.8967944220793,48.026692566562744,806,1410,1000,1434,1300,491,96.43945883392814,30.192435449119927,1,1,0,0,0,BENIGN
44780.997557982206,7.221318533518795,87.04108285583003,714,127,243,586,99,732,41.81912117855484,11.813296756419255,0,0,0,0,0,Bot
9605.073460665322,68.44353610693075,35.944502618223915,1176,732,220,598,1465,577,24.73743510843571,85.31840720807809,0,0,1,1,1,BENIGN
249269.98435376416,50.322041485863444,92.67075043390905,109,1267,1179,1294,424,113,61.74461322153625,84.6067687875446,1,0,1,0,0,BENIGN
14713.044881952002,76.51488498612639,69.86569800812401,833,1042,1406,1203,1053,377,13.291299183618632,17.531001472395722,1,0,0,1,1,FTP-Patator
300049.06531227625,48.52906340617154,25.71771360244273,265,1419,1343,1438,905,1308,7.214557356635575,6.213118519788663,0,1,0,0,0,PortScan
59060.10127908722,14.938163622643208,56.40849216886251,1396,1252,372,756,495,96,82.7783351909567,71.18646498160389,0,0,1,0,1,BENIGN
20473.02819134658,64.8256954077822,53.303056148825554,1175,367,530,345,650,841,42.46707746253268,72.2581830836484,0,1,1,1,0,PortScan
78066.98461517366,17.238636210516624,13.789882173033396,975,57,214,1461,997,123,51.8254912104532,17.714375370537905,1,0,0,0,0,BENIGN
206314.17942820585,87.23945633548149,59.12429057506141,954,1304,366,1036,1214,155,17.669600887506487,668.2118595574555,0,1,1,1,0,DoS Hulk
131760.77791304738,61.311623906924154,31.478562371695794,1438,556,113,1427,1210,109,6.142424452694229,27.892374469692882,0,1,1,1,1,BENIGN
164279.38260737574,15.720388355695425,5.234876680960243,906,1125,1223,737,139,52,36.77761326518467,26.061702796880404,1,1,1,0,1,BENIGN
107523.77151704027,96.23380574812069,94.86561577065649,1349,47,24,379,319,1197,50.614625238008934,32.451793409034245,1,0,0,1,0,BENIGN
117855.38361415322,51.83654633353206,64.14903690642878,671,561,933,420,368,587,76.54306218780279,52.03963665168543,1,0,0,0,0,BENIGN
189177.19880502793,7.289845187165501,87.6918931870847,175,592,1144,1203,296,1337,50.10520002354634,80.44539233286227,1,1,0,1,0,BENIGN
28723.951554012012,62.68329044150672,67.60560050132531,524,811,610,1010,1223,725,78.25070176859029,49.86437508896262,0,1,0,1,0,BENIGN
67221.76661712413,25.31989070128102,35.698369214011294,1338,58,857,1306,795,1413,11.543277967431386,29.804269562407438,0,0,1,0,1,BENIGN
25001.312910612232,80.36934518773025,51.268807232881144,1090,160,1026,417,1402,44,6.396277204395162,88.39742987118493,1,0,1,1,0,Bot
439555.84174053295,81.78220735661907,67.57467603471771,951,102,897,355,1103,935,15.886096414345163,55.089957442364664,0,0,0,0,0,DoS Hulk
288346.37873204146,97.89473558546618,96.02523252014376,1207,845,772,15,1470,1140,77.20121268887286,79.70914838980804,0,0,0,0,1,BENIGN
4022.5101205379087,50.186953102450374,25.366945912169648,1058,411,444,314,500,121,75.93302308387014,78.43817579218558,1,0,0,1,0,SSH-Patator
122273.1563195729,45.495687972773716,87.49770586241176,504,785,1277,532,258,481,14.136780451064146,25.35468101543431,1,1,1,0,0,FTP-Patator
259358.35574752555,75.34756054464806,92.40778052942694,848,182,19,1039,1144,1193,3.0988658250679757,19.829518252027967,0,0,0,1,0,BENIGN
19915.282538785003,13.247065634192657,67.04155146589565,962,416,1227,1488,1078,677,68.52819362121652,874.7005614955972,1,1,1,1,1,DoS Hulk
83920.29176459022,54.69155137931242,93.12666274013378,1099,1139,805,1486,17,1423,85.52817832429774,55.887129356032425,1,1,0,0,0,DDoS
247086.526412553,54.624760013085094,39.78785874773685,471,398,1380,544,1332,499,75.41076955101822,4.601135763141462,0,1,1,0,0,BENIGN
3453.5523544211815,8.947312281038721,95.30161760404428,522,956,127,693,109,73,20.27989806150782,89.08325164671427,1,1,1,1,1,BENIGN
119541.04568928854,41.798408550691356,70.27828771659749,879,778,357,68,330,970,58.37678972253356,34.900598435567375,0,0,1,1,1,BENIGN
35289.49647452128,85.3284798567202,4.20057674188119,1306,654,1315,410,945,148,75.73657206255412,34.21565538100264,1,1,0,1,0,BENIGN
258224.8671355676,85.61536219946603,90.68728318190527,273,436,1197,1075,1287,891,25.582870454703954,64.32879371598733,0,1,0,1,1,SSH-Patator
354246.9922622253,9.9237664919681,48.44728090331925,53,317,1378,1088,267,1084,52.7720801369453,66.13109427985758,1,1,0,0,1,PortScan
288717.36812409747,9.072088274783086,46.032698477783285,1078,605,880,811,434,1077,31.44604039737703,35.33161208284148,1,0,0,0,1,BENIGN
64286.14051984582,26.26954770019353,56.646660597963425,887,1273,1060,918,449,1246,22.557541732702113,14.327892789688068,0,1,0,1,0,PortScan
198081.0706735358,87.47660625539935,14.938454677122792,744,910,1333,846,296,472,96.95893267708526,55.22697633696724,0,0,1,0,0,BENIGN
186142.72732990788,12.890258507349895,46.916604856739866,276,1470,916,739,1160,1339,91.25819603869263,62.51791646752402,1,0,1,0,1,BENIGN
38434.05215195344,71.99968026274462,83.11272167177457,1466,496,1107,1490,718,169,44.566773095148704,86.02223650589737,0,0,0,1,1,BENIGN
176559.7541394653,10.116561961310321,1.5482459137515336,882,1366,509,1295,1020,700,13.67780610639764,48.443998736506586,0,0,0,0,0,BENIGN
3770.9795268909725,62.31378537478254,27.29171603243713,1441,426,443,438,1420,31,72.79073033206487,64.56960795682218,1,0,1,1,0,BENIGN
90700.86402878069,35.60672991191448,0.245458644384422,631,817,1443,529,183,52,25.570113012822027,5.440882781587519,1,1,1,0,0,PortScan
26137.62411972857,78.8913962965867,41.571130914984835,1248,1022,1228,729,411,939,16.85178058380945,89.45229002061619,0,0,0,1,0,BENIGN
12847.776747164406,23.36904488253636,72.83155104937347,569,239,778,272,319,138,38.152901773818456,32.72158132067021,1,0,0,0,1,DDoS
8007.534330438275,63.920182938995985,79.87718291146285,1278,1082,1111,458,740,1397,52.984980916673905,63.22211243423119,1,0,0,1,1,BENIGN
119167.7949688237,23.568253457588494,94.51897611270066,175,796,251,819,1349,1070,9.744032982041462,91.60516313132415,1,0,0,1,0,BENIGN
41532.601306856704,71.36602831121537,60.85046129707865,565,202,1054,1196,804,89,57.174647304852655,81.0525784364687,0,1,1,1,0,Bot
129013.64372203777,87.36780345607488,25.462686665289546,1169,1489,420,567,416,827,1.534837476262152,63.77038574778656,0,0,0,1,1,BENIGN
6758.993548947433,12.680179912676003,92.4147949136699,770,1319,60,860,881,35,89.18690605930867,703.6078280700851,1,1,1,1,0,DoS Hulk
37876.03814176782,86.65956885955035,77.53157538803761,1408,286,578,496,790,1015,92.07416892788666,92.09051159649762,0,0,0,0,1,BENIGN
77542.35144000495,59.35752544142979,57.44284830031445,261,72,1249,794,89,928,73.30707735118514,81.2093180146795,1,1,1,0,0,BENIGN
156409.73333379874,12.711049086702397,69.56402157189359,530,725,1358,804,758,1248,46.654940857417756,60.98590605371569,0,0,0,0,0,BENIGN
38382.960704015895,42.7541855359712,92.43163550074291,1394,336,578,1095,1464,553,25.48962705633112,658.7027062096263,1,0,0,0,0,DoS Hulk
98320.90864021626,16.08602934850979,71.23940284729217,890,1341,639,933,1098,739,74.41120907113965,14.72684241652119,0,1,1,1,1,BENIGN
217136.165872427,70.03478888665695,36.8374507584734,1220,202,110,991,573,268,93.17972019520636,47.01676797705997,0,0,1,1,1,BENIGN
95675.65090720862,75.88681344179497,71.30282022890967,947,230,490,839,1290,909,15.853370489743956,30.099764768366644,0,1,1,0,1,PortScan
26521.564296584947,10.579652027279895,4.027816273538787,584,903,1295,1195,962,185,46.5821989297698,43.19706344999163,1,0,1,1,1,FTP-Patator
2470.3413744155223,50.613985269464436,38.64155618305812,814,1080,33,634,935,1394,31.526163603592817,66.22468735307562,0,1,0,0,0,BENIGN
204098.16863741813,81.46250560259172,40.63230318455793,1307,643,211,602,1335,868,35.67417890459099,14.91510936017556,1,1,1,0,0,PortScan
2149.8864160261314,93.61630415509966,16.68382344208347,301,1443,1323,735,1051,1258,40.57577813229325,1.7375963661256932,1,0,0,1,1,SSH-Patator
207705.77666041703,51.351786674177,2.3085480551770177,1155,914,1396,1315,1365,1145,95.17963443713384,39.69244032327296,0,1,0,0,1,BENIGN
75276.37204695544,95.02792236114071,13.338123663774281,1143,279,124,1275,425,423,25.863716786809366,32.21843144880572,1,0,0,0,1,BENIGN
279799.1842792663,53.56889704560298,65.46214957970551,1159,808,1126,1432,882,832,49.26758390935066,42.043205970170725,0,1,0,0,0,BENIGN
160337.25230231252,39.419049459990795,80.22888163636875,627,1328,1143,990,785,1412,95.14874716617904,93.12209203689807,0,0,0,1,0,DDoS
618219.4410847325,84.82031285528954,98.82034927269741,572,465,893,366,534,925,47.60568902183173,70.70841012148436,1,1,0,0,1,BENIGN
43187.86168482837,49.2982710458089,34.63635031084943,528,736,330,255,1433,1140,86.35995219214534,32.74587745991602,1,1,1,0,1,BENIGN
145752.52591114579,47.190251056452304,59.937922226110175,33,1197,1332,439,284,1489,5.876477432528093,179.2788222367031,1,0,0,1,1,DoS Hulk
51404.90026229408,49.03124894098283,93.71449668151219,531,803,411,1358,621,1452,95.3030418463236,61.84782942569365,1,1,0,1,0,PortScan
65368.73042851913,84.67850018697453,16.70417813381526,1231,265,1422,434,1129,868,18.75311470260509,65.75762515095032,1,0,1,1,0,BENIGN
98753.29076281154,83.19415416880521,71.76455863427427,1322,246,933,689,503,1015,97.99350347312841,483.622683877835,0,0,0,1,0,DoS Hulk
206891.406403239,40.35199924402112,75.49787331491632,1117,77,1329,1484,45,441,17.557686525854844,21.276077462216016,1,0,1,1,1,SSH-Patator
414039.70368413086,33.3299859870525,8.897553586933837,1437,853,1186,307,1470,38,44.43659477949742,2.855526083653037,1,0,0,1,0,Bot
146219.7110339225,49.19280240391293,86.12493851830651,370,252,663,1118,1167,907,30.86144915725445,26.56606974672725,1,1,0,1,0,PortScan
54088.41935911418,57.277250973710906,81.31050471108439,408,474,1088,408,536,1185,43.32314210950441,45.71704992901841,1,0,1,0,0,FTP-Patator
54706.95758190242,23.833721062799697,3.3403006577434446,1406,175,1239,825,61,165,25.05247399255255,78.7934286442492,0,0,1,1,0,Bot
133781.77759736657,79.39550847155907,9.108441488005148,1464,1444,602,1191,1105,1468,96.53174124276418,85.37538288451721,1,1,0,0,1,PortScan
27282.91200595943,48.648276573242285,4.912689389185232,1470,970,25,86,335,442,30.57249840730917,41.29345596669643,1,0,1,0,0,FTP-Patator
11706.666958066147,33.40455484199596,33.47435317993622,616,1484,668,2,210,330,65.3274912064223,79.61240546835278,1,0,0,1,0,DDoS
43791.93315941165,10.68209929639906,50.92889906799262,70,253,583,371,399,992,13.74474895987885,99.3352823551153,1,0,1,0,1,BENIGN
33860.9106417826,23.884516040360694,53.23477279546288,83,902,1067,641,708,1358,82.43874848498838,71.66103748522293,0,1,1,0,0,BENIGN
35141.468973230556,94.92811717559837,26.766675976944263,208,106,1113,1046,346,1135,54.25079435095134,72.85990316014068,1,0,0,1,1,BENIGN
26606.116595949676,30.50996868195266,91.15968865602741,258,1194,1156,97,1221,713,97.94461245313158,90.9536501549831,0,0,1,0,1,BENIGN
4300.478093734732,16.885928936703532,36.826278987191316,1262,57,1184,669,376,834,42.340221683343515,33.81441284169099,1,1,0,0,0,PortScan
1803.5602831949059,46.06727916549932,4.555015596535251,1325,1360,379,320,1185,138,19.54478749766604,1.1205393057471258,0,1,0,0,0,BENIGN
439997.79791123024,30.70877433602487,30.022711154138637,1255,1365,1284,533,1231,1189,34.601899944098356,98.69772716756991,0,1,1,1,0,PortScan
55821.9746892102,3.5159250271194153,53.11094225441555,931,941,1406,819,820,1437,73.69656060934943,49.046807767102386,0,0,1,1,1,FTP-Patator
48503.872745531786,32.314521727941724,40.822182258823204,281,1313,368,366,918,1192,65.9106520995876,78.56775931623268,1,0,0,1,1,BENIGN
113833.26486264472,54.41086239394686,27.384251909925915,393,83,1134,1207,1450,768,77.83474076177251,81.24911376092956,1,1,1,0,1,BENIGN
24622.525594093335,55.17123720199669,13.132324976431741,417,1140,1100,416,43,123,7.347029220420909,397.51667708002907,0,0,0,0,1,DoS Hulk
299495.6253739776,35.65589211768887,81.91645000962298,1229,711,208,728,799,881,58.03687753447865,54.12730467223182,0,1,1,1,0,BENIGN
154339.2781875586,44.73027562526006,99.61452421241918,1287,1242,1036,1237,1302,760,93.21686770363047,539.9155260626778,0,0,1,1,0,DoS Hulk
9366.363864100695,96.55179182347663,32.95421335238821,1334,900,24,847,786,1121,10.790191948157734,22.021600934425045,0,0,1,0,1,BENIGN
54056.47740333898,37.73484772303116,38.162104417660395,858,1125,545,669,732,1083,9.43352589129789,11.763893389429347,0,1,1,0,0,PortScan
211294.29601408532,25.822681325998296,61.8037524676957,625,656,1163,1233,967,1042,71.6604364519514,54.357230494262545,1,1,1,0,1,BENIGN
289556.1603120832,24.34670440667601,71.84414747355413,1102,455,274,132,1169,1147,31.51824558442019,12.01432268514624,1,1,0,0,0,BENIGN
62998.744310139235,45.776461270413414,39.20295348035913,1365,658,1393,52,1092,225,65.85792103609069,34.608872385951315,0,0,0,0,1,BENIGN
95039.41725764365,75.9520148716944,90.49295169818153,561,772,873,740,651,611,54.538451305036,186.0833316409385,1,1,1,1,1,DoS Hulk
18276.238925679856,20.59881841884732,56.00039892289183,831,790,221,694,521,323,98.60666583399056,70.6916108282778,1,1,0,1,1,BENIGN
472944.4686092813,70.92961271407681,45.0390076405931,1118,850,1060,22,110,1040,88.9056416954874,87.20088534999877,1,0,0,0,0,BENIGN
26353.816501768328,2.1149823349416286,64.66727531599051,940,525,874,1129,607,1103,67.80727815617117,57.79146098521801,1,0,0,0,0,BENIGN
286000.9331493888,41.8932977983946,95.28038482491732,1374,265,1152,459,1078,596,26.167462610315052,41.01558071715975,1,0,0,0,1,DDoS
104881.30594685601,77.58650652027869,79.45522944217055,61,1310,1339,649,1246,1479,26.19081621504695,99.6642640821311,0,1,0,1,1,Web Attack - Brute Force
93582.2222872194,33.873295577443145,4.001313053512434,1165,140,1346,481,895,540,88.22438005689459,2.1209135246539224,1,0,1,1,1,BENIGN
71885.17525924412,56.37371014453995,33.230991073995966,733,894,1456,119,523,645,58.5341065275393,30.43410842039227,1,1,1,0,0,PortScan
26223.502805196265,20.49792328259108,47.05446849512227,1134,405,217,672,145,989,78.92817820521023,27.867315264700043,1,1,1,0,1,BENIGN
19422.577002336726,74.19953911261723,31.451757220910526,781,292,1271,207,263,705,44.98642065368301,35.62035980579197,1,1,0,0,0,PortScan
24908.489862050676,5.227910326875962,70.01875608304566,1180,1054,110,317,467,630,10.307363665152657,23.059574115850268,1,0,0,1,0,BENIGN
20633.346355455018,85.25426448755003,82.6269149862581,538,1194,815,337,871,1401,33.26864582396261,264.2628354314559,1,1,1,1,1,DoS Hulk
151224.07575727964,19.819638642166815,73.13450951852715,596,354,707,154,958,878,16.114919428836316,25.767710991732727,1,1,1,1,0,BENIGN
43097.56410730744,87.43980317083307,98.93332868282752,8,204,146,867,1210,190,78.18328164255023,50.57440507524306,1,1,0,0,1,Bot
5958.300833276848,35.25292413005173,27.25476478930291,275,993,1367,1178,1366,854,70.05119896570902,39.10552770344311,1,1,0,0,1,BENIGN
347708.4216526774,72.26835744744866,87.49894950244214,226,290,551,393,1122,490,8.841292238804066,63.92801019849084,0,1,0,1,0,FTP-Patator
215232.09700260003,31.922529778618845,76.66226651744861,185,110,133,504,678,404,62.13853987618771,51.44011598676854,0,0,0,1,0,BENIGN
262765.45538067544,90.59116712346476,36.21787575581461,590,1091,463,970,1329,1295,87.41355069947954,18.34218523697305,1,1,0,1,0,BENIGN
528004.9769049707,12.663712551837436,73.41245436569686,1239,372,863,312,1222,874,69.73642953999666,81.00449789345078,1,1,0,1,0,BENIGN
19103.369657618532,17.85197892725987,10.407595641824695,432,195,1214,1282,757,429,51.11119129844214,47.21951983405571,0,0,1,0,0,Bot
50458.18548938807,49.303012515880226,78.93334823405523,568,125,1186,1180,1177,519,31.186328493888727,15.323151790598278,1,1,1,0,0,BENIGN
141980.3475481271,8.193843903814614,53.23306025871026,655,261,455,13,918,892,88.70967495858956,16.68798429286622,0,1,1,0,0,BENIGN
119079.54024213373,19.598018470176193,29.22901727092532,355,886,1084,76,1119,1407,42.280488214101986,79.69684104789559,0,0,1,0,1,Bot
16711.288479350686,94.37663822120143,65.57773017841801,842,923,1028,1362,574,820,85.53935802337854,70.29931842231004,0,0,0,1,0,BENIGN
169191.3002986315,97.64896611478872,64.1619998714409,391,154,1060,408,705,886,78.29998382181971,50.6527952539761,0,0,0,0,1,BENIGN
25417.06672405863,37.62593293304219,20.94862227195997,578,107,459,393,833,1215,81.62269652808597,30.60815097523324,1,0,1,1,0,BENIGN
25336.775396964305,92.32860210139357,3.0397414811526136,1298,1446,1240,219,1382,434,98.97975201616462,460.522036797076,0,0,0,1,0,DoS Hulk
76997.2984290837,54.48246756734317,43.36225869016739,1474,34,138,743,813,62,74.87585158729645,636.4835371380434,1,0,1,0,1,DoS Hulk
89879.4524186919,26.974246587376705,56.95118693444212,419,1067,617,432,398,1239,3.4040935718648413,87.92823174295144,1,1,1,1,1,PortScan
86770.58455294673,70.23987210805987,87.66052783705985,163,654,1122,805,1399,133,20.54339349807449,55.586786767872866,1,0,1,1,1,Bot
9594.590297101375,65.89018065748571,92.82167956475944,778,722,679,1478,601,957,3.5195150325164515,27.673529477375013,0,0,1,0,1,DDoS
209932.48112914237,98.91253191087334,52.88052181567664,637,997,960,1163,327,618,18.991356994169063,42.739914693478596,0,0,1,0,0,DoS Hulk
30870.149766701554,26.50472874092833,75.38034837685449,1206,415,1287,987,1295,1184,6.143951068611331,17.54550559167406,0,0,0,0,0,BENIGN
13870.466096940032,67.20595026617355,43.93032723279969,1333,999,598,653,1318,1281,50.161704118625295,65.01776206624628,1,1,0,0,1,PortScan
219595.80984800335,5.202375502944689,74.6082156572893,16,284,595,816,394,424,2.8206213133077807,16.043696682415764,1,0,1,1,0,SSH-Patator
311567.6352753279,11.36460386967194,20.48015249391669,445,1470,1247,754,1495,357,47.25790996152595,48.15395531434509,0,1,1,0,0,BENIGN
198142.67844749623,0.3918374951093262,37.106473480353145,169,517,10,675,547,1398,89.8840907120012,698.9550154763855,1,1,0,0,1,DoS Hulk
165818.74697336124,99.94606810596731,63.42279988136148,1303,26,326,831,1041,1032,74.85760125748094,30.822490140311075,0,1,1,0,1,PortScan
106491.250119862,80.22736971474778,1.815796560707883,339,226,1373,1119,918,1010,94.3955923651756,669.1058898072862,0,1,0,1,0,DoS Hulk
80041.47815698988,78.67230147335408,72.2461310338954,725,1448,378,27,76,196,22.664677375652044,58.107206164781864,1,0,0,0,1,FTP-Patator
9100.489675235081,50.97260752881797,83.55355012681667,1034,1391,230,987,1072,1140,53.10858164052937,43.89391069283954,1,1,1,1,0,BENIGN
52501.449991026486,30.006708290543994,39.91416610939515,132,1333,1164,1253,1449,1033,31.85794531658388,89.7245478884261,0,1,0,1,1,BENIGN
46631.207863061616,15.126428446267592,44.79424171771643,900,847,617,415,1017,861,49.3819795692034,69.20588904274437,0,1,1,1,0,BENIGN
30077.242347628446,28.467473884646367,85.1282212216531,639,1128,764,1479,128,518,55.707582958428844,36.05970331525752,1,1,0,1,1,FTP-Patator
128525.55799970684,37.597122192913915,77.56546353260335,1171,17,48,24,518,348,3.6186130475865164,80.42645335255416,1,0,0,1,1,BENIGN
68493.24839176536,75.6310096980294,28.814948903337502,822,1228,450,1427,303,1427,23.325613521498312,73.81022141696717,1,1,1,0,1,SSH-Patator
8451.944723555855,53.96617889031524,32.397610656153894,953,42,490,672,1135,574,70.47727792439974,79.16839655081644,1,0,0,0,1,BENIGN
24869.626118041648,7.748362655548268,67.88782323905966,78,88,1228,541,724,1027,77.29280245402997,64.09559830409944,0,1,1,1,0,BENIGN
114967.0127597249,1.802900895891224,56.31980924481612,345,585,1432,164,911,327,56.94513674875032,37.93706158394986,0,0,1,1,0,BENIGN
7918.484019491231,10.233217953406315,16.222957109649695,608,156,406,207,815,511,27.08290279486767,348.5785156042691,0,1,1,1,0,DoS Hulk
190519.86230442047,41.049871369737936,30.99299092291664,1272,1289,1074,948,973,930,40.508411672274,65.41513607592644,0,0,1,0,0,BENIGN
68348.70443120784,93.31929170490183,89.99832768786541,638,133,174,984,818,129,9.603681188138458,13.090000796690116,0,1,1,0,1,BENIGN
65505.513743559095,63.74024812092216,68.81744367222635,1047,463,1284,613,362,586,95.31796167925917,81.99143504985757,0,0,0,1,0,BENIGN
89748.80765880748,80.18258998755151,98.59743176855194,1494,1155,479,372,1089,483,86.86774712102881,37.033538399807306,0,0,0,1,1,SSH-Patator
174114.79129444767,46.637459450454855,76.70125299807694,1224,740,222,617,1054,357,6.560234690746336,63.037198936554894,0,1,0,1,0,SSH-Patator
42741.81339452152,36.16660831950428,94.19744321435903,130,1057,268,68,1318,384,16.64906656583305,49.90639149334181,1,1,1,0,1,BENIGN
113325.3897922851,10.840037271662272,21.61885738704754,355,82,809,1376,808,253,58.10944411887535,519.3264920246538,1,1,0,1,0,DoS Hulk
83409.33410349736,87.5933022186205,77.14848748169257,943,928,892,100,1342,834,23.24300741292159,73.80061462013471,0,1,0,1,1,PortScan
31064.814560107072,78.31600290279029,2.021752014779743,149,1155,900,0,1037,1190,93.44006980141283,626.6700536714184,1,1,1,1,0,DoS Hulk
210891.14354403585,16.811809759772512,67.07600217115339,1327,1451,918,350,569,795,75.55905808710746,25.030898834571346,0,0,1,0,1,BENIGN
159665.01337527327,51.22605638762605,46.92822781202414,49,865,317,6,969,468,27.32915129110828,7.422593142373779,0,0,1,1,1,BENIGN
107426.6569384876,48.73748079212449,34.676007192006864,463,203,384,317,1265,492,0.6101411190476136,84.02340673652911,1,1,1,1,0,PortScan
190100.57185416066,62.50915526865286,86.24043522930891,1263,1359,625,622,352,919,79.94473912029747,88.48940747518577,0,1,0,1,0,BENIGN
201962.063822053,94.61868939912613,85.42676926575307,454,961,1242,508,1271,1361,42.408970960106565,16.44965329173187,1,1,0,1,1,BENIGN
123224.5320909311,57.97714417624796,2.230170489864358,1306,496,1077,185,609,50,64.2377711857777,30.947706691953247,0,1,0,0,0,BENIGN
181408.68506209325,54.02172667786186,60.9505122449431,334,441,1223,727,467,1079,28.697482542129748,28.234238193173233,0,1,0,1,0,Bot
119557.96643719838,5.032293293466394,36.78322243209564,1375,827,642,461,923,72,14.287325935817098,93.74485607401549,1,0,0,1,1,Bot
113987.42917288649,6.290747601802393,41.56610015004492,667,1281,1362,342,387,599,67.53115917857457,20.477738193068838,1,0,1,1,1,BENIGN
96393.64190221882,18.734679132678888,83.2040739218776,326,1315,703,634,758,51,45.03245881466591,16.6539232099832,0,1,0,0,1,PortScan
139722.0391626064,3.247077169174828,30.983977152767828,1015,1148,304,712,441,124,23.51697010699809,18.1838549748199,1,1,1,1,0,BENIGN
17269.4175461279,74.33528955700123,94.30488106376201,335,870,1268,1031,1365,261,13.76279995662032,729.8691760937669,1,1,0,1,0,DoS Hulk
212754.63180521532,72.3330303993963,17.963382637214075,665,1198,841,575,515,954,58.04795944416335,88.80198442464751,1,1,1,1,1,BENIGN
205450.33221429354,13.605623443164294,66.27224233681778,994,868,1231,135,842,329,72.55499402075743,39.336741063326805,1,0,0,0,0,BENIGN
2968.3511543022014,83.60789007952809,67.21050670137647,80,79,510,382,44,1346,28.388696212311526,13.607990436635674,1,1,0,0,0,Bot
174764.73762753137,15.478603484611197,25.21951614279182,86,811,1282,185,1442,240,73.5142535347124,585.7219974083399,0,1,1,0,0,DoS Hulk
13796.390740375564,30.11755869973588,32.4750608967202,257,914,1403,638,722,1308,18.31221987327719,20.99349583289761,0,1,1,0,1,BENIGN
40814.69825093086,24.8976899161365,83.47984925799405,990,1328,162,927,755,1287,33.84156910951093,6.415144736523482,1,0,1,1,0,BENIGN
136065.88031607415,37.23070985730478,76.18052549549525,184,1367,737,1395,202,1322,74.48822867999554,88.62313783824762,1,0,1,1,0,FTP-Patator
17525.84347295632,25.466376588996187,32.909588031475955,697,569,340,963,538,1228,66.01435196470793,87.0841276333676,0,0,0,1,1,BENIGN
170356.74221585723,48.8950926438452,53.39565469349339,122,1114,931,560,385,290,27.052362690391252,97.59101602592737,1,1,0,0,0,PortScan
178459.02970122237,40.74078813546854,6.168029625309545,1119,861,529,1189,629,210,12.213500154693314,47.40047549061329,1,0,1,0,1,BENIGN
70819.5305309597,98.65694907793265,20.874588239862923,604,168,33,897,967,1389,4.247342494724194,29.400119821042214,1,0,0,0,0,BENIGN
640.6348617415167,5.592635012822567,48.58205588603991,514,1357,997,638,737,1487,83.79151799192857,76.97837455704024,0,1,1,0,0,PortScan
33832.73427118551,14.218137638735161,8.59737352792116,903,1011,322,320,359,718,7.514194956786002,18.049493208391276,0,1,0,0,1,FTP-Patator
95952.94943637385,5.282589390860249,84.33323548919375,1466,235,1204,1180,1491,321,11.48451522063878,24.329207681628063,0,1,1,1,1,BENIGN
397316.3467974408,62.58411949823758,71.80062101076479,1394,398,346,857,982,357,23.77106302753337,25.568262620738068,1,0,1,0,1,BENIGN
99916.57490890635,5.450927741371958,94.36336706484948,304,587,1215,997,204,916,44.566970423984785,95.161940991218,1,0,0,1,0,DDoS
30083.969701011705,83.64397373761233,69.34669059640271,1380,820,720,284,1270,93,78.9787080236496,72.9822918831074,0,0,0,0,0,BENIGN
100513.75279415504,51.19386306819278,94.04013722621856,1171,1012,1269,1051,990,710,24.748032594110605,133.69479258215344,1,0,0,0,1,DoS Hulk
77649.70067776713,52.70076245815337,55.4512555690965,1308,476,244,350,1072,168,54.35082483597519,9.284587812390676,1,1,1,1,1,BENIGN
151342.52301294656,56.15945077121942,60.02186110619694,656,844,677,82,365,1320,9.03725220500431,84.28148535845116,1,1,0,1,0,BENIGN
11314.701729582906,17.081370630621073,97.69710546262608,261,584,914,665,252,515,46.45110051365248,80.22743230447615,0,0,0,1,0,BENIGN
143140.8480736483,19.769030311448756,64.21291468642603,490,1111,722,1393,77,97,17.763899337730827,67.09945780083551,1,0,1,1,1,BENIGN
77928.60190698894,31.88173228730047,3.07865688607466,737,614,1003,540,768,349,21.119155889056508,19.610065239661612,0,0,0,0,0,BENIGN
329662.1277767666,59.34964158218514,72.38027766305233,1054,605,132,1418,631,735,36.68284341089294,48.02835388892712,1,1,1,0,1,PortScan
41835.60899891111,21.011777594021453,90.54686921374156,701,960,1220,479,986,578,76.13476987008573,60.27259454572739,1,0,0,0,0,BENIGN
100136.36973450231,11.633172713326124,79.55802497943266,886,777,909,212,416,840,74.39864299002346,93.21375268403516,1,1,1,0,0,DDoS
268866.0975568551,97.01168864184322,58.38332726254226,1291,1276,1370,929,1058,400,41.497297648532005,16.94237401974106,0,1,1,0,0,FTP-Patator
10815.299766527462,2.1981814809622913,67.13035130935164,11,357,48,359,1461,750,11.867115419240859,51.54468071461137,1,0,0,0,0,FTP-Patator
276825.39268387685,80.26974053360216,99.01917892516717,1214,1081,1087,213,311,1474,28.06916200239463,157.751638878312,1,0,0,0,0,DoS Hulk
116438.5883557969,78.8035149575022,9.066208850933833,1423,1422,1127,303,1166,1498,50.53557765301382,44.38493405741523,0,0,0,1,1,BENIGN
7024.76502911083,29.7214113845096,66.72448286332396,90,520,212,1178,196,820,86.94117786951232,20.01349746309229,1,1,1,0,1,BENIGN
35805.24164282398,13.56266160073134,28.339769457059383,599,524,118,1403,996,1442,96.82546148133304,836.1862083152113,1,1,0,1,1,DoS Hulk
123159.09951213124,14.562864670542341,64.00903965861701,300,1440,855,199,259,1027,63.74709350239135,25.473627763751296,1,1,1,1,1,PortScan
6972.592739476131,69.74316172371925,60.762357588393876,1134,392,760,237,1389,1347,35.06864904974013,41.71047162440242,0,1,0,1,1,BENIGN
87268.17290949638,64.28065910861737,15.345683210816208,79,1245,678,670,595,368,69.34534536943787,40.77876524921352,0,1,1,0,1,Web Attack - Brute Force
42446.91315113612,78.27456742513867,20.674664574023915,835,1352,894,1190,1215,1418,33.623013582059855,86.62949600217586,0,1,0,1,0,BENIGN
96999.61904748347,93.74811723991047,62.16295780432135,651,1395,1265,1249,533,555,62.547345341660645,757.7974647322603,1,0,0,0,1,DoS Hulk
4682.123927795485,69.1927363266592,12.822994730377413,432,152,279,878,23,1142,24.37665716956766,5.757548901508402,1,0,0,1,0,BENIGN
205211.28448769127,15.585153655144346,26.518087513032285,416,892,423,250,942,1004,26.698870123137798,6.708745716816433,0,0,1,1,1,BENIGN
363019.4375144341,24.344261676541066,83.52455477380025,1237,983,362,1303,1098,965,7.522558904112309,55.11972451307041,0,1,1,1,1,BENIGN
346983.56644917506,84.21937308731145,32.70915060016386,1470,479,1020,475,922,1014,42.014115221317496,42.77190273577934,0,0,1,1,1,BENIGN
138490.26569612298,20.93060758342086,48.80601562696629,17,582,1329,497,1417,1213,61.81745200956678,27.558422053684207,0,0,1,0,0,Web Attack - Brute Force
13936.119883380577,7.252231695448142,94.11403351458402,1077,856,313,977,678,1439,78.87949438106212,79.26209382074053,0,0,0,1,0,Web Attack - Brute Force
141990.573116036,70.32800540422505,22.71490888369463,745,19,1190,996,1481,813,81.03485448376937,12.863517189899943,0,1,1,0,0,BENIGN
2489.4222282511314,40.2526355490142,38.96260173580104,239,592,1417,700,109,105,99.24444495071639,97.40569128701519,0,0,0,1,1,BENIGN
2237.1947734473865,92.00400525459035,60.64577755435457,845,227,769,1434,89,164,8.775572583696189,2.410250675216097,1,0,0,1,1,BENIGN
39098.57702172302,65.02550710936616,75.53389295039722,417,1369,1086,783,36,637,49.31367684458288,11.823072461084362,1,1,1,0,0,BENIGN
67068.76749216802,9.041897779166074,90.16533867127052,855,18,271,428,821,1369,52.137457540241336,311.316654275852,0,0,0,1,1,DoS Hulk
147144.89225838566,94.78565672536607,91.54729875735151,1467,443,1060,538,992,1121,80.45334263778923,50.914909525550314,1,0,0,1,1,BENIGN
114978.57268908189,25.85572636402459,77.6640074372623,598,367,1039,900,571,1023,26.635851558884703,21.613615847932387,0,1,0,1,1,BENIGN
59041.49873957085,33.72124904062858,22.833083659331045,1146,898,342,1466,583,330,6.9372319939467015,73.62151488540263,1,0,0,0,1,BENIGN
31969.1162558407,40.2260413683542,2.4809330042565803,419,888,345,967,306,1393,31.375881026841967,35.75419034259898,1,1,0,0,1,Bot
585152.8761656979,5.122429640431325,38.37739303556238,215,725,232,209,61,1465,98.39278290642609,3.8538333396937574,0,1,1,0,0,BENIGN
55544.17901100341,49.65154222306049,14.154885098782334,1443,146,989,490,304,1143,89.94411978245863,87.77219674406442,1,0,1,1,0,BENIGN
60036.20484245429,12.331849107529225,71.0387647438298,708,429,575,470,178,298,39.52469609466516,94.38656730860629,1,1,1,1,1,PortScan
17867.67924545557,40.097032668835176,66.11305868257168,550,847,415,567,539,855,87.62719987450606,61.856362243704424,1,0,0,0,1,SSH-Patator
158381.67006373082,35.07097879920843,4.397164162145484,965,1463,904,663,931,1166,3.275448411665871,80.6536388570405,1,1,0,1,0,PortScan
118313.22380365738,77.28400834265034,83.65937791309511,1251,197,266,1486,931,706,31.420407746420054,12.111153869330183,0,0,1,0,1,BENIGN
24944.852945317598,80.3170511632731,24.874326629118226,1260,996,996,549,844,1116,72.68118479875444,26.882028178666463,0,1,0,0,1,PortScan
8597.30569023787,15.3412882389088,43.22270754910422,1353,1310,1349,197,1467,1320,22.145225101683895,32.523168767818376,1,0,1,1,1,Web Attack - Brute Force
114099.58207372404,36.65511873792262,66.79337354557424,832,564,743,520,1059,446,19.839095148730667,96.07531669484962,1,1,0,0,1,Bot
106279.5094423143,37.33531610318317,42.94187868522533,1492,368,910,1348,749,479,86.18075459643734,51.22226399073675,0,1,0,1,1,BENIGN
31918.584867373967,15.141044393608505,44.12878027999434,679,1263,442,687,1096,733,61.59539610767438,0.7413558813959997,1,0,1,1,1,BENIGN
301315.4406385109,79.84535050511906,6.5627995335740374,486,801,559,466,1053,873,98.90227183120358,38.01858228700955,0,1,0,0,0,PortScan
16376.428319465087,70.72283283354233,40.14435492600038,622,1310,75,595,738,1281,13.46696762791485,7.75060086557644,1,0,0,0,0,DoS Hulk
56622.34725034117,19.038178629703474,76.48478932199835,1438,699,246,138,1326,521,35.61284072331466,23.780574047244585,1,0,1,0,1,BENIGN
287556.84327996545,36.6721908593799,91.51763371865978,218,1418,579,1014,1370,1398,31.121337180368446,45.47000671411774,1,0,1,1,0,BENIGN
54425.714269355005,10.580502485651422,41.34971370633718,720,995,312,241,796,1450,88.01322377189096,323.3930554208366,0,0,1,0,1,DoS Hulk
101756.50177301027,62.820659709304394,42.358582687907884,380,517,575,315,1088,1124,25.529652004301063,3.2734212285170705,1,1,1,1,0,BENIGN
50682.43030091396,12.137192454861967,70.26271063236521,86,774,342,666,746,621,35.346099767417,11.633572240877943,0,0,1,0,1,BENIGN
32050.173006688125,98.59341686249178,94.27720011052766,1484,560,714,732,626,758,14.28338756754275,55.08865612227329,0,0,1,0,0,DDoS
413377.0529131774,78.06820746878623,26.70609402393602,814,59,1205,134,452,243,77.54009826491871,69.56049043844853,0,0,0,0,1,BENIGN
52650.457584542324,39.023854958399504,44.014420653793685,410,544,983,1211,830,22,23.770328395885286,404.54901223290267,0,0,0,0,0,DoS Hulk
224525.25068481322,57.85639322793544,79.59732435523011,690,1016,725,578,757,1377,6.832027223221948,73.14817464249069,1,1,1,1,1,Bot
26130.581248389044,91.13418162164088,60.96935693740385,1012,302,631,1092,860,465,43.510873269089664,163.3328885151437,0,0,0,1,1,DoS Hulk
23966.00813788579,55.40992803958261,11.058634396395473,524,1267,398,438,818,1248,39.14581239615347,12.205794780768608,0,1,0,0,1,BENIGN
3162.9049095555,17.44984863979552,62.77327355622657,446,1230,1264,76,1392,864,17.760920430537553,83.94537159432758,0,1,1,0,0,BENIGN
105459.58588759897,37.87033555811593,18.674628459732688,299,1398,713,399,1060,1467,13.359755989601553,339.21334849219966,0,1,0,0,1,DoS Hulk
45969.905417220136,84.31448650297455,51.02159340784041,407,282,923,373,380,268,89.65572133832607,43.22479219444243,1,1,0,0,1,Web Attack - Brute Force
199773.80588267936,64.42130159896179,52.910326766043845,374,477,291,1035,1242,532,6.784448655123054,94.75816023172965,0,0,0,0,1,DDoS
64095.31147028137,65.07243843338003,87.62033622249848,232,1045,53,757,648,313,9.931095669631995,424.1123279371093,0,1,1,0,0,DoS Hulk
344808.2341200801,86.68214856884892,46.249427401243814,637,558,1168,748,245,119,24.504728113840603,0.3490105851904235,0,1,0,0,1,BENIGN
20521.21782608384,89.39730574625047,27.94424222358942,649,348,1379,763,250,980,95.28391896565022,93.79719395498357,0,1,1,0,0,BENIGN
202968.55047299105,91.97925717794362,23.096634821603157,960,669,982,416,564,1143,8.538424951985512,14.118633485827981,1,1,1,0,0,DoS Hulk
149877.73046742976,9.48491932531561,87.42518766843361,1072,257,476,206,908,709,81.60148267428822,66.2286283729198,0,1,0,0,1,BENIGN
147369.20438900363,54.41260019631009,17.10108544182284,185,654,21,340,1369,135,89.20521533188271,32.28909095325035,1,0,0,1,1,Bot
186293.26108145888,74.05095212183186,42.58685608831437,1228,1070,1354,720,820,1100,37.78677414508854,47.0390756560205,0,0,1,0,1,BENIGN
143139.21126037271,75.69268451270138,18.717311492694698,77,1050,1315,310,714,1377,29.38943998318424,54.72851676961841,1,1,1,0,1,BENIGN
98408.87504235638,60.67162019700039,77.33040401143754,1409,1050,1259,1331,471,1081,67.7377728257408,40.84600572955542,0,1,1,0,0,BENIGN
14069.398592758247,16.678733518367416,47.4372639974619,193,1420,1052,1316,121,935,70.26346006102229,77.43687871821682,0,0,0,0,0,BENIGN
3306.691334998571,79.74205539416643,35.1143690556812,1126,144,694,624,1349,1109,77.99771628241555,930.706409664446,0,1,1,1,1,DoS Hulk
253638.3301814264,72.01113335149458,36.10996406264668,1399,586,159,1399,780,0,83.05667813289257,8.641205211886827,0,0,1,1,1,BENIGN
95880.76894307802,8.613577154903629,85.22142067229794,286,521,909,1363,747,76,26.839545601234004,80.0252881234973,1,1,1,1,0,PortScan
159227.25389316396,46.380982467437626,55.37739542944381,249,1144,529,82,120,960,68.6961601886649,128.67114090064513,0,1,1,1,1,DoS Hulk
65685.83602697946,17.39773995218036,71.78678511312636,1224,800,100,1475,138,1467,13.490572428467551,8.027718324960775,1,0,1,1,0,BENIGN
12477.916417400802,33.74770457129719,89.70385162506845,535,1485,1313,1026,86,580,51.07313315441536,95.58314527221287,0,1,0,1,0,BENIGN
13374.37491163384,1.8081092205685434,90.17416760406421,1484,381,1400,1479,129,147,61.28869165125944,48.9297781491274,0,1,0,1,0,Bot
115697.88149447113,40.032986841075825,32.850905433786316,299,775,1196,872,251,573,16.173193667654793,15.26032910092886,1,0,0,0,0,BENIGN
56265.57199241903,54.987692115621044,95.24512631463853,1106,672,342,235,786,185,7.65065397195408,56.99571132170897,0,1,1,0,0,PortScan
22379.967489163613,61.95825928270868,2.4875882014605444,808,1441,578,388,1383,521,19.474628627619296,26.323713876955303,1,0,1,1,0,BENIGN
67647.60134093309,66.34903451287101,37.68355610161657,457,326,1214,392,1453,161,42.05887478523671,46.43090168079942,0,1,0,0,1,PortScan
6636.305079345967,83.629131310246,89.57988575088416,690,1414,1462,746,46,1313,88.78409778153747,62.465959387991035,0,0,0,0,1,BENIGN
87220.54323249507,21.546290727573002,27.463687981698293,1321,1320,789,29,500,1444,53.19144245347272,86.92698288699947,1,1,0,1,1,BENIGN
31333.27966124574,12.048182243846794,27.308145032131836,1387,629,1366,981,424,195,74.84928917339906,0.3081398269308311,0,0,1,1,1,Web Attack - Brute Force
159730.72900319617,85.15371718979256,30.26222850818887,717,83,844,1171,1398,33,17.414452829144654,21.414066091594876,1,0,1,0,1,BENIGN
37158.83971801938,15.661281489264988,61.23133848469222,39,145,124,604,964,407,10.597819805522546,9.627054291877958,0,0,0,1,0,BENIGN
60737.35091953125,97.47600813361953,43.83327756143538,1363,1194,889,282,730,1320,23.961735763223977,9.70977015590625,0,1,0,1,0,BENIGN
1168.8586050930903,84.2538229398637,72.67348363533426,107,1357,668,237,110,536,31.388041279035907,94.57774131399049,1,1,1,0,0,FTP-Patator
7520.522230669786,50.08766058895991,89.49106425646659,1339,423,1383,730,1250,35,54.81020188221994,93.60829345150525,0,0,1,1,1,BENIGN
49839.24970857172,98.14214249220252,67.41993749428606,1137,1332,502,1342,1062,1287,88.12433203644407,74.93080797012331,0,1,1,1,0,BENIGN
65380.88487800126,9.737672910800422,20.44667201975755,1190,660,172,1360,134,1405,42.60926167773654,64.30630424009155,1,0,0,1,0,BENIGN
91634.21034919133,30.306576117510165,93.26819023605022,260,762,886,30,1318,113,51.87981878449701,84.7970446357703,1,1,0,0,1,BENIGN
34483.471507445814,63.822441504061146,26.44928733474785,1247,568,1417,977,609,604,0.4613535984920647,58.40873809056757,0,0,1,0,0,DoS Hulk
118738.41143891859,35.00068684731787,14.989429532815812,1285,346,1484,914,1057,442,3.331206289128663,11.948579310122842,1,1,0,1,1,BENIGN
196698.75044031022,92.83725519807918,8.996727886096089,1274,1325,119,206,986,1186,8.376919992754761,31.7112923296334,1,1,0,1,0,BENIGN
151345.06386975708,6.562608817781756,56.33837406661656,525,346,272,902,427,37,69.89940854790287,83.24923798965135,1,1,1,0,1,BENIGN
4042.5016397703157,54.941183206096454,11.376246248065181,709,407,1381,1252,1091,91,48.619136877191735,47.22325427665102,0,1,1,1,0,FTP-Patator
65490.18415021083,59.08662673951145,13.877588411263076,125,132,1409,582,198,630,19.29611985318581,50.35747634376183,0,1,0,0,1,BENIGN
11085.355080954614,65.27281237772242,30.003048059549663,1229,613,912,1365,559,671,59.259943868981914,229.2654296538076,0,1,1,0,1,DoS Hulk
27713.12827847182,25.566622333181442,28.16530096844638,1163,987,875,459,258,100,54.46121518190361,64.83874811735261,1,1,0,0,0,Bot
431718.26552294334,36.45664275198644,60.42395103321423,1085,105,857,135,724,506,8.879930180999573,88.78421540622642,0,1,0,0,1,BENIGN
15372.890217305863,84.36805296649777,81.67452794726815,1306,170,1342,977,673,178,64.04127727171462,32.95142198584675,0,0,1,0,1,BENIGN
69092.59562090074,19.494276897015983,76.13496562028924,53,639,260,283,136,283,76.71548726305102,61.91859397698841,0,0,0,0,0,BENIGN
96274.24349612865,82.68678471733621,26.248445471647674,345,1273,1304,849,915,354,28.655440770909692,33.19489641118221,0,1,0,0,0,PortScan
121222.33148577382,56.26554229027424,24.53104979859799,135,261,1352,350,935,1320,68.74888619943076,79.271911183433,0,1,1,0,0,PortScan
82018.24240381106,76.21875111940821,96.57915301069676,329,493,1147,16,380,487,19.9719517008784,47.49597369923172,1,1,1,0,0,DDoS
981.8895384563226,71.36073662634715,0.8236241591960125,1167,1267,1499,1238,237,1005,75.67288137117448,33.94690222197047,1,0,1,1,0,BENIGN
39520.983599786014,20.7511495384879,87.97205330602158,1459,1474,277,1418,1307,278,91.17741691227202,42.00488542112919,1,0,1,1,0,Web Attack - Brute Force
72921.30935726833,56.88127364338729,19.972851912240497,1305,902,92,1422,687,543,44.18671238016471,9.122752139622825,0,0,0,0,1,BENIGN
9196.891710405072,86.77231528050923,94.72843230897678,135,289,958,413,457,649,24.462207821161787,86.61171533224406,1,0,0,1,0,DDoS
43174.78910836826,43.211623680192936,34.23072848275197,812,1286,822,1267,1158,930,39.91767021976999,95.80690553381048,0,0,0,1,0,BENIGN
3376.684570552405,96.65907702233167,44.03517738932523,851,1337,127,1118,81,354,25.007747265571687,47.74141797354166,1,0,0,0,0,BENIGN
8183.768960808725,45.221510010171805,70.7120613944381,1424,84,531,5,594,1342,0.12393757663754501,22.13372080781394,0,0,0,0,1,BENIGN
50571.08535355949,14.278563666788468,58.76690514732603,870,1438,772,779,653,194,65.04566118044451,66.46561990889387,0,0,1,0,0,BENIGN
14238.850592466137,38.94346800776732,31.79393297068228,891,1352,166,86,1232,803,4.2526641962196905,45.23814795411427,1,0,1,1,1,BENIGN
83826.74039181207,95.17024063905372,55.38309158678235,1472,44,830,188,402,92,21.039074021723103,25.23000808384197,1,0,1,0,0,BENIGN
116945.8563158434,31.97208493398542,73.07068843628862,634,814,235,419,821,432,72.24495561298211,3.8433143490149035,1,1,0,0,1,BENIGN
161237.57191107594,86.80981598670628,4.23349459024921,668,332,1055,1090,187,557,66.57250139157834,88.97044517885121,1,1,1,1,0,BENIGN
22333.13742578472,88.12506816818897,1.1199305255704117,1293,464,1254,247,492,1050,7.3328912046165655,79.67343520450476,0,1,0,1,0,BENIGN
18330.113513507695,35.01865243319611,45.80669390728913,1040,199,190,859,254,1438,66.0054741079077,82.90060576393795,0,0,1,1,1,BENIGN
11044.881728507567,8.325765805063213,13.183661780351418,268,1224,656,206,1346,161,93.05748895757826,43.983973093138886,0,0,1,0,0,SSH-Patator
101178.41147041305,72.45579091588182,66.43442914647144,860,328,612,1228,424,100,7.450246901818314,75.32553919534276,1,1,1,1,0,BENIGN
122579.49395115995,31.1512299013986,21.40524562274342,481,239,1480,1342,1438,698,41.568822767663626,58.122526387999564,0,1,1,0,1,BENIGN
3209.574673603211,78.29236142575724,43.2851106795671,1242,797,254,1106,1190,1496,72.94338901141414,37.47752964134931,0,0,1,1,0,BENIGN
275219.4054448909,44.26548482604331,19.767093687426897,1342,701,1302,423,484,157,66.77230031779133,84.27420881221799,0,1,0,1,1,PortScan
5337.048567900803,48.52667423426216,54.848358574912446,1261,582,972,1105,435,491,22.65105424694983,99.87575480444183,0,1,0,1,0,BENIGN
77935.0888095622,77.79094067485369,11.60534593845689,284,656,1079,548,179,918,16.306727749670635,89.92823072743599,1,1,0,1,0,BENIGN
123464.0004061239,38.23633310616279,2.310685278748026,1060,1382,648,486,1094,1032,78.4247004040932,77.61919716863058,1,1,0,0,1,PortScan
204770.3552454761,44.31273453229145,5.113163810669718,102,720,105,132,900,1235,95.62446552387966,74.75079721923768,1,1,0,1,0,BENIGN
125206.74728720263,37.619046876962216,95.425844151531,1453,359,191,114,1464,1462,76.75834675428291,65.02488430168547,1,1,0,0,1,BENIGN
161811.58725967258,36.734051527728,14.228621861093583,791,1401,1002,376,643,823,96.32044821977502,85.36174968395771,0,1,1,0,0,BENIGN
41468.27491464336,52.594657690145944,70.84782531368351,238,384,1301,976,138,678,60.499542413704276,49.3081247824666,0,1,1,0,1,BENIGN
168645.45693479234,80.87994445011508,6.792620422282624,740,1488,174,210,786,785,92.9098860691917,18.1729510197993,1,1,1,0,0,BENIGN
8350.644975816265,36.176831192256586,10.816035223518217,644,1245,634,131,101,991,69.04356945448869,76.80497242692064,1,0,0,0,1,BENIGN
225205.0318785216,52.42547205377367,50.887625140933466,1148,798,84,1397,467,110,90.88847502010866,91.95063741758854,1,1,0,0,0,DDoS
79317.16828789294,67.07273254426008,46.48709301543437,881,364,947,153,282,840,16.158896796959077,34.13522919304995,0,0,0,1,0,BENIGN
169989.76096655187,26.9439446303655,95.15803094398696,606,71,727,919,1052,202,81.55652157439489,78.29832979571356,1,0,1,0,1,BENIGN
60206.09719350464,27.752280490239258,94.48354530207374,187,1263,1239,1446,17,1088,19.674580095345252,27.372270308241408,0,0,1,1,1,BENIGN
103163.90017200887,93.34131270234548,77.9608642542465,887,503,1037,951,755,1184,2.742910194595727,94.2600273358682,0,1,1,1,0,BENIGN
74739.78139587695,72.35345733310886,60.21018301273497,1279,1437,1060,805,686,413,51.75861340429629,68.34609920137866,1,1,1,0,1,BENIGN
131523.78349869206,57.71866762233089,45.4960317393011,986,126,1050,1389,600,689,31.825178056184434,56.927598718239715,1,1,1,1,1,Bot
8515.489988895617,64.7720054420612,35.617853432842104,923,1271,69,146,1043,265,4.353136178801787,77.98701579035749,1,1,1,0,1,BENIGN
6225.003131901508,2.9299443103418366,94.70875469755555,793,481,153,1150,1349,571,98.03043787281594,813.2311705575416,1,1,0,1,1,DoS Hulk
28382.715753991637,61.81029655616969,60.29088114246856,529,1335,1461,1331,1379,204,66.64660954899928,89.23698982253471,1,1,0,0,0,Bot
17381.148651515006,50.95088732242019,57.90725276859945,675,1467,764,714,432,583,90.18121732155987,90.11195328474305,1,1,1,0,1,BENIGN
205403.5557002398,54.574967977943565,23.190112176891486,391,282,270,1141,1422,1179,99.90825858719482,52.69082555354654,0,1,1,1,0,DoS Hulk
24745.415818055393,35.94238268308171,4.669781788511306,1491,1025,540,230,1041,172,39.1966736671092,12.290760801279543,1,1,0,0,1,BENIGN
372410.2809434093,8.14738977129419,94.51885797595445,1276,73,1097,450,375,307,25.47370287341152,82.60608781872082,1,0,1,0,0,BENIGN
41082.31243314293,19.33392336120522,31.37352588446539,671,1087,570,1168,1363,449,18.388439268682877,94.60516533801783,0,1,0,1,1,BENIGN
20103.710397885287,95.07447132126717,44.25890233244587,860,772,148,906,1173,61,51.51871077913426,30.767184812394056,0,1,1,0,0,BENIGN
155921.30975943475,40.8699562270934,11.463994358570684,1199,346,9,1072,1010,1396,60.60807775021575,0.8601818432715347,0,1,1,1,0,BENIGN
107501.62053415187,46.66831558308642,83.6924329909292,465,323,643,106,715,1483,47.242273603252485,32.27051890351979,1,1,1,0,0,PortScan
68954.51087234338,5.270978985343899,2.7631832855930627,838,238,61,92,1256,474,38.72520148456824,38.286413597257166,0,1,1,1,1,BENIGN
81049.82991156206,3.756622954398059,83.39907620990965,987,1420,1411,828,1127,1404,16.827256345912833,76.10333647234023,0,1,0,0,1,PortScan
127011.89397289662,71.71814470467577,14.028501278796679,1312,336,773,139,1023,85,44.185962381062396,4.758466563783914,1,0,0,1,1,BENIGN
25935.994568670674,53.80946641211113,88.6564112631152,1073,340,1255,1337,736,1166,8.524313707906494,21.264023609266026,1,1,1,0,1,DDoS
560863.1232047705,50.87059842162667,72.97726373361574,3,1302,527,10,220,1030,86.50477588875918,89.39685861946396,0,0,0,0,0,BENIGN
368063.9977890095,24.312453042266867,16.46702625073051,851,1376,444,447,1049,294,4.690265209795941,15.482040945143405,1,0,1,0,1,BENIGN
105075.30901325568,74.47507316299222,56.58179928594681,1246,945,1344,926,1087,738,38.06460617315547,75.92476519683427,1,1,0,1,0,BENIGN
22257.177846889335,16.82365791084919,31.265631435521946,1285,891,1106,394,253,525,10.01378690429685,36.13104155790759,1,1,0,0,1,FTP-Patator
114014.77952753687,18.993474366102003,17.823309891158345,534,1486,1457,377,1272,33,77.49804994670782,66.26602149213862,0,0,1,0,0,BENIGN
7493.737183429329,46.07121713482755,85.91821994111083,902,461,16,360,735,751,31.273697882792682,7.384650330299191,1,1,0,1,0,BENIGN
3113.211652361948,28.62798621119409,40.35227665072294,1399,1316,368,682,825,1352,11.310561265255481,28.655794508604338,1,0,1,1,0,BENIGN
29797.875313889654,24.746298123314638,39.85437143653825,1084,797,683,1016,1154,779,53.149129886451384,42.478973749672,0,1,0,0,1,BENIGN
62105.530187343895,64.52376445533316,16.988667480662002,1379,732,907,641,29,637,91.627700722954,85.7212626077789,0,0,1,1,0,BENIGN
202701.99251908404,65.09717452185446,38.306567608577865,645,1430,582,572,786,1057,90.86448711192034,56.34958576461177,0,1,0,0,0,BENIGN
129890.2978817889,82.45170697999292,87.16168463288501,23,161,254,996,9,794,24.96510411327899,4.522529307768918,0,0,1,1,1,BENIGN
135753.7904749322,41.77085669729759,36.31287104896359,1316,447,455,922,1112,405,71.96596759602335,80.18665733261261,1,1,0,1,1,PortScan
55424.357940741385,7.308509102615024,95.1603562499788,556,1478,642,395,429,1041,3.0284192840991264,5.452148895148257,1,0,1,1,0,BENIGN
42454.85326894826,27.366638492145768,94.63088992083874,690,264,560,185,1170,1453,13.18517965034246,93.43665639919007,1,1,1,0,1,BENIGN
46368.565054729705,98.00054631968169,14.489865930734602,355,1009,532,1244,1150,427,49.94723703137795,211.71744604038958,1,0,0,0,0,DoS Hulk
439406.3891516504,59.62585752327021,17.73112535226449,869,131,1415,1323,697,913,22.875643448835213,48.792614465705476,1,1,0,0,1,BENIGN
4093.574204392867,70.97370848010203,86.26740703318892,940,119,319,1198,123,292,79.8261853960138,7.228096876630907,1,1,0,0,0,BENIGN
201764.2991755739,0.7357829625414536,39.27609189247192,574,1242,219,370,1364,579,93.10721720526612,56.17123862977665,1,1,1,1,1,PortScan
86435.17413526625,51.820573218252086,0.43739822830093367,28,1440,698,1227,50,1103,0.43333164827822346,49.72287007284817,0,0,1,0,0,BENIGN
57734.908103465954,3.7528657531803122,27.3871819705371,356,671,1437,607,397,1109,23.29158296009798,41.0248534881343,1,1,0,0,1,BENIGN
129192.15674888705,56.9230212091448,59.762899319556,364,504,31,281,313,47,43.95533460762273,3.5572917034039753,1,0,0,0,1,DDoS
66683.4303599214,92.07708496360753,79.9265965959968,607,1323,714,1439,647,83,56.307928835238855,87.8936378651503,0,0,0,1,1,Web Attack - Brute Force
206690.63412677668,96.84191305004079,13.338861709325956,408,108,753,1056,513,606,91.59027775921011,80.26365988128626,1,1,1,1,1,BENIGN
230962.84796203746,54.055267538892416,11.054136441673535,1289,1261,1039,81,501,307,89.18834905152934,63.30300203289908,0,0,0,0,1,Bot
54769.870135402474,45.8204805252216,92.20926535723316,1314,292,408,147,529,251,63.71700994679659,57.222998263393045,0,1,1,1,1,BENIGN
32410.790708514192,94.5017094248494,75.11483678225827,566,987,827,964,696,179,25.738801408388458,69.49464313698313,1,0,1,1,0,BENIGN
89734.71219409093,67.3609831996695,58.97796007780784,1176,827,172,991,733,1333,78.32878098783613,14.399001591436722,0,0,1,1,0,Bot
243455.5939523599,6.489927953840946,76.9186789995928,218,186,1202,947,859,425,20.265177128723177,93.2644246316484,1,1,1,1,0,FTP-Patator
23656.089895002457,46.57255776674975,42.88543613066385,172,1059,935,494,418,38,96.51723240968167,28.467329150464092,0,0,1,1,0,BENIGN
97542.14576995755,24.02450184643039,75.84557473091266,607,255,1127,1193,193,1302,0.5839915733998002,65.64902724430023,0,1,1,0,0,BENIGN
99847.80002255435,46.98043214486815,37.18029912745357,1035,1458,1340,722,311,815,56.977050390790154,60.67556811419047,1,0,1,1,0,Bot
132093.00151268556,45.54655720063617,24.409457249260235,1385,1031,706,702,995,624,8.839724692162775,63.66139797156086,1,0,1,1,0,BENIGN
14106.562970266043,58.2144802814742,72.90134212929686,857,747,975,1030,721,375,40.75995301820213,87.89521230821123,0,1,1,1,1,BENIGN
125816.49091271099,35.677049034925126,41.96722921572683,656,1201,782,1403,1322,40,63.49335403104172,29.591120665061975,0,1,0,0,0,SSH-Patator
239725.3206289245,16.427044945592804,98.13771043261949,968,1265,1204,825,1352,46,68.95984955919164,74.89481882526573,1,1,0,1,1,BENIGN
19806.456078014457,50.37194345899563,34.9485182308101,1105,40,131,433,475,184,78.55694696739351,598.3910639391693,1,1,1,1,1,DoS Hulk
27120.959168716196,83.0202884345762,92.17274205310659,1363,1380,662,1057,583,71,59.33277027647701,7.606033095464015,0,1,0,1,1,BENIGN
355417.70388615114,66.40122280676023,93.29625485670795,440,756,1178,562,116,568,25.131935128599448,41.415468088197514,1,0,0,1,0,BENIGN
19964.30547551579,33.836786592521584,24.185294706474615,616,112,358,137,263,573,88.92532429348715,83.79515732657444,0,1,0,0,1,BENIGN
192678.9767756658,93.55230227588572,79.82211815880133,225,767,1258,366,20,341,81.11074130136876,31.534738893058588,1,1,1,0,1,BENIGN
67782.09425535491,91.22075712491822,43.30745051445651,370,1189,759,105,476,568,16.005231770685,48.226388331287595,1,1,1,0,1,BENIGN
28399.696999437045,20.934839938409876,91.7524727230348,27,853,164,793,548,963,82.6511184207849,48.86385681536599,0,1,0,0,0,PortScan
204600.6001744849,3.9417585120362975,45.01242726352388,1007,77,716,1055,1196,1266,97.26445159104817,618.0098668058625,1,1,1,1,0,DoS Hulk
58933.73255599558,74.13087083507622,74.4303717337366,994,718,426,635,947,327,63.72191168079176,88.40178597901833,0,1,1,0,1,PortScan
72322.98691011181,82.76102613491533,46.69674091637979,15,877,676,986,1020,152,28.180522311389378,173.53919878515643,0,1,1,0,1,DoS Hulk
44508.99591778078,96.78645659513553,22.780075571285618,1300,1219,487,957,1085,1278,60.65938312734143,50.46168826401256,0,0,1,0,1,BENIGN
89882.13426850786,88.98363940883107,19.935012894468628,332,401,212,1191,205,728,34.2535069148299,42.42672592876121,0,1,0,1,1,SSH-Patator
17855.729761763138,60.053476820641485,42.54311942563456,482,832,765,854,630,1447,67.59464706423063,29.592009010059638,1,0,0,0,0,BENIGN
49607.090636347355,53.00523392123808,75.5494657014215,565,63,156,77,178,231,54.47999594558735,91.96081769537723,1,0,0,1,1,BENIGN
348715.80418211437,2.784105126258629,60.50714851807668,1311,651,1098,208,887,175,92.94906120897512,0.8171092407713965,0,1,0,1,1,PortScan
29858.588042400617,24.665644684477783,68.86292899005433,113,885,434,1434,341,550,61.79085432008028,12.21047926303771,1,0,1,1,1,BENIGN
106925.73845171028,45.96147517329264,28.232635073194245,37,1448,1201,7,439,142,21.39816837271691,73.33444499161097,1,1,1,0,0,BENIGN
39332.42043889271,62.85039000835678,48.14353459576055,453,1065,841,736,1098,16,72.51098733418847,26.344160468691346,1,1,1,0,1,Bot
148489.1690707165,55.725183331841066,4.4395264969327,741,372,644,226,289,248,30.08783178608819,72.31792610922435,1,0,1,0,0,BENIGN
14026.677961013675,74.26359896816905,81.75324159581207,165,305,311,174,556,1058,27.239095294880432,832.2536107155628,1,1,1,0,0,DoS Hulk
350061.04544243996,27.976693088704085,98.98921622398747,693,208,126,80,1167,800,39.17766255745035,25.46160168345302,1,0,1,1,1,Bot
60475.09221647378,56.49526076524732,40.68790626246709,204,466,376,1080,648,999,1.1996679062675653,19.19442878630242,0,0,1,0,1,SSH-Patator
26925.354349772024,8.814224339079214,1.096365313154335,877,931,1368,1158,207,998,96.91406601612803,14.530063268115779,1,0,1,0,0,BENIGN
7633.772255593707,41.366552358320696,16.979263955094737,244,1327,224,237,271,145,53.23311113586983,20.008861088244622,1,0,1,0,1,BENIGN
18603.794010459394,75.0160832954601,65.25268777504188,1356,1415,1040,1495,414,925,77.34938938729603,26.718538911719158,0,1,1,1,1,PortScan
73349.83454295815,69.3400853429044,61.207931820385916,942,1176,496,1240,1420,726,25.78522223778783,86.87498165405087,0,1,0,1,0,BENIGN
41098.50798051666,99.0642737172179,78.78647195855439,1419,646,472,1049,383,164,74.66181316336255,77.00044132524326,0,1,0,1,0,BENIGN
176540.98841221575,27.7891125987756,25.388401096106815,820,361,1334,186,1284,1134,56.71705022781354,0.18443169182416064,1,1,1,1,0,BENIGN
56367.71906855924,49.81892991739792,76.36319155471341,506,1287,1160,629,890,646,42.414417377950244,87.41191420980978,0,1,1,0,0,BENIGN
28596.9236975851,32.95304137739967,68.79840215236698,923,1239,474,1139,1190,1097,97.0669226196462,78.81229970197766,0,1,1,1,1,DoS Hulk
96009.89165734679,44.060311405917474,32.28144977138433,1144,720,216,1013,1041,667,49.38437141464058,65.52656175468728,1,0,0,1,1,Bot
122682.26069593448,85.6950129869388,54.548814805696196,1282,715,195,814,659,353,65.74585818896769,15.147476821682638,0,1,1,0,1,BENIGN
18277.194768584683,68.42090751884867,14.727380849832672,409,542,200,613,246,1297,1.5342191489879697,6.227581051095621,1,0,0,0,0,BENIGN
18346.52701307607,88.24411913475817,45.256450343558264,309,193,365,891,1319,942,30.14552064986483,75.97706975211777,1,1,1,0,1,BENIGN
3736.0728009482737,20.351110833188645,88.1197339555641,67,651,718,1186,413,1302,88.86915661600663,46.7203113855843,1,0,0,1,0,BENIGN
133333.01207898342,87.3361117841438,42.11913798253908,113,1050,399,1437,1343,1054,75.89590611160189,59.90625133111591,1,0,1,1,1,BENIGN
109006.2525147099,5.976227417838443,83.9566706475422,219,1069,589,177,714,525,53.675403617564974,42.53530187974589,1,0,0,0,0,BENIGN
64365.41696352928,88.85992804371524,59.02533652596944,219,646,213,984,180,509,90.01597071132854,6.717186250784213,1,0,1,1,0,SSH-Patator
185899.24906761502,32.90737794607279,19.187671310235675,1496,953,340,279,1319,177,48.622051320755574,73.96181662869746,1,1,0,0,0,PortScan
163819.83211693514,31.458763341406648,58.11062446978964,729,1081,1352,797,943,328,56.65070641877756,82.03511211688266,1,0,1,0,1,BENIGN
88033.10136359216,51.20885766986639,50.598332915706344,748,1036,958,1235,892,800,38.215284719754564,4.142054308870025,0,1,1,1,0,PortScan
202701.06265290026,94.06901877232318,39.8641335196384,942,948,118,1077,60,687,62.00400367228842,37.571719698393935,0,1,1,0,0,BENIGN
23047.185037057356,4.778136468140537,11.963043951607034,385,960,1448,66,1232,1195,31.90015309208738,55.73165370701601,1,1,0,0,0,PortScan
11869.302139028458,35.22309750707453,41.670866384722984,1321,48,835,543,165,1419,38.54921775423572,60.518342276691726,1,0,0,1,1,Bot
31436.780572810796,85.65719886833357,7.276237623962711,929,802,841,519,1008,937,96.63262632072687,57.81529411412988,1,1,0,1,0,BENIGN
5878.110672996271,39.60544774354668,9.876905139875126,1276,1117,866,498,1323,979,11.130867979959014,69.29406539021295,1,0,0,1,1,BENIGN
75751.40428339438,19.9156897597067,41.591653293271605,404,606,1396,945,654,734,10.525534524604097,96.68162024195229,1,1,1,1,0,BENIGN
275838.12054019666,42.47941813314118,30.53814819684637,491,1474,1202,1454,350,1058,4.331601945501573,39.05865211287111,0,0,1,0,0,BENIGN
4013.8416409382235,38.55525014916693,92.55443258622235,356,1402,1455,726,1084,296,32.00445197602676,556.6235669555894,0,1,1,1,1,DoS Hulk
13023.387998311675,91.54162014667034,37.57058053802705,1451,9,944,1069,262,1492,39.822924246792425,69.9078629463999,1,0,0,1,1,BENIGN
60184.324830193094,76.19343757430971,75.78581220721001,214,673,401,1058,123,621,9.451564406954628,59.242382207780494,0,1,1,0,0,BENIGN
271620.86538759945,50.51155557440063,53.02475263662427,1403,725,1417,188,1261,1258,54.913099536682964,38.67510300091816,0,1,0,0,1,BENIGN
38002.5611056787,98.8370566721571,70.40856686423355,751,515,882,1112,931,908,58.33015290548691,62.40792879498264,1,1,0,0,1,Bot
70772.25037713452,46.527753127592334,26.01159830153992,826,223,565,1358,1113,1062,75.1026693613328,65.01115304401614,1,0,0,0,0,BENIGN
4246.17330010517,5.823783082027523,94.19049728383291,1237,1404,1102,946,138,1242,97.59681166158015,58.49684753263368,1,1,1,1,1,BENIGN
16057.165133641893,26.22743218149849,53.00884969144239,1121,1325,423,135,1385,1240,61.935224729239955,20.511066075237082,0,1,0,1,0,BENIGN
431475.10845333786,43.60704802193126,83.13240712852496,527,202,117,545,1436,705,11.16508066809454,50.5981358152432,1,0,0,1,1,BENIGN
335580.43078199093,15.690262414612011,36.50456934761135,915,941,367,792,859,627,8.852424324578278,88.43568097607005,1,0,0,0,1,BENIGN
495.22229738276155,94.7565126324043,10.021134905052453,665,588,1129,1136,1116,672,77.75468636503712,86.86018780322435,1,0,0,0,1,Web Attack - Brute Force
303264.07986788155,76.68488978177731,67.37116477208488,709,570,1128,1195,133,419,65.03341285359268,75.07879249960111,0,1,0,0,1,BENIGN
101920.9613568501,26.828720042777267,0.7759648337424485,534,956,1326,1362,1227,652,16.191439470656178,69.71955144372251,0,0,1,0,1,BENIGN
202433.45669765107,59.08045335179158,47.52929765655083,553,195,629,554,818,823,25.335997268353406,15.327913776045088,1,1,0,0,1,BENIGN
60649.22690920095,72.1449157109572,19.280190266645924,327,1345,147,893,1061,1197,75.02403872925183,45.94646645044492,1,1,0,1,0,Bot
72483.60686977711,94.1278928906798,62.737550443536215,901,417,149,945,1017,712,56.615578180564654,11.095130974749413,0,1,0,1,0,BENIGN
67108.549950886,88.16353491754107,97.94198731378522,1188,1365,815,524,456,866,58.5000062502539,81.72844496360196,0,1,0,0,1,PortScan
109920.52370655834,51.51922261382137,46.440290632064595,1139,1412,255,173,437,813,21.000867128790958,291.0432064397511,1,1,1,0,1,DoS Hulk
15041.745420945717,77.46526197930176,81.74982565256667,149,8,81,636,679,867,62.90579816577115,76.6865864249094,1,0,0,1,1,FTP-Patator
3043.198091997127,56.2144753827585,50.7784186951121,1055,531,15,1355,646,112,77.06285954072553,81.45788915089027,0,0,1,1,1,BENIGN
36806.80880137809,55.27038900455401,49.584003110402406,656,148,900,206,621,939,88.5252225463847,89.24960974115407,0,0,0,1,1,BENIGN
121969.83475408395,11.47419583381919,93.04234931787778,805,382,192,1366,1247,173,73.67173248180492,75.38300784877634,0,1,0,0,0,PortScan
22546.305443661036,12.613765801615207,88.99658687466815,292,1035,722,948,1191,1010,57.63756510090161,56.472900050738126,0,0,0,0,1,BENIGN
111911.8409331979,52.95336150224574,78.58004651879745,918,475,1097,103,1130,73,67.32593072467769,598.1849147266962,0,0,1,0,0,DoS Hulk
350363.03902292094,26.886154497900662,29.625575331678412,688,578,1300,1063,1403,636,48.51114625138777,32.05822768226192,1,0,1,1,0,BENIGN
9860.639372178697,2.103690246046863,54.50084157239405,956,1076,1084,1046,23,31,22.68982431176225,17.699619139044533,1,1,0,1,1,BENIGN
111657.90839045362,72.28392039002122,22.3897233305685,1200,1459,972,1275,808,1277,88.22069727719354,13.063620482378013,1,1,1,1,0,FTP-Patator
58653.78397571736,3.248659669016496,44.39166980465398,1084,205,950,289,1330,496,53.26226331674253,18.202352111677143,0,1,1,0,0,FTP-Patator
202603.16221935165,59.52768411040545,48.42130657597906,415,985,535,1225,934,1136,59.4318311147235,93.39518874028474,1,1,1,1,0,BENIGN
19498.10990586438,53.91937941273144,83.16400401693309,1406,914,342,1178,1381,194,99.01089137531827,16.443325420068376,1,1,0,0,0,BENIGN
117968.98763803538,96.88146905778045,89.60283653249931,597,744,394,566,369,527,98.50156782726404,72.37374449285498,1,0,1,0,1,BENIGN
182087.08615976456,48.421313934764164,41.462006239647785,6,912,942,1129,996,440,58.631098499993726,18.462854331472467,1,0,1,0,1,BENIGN
289343.2387380273,6.360143637779736,1.7704445073237207,917,53,257,1283,170,723,3.3957262017466183,97.52897702157736,0,0,1,0,0,BENIGN
114963.62349846221,55.16879678064617,86.17738397893547,84,1001,1221,963,221,23,39.61475380448434,36.65845354756975,1,1,1,1,1,BENIGN
68751.26126115397,84.10961706161014,17.42786785013607,773,343,52,1223,442,289,93.72932800508892,41.21364290290699,0,0,1,0,1,SSH-Patator
96193.48555509414,99.68492842814399,62.188196389039355,956,1192,650,837,1176,895,28.83065923760092,40.45115787821538,1,1,1,1,0,BENIGN
203183.29093679113,43.034317368907246,2.4970900434131194,1421,1184,270,1240,861,307,99.9268685196316,81.64591840602085,0,1,0,0,1,DDoS
84538.90920690059,32.02987424967425,39.95064752605643,1416,702,200,410,375,303,8.431752685655248,21.829052474210954,1,0,0,1,1,BENIGN
3085.8317733905196,90.66532969519989,98.59603021153498,1070,526,395,881,280,630,56.811418100518715,83.10247359056294,1,1,1,1,0,BENIGN
267290.5507299173,19.124212907612137,10.069360110380309,1364,1310,377,1140,712,950,51.544936017469425,65.7058854442081,0,1,1,0,1,BENIGN
116965.75360111504,61.542891503292665,42.369315199964234,605,411,675,885,1242,37,25.535291336770005,22.028016779692493,0,0,0,0,1,BENIGN
112859.75438794891,40.57144241809477,30.714995018995218,425,568,534,423,957,385,94.86071306451,6.540754584091069,0,0,1,0,1,Bot
24293.199801802395,4.108236495555529,90.50881233882643,425,198,922,1235,810,744,61.917120999731026,77.49925414389587,0,0,0,1,0,SSH-Patator
107553.69936680887,34.72884743056978,86.93401079073551,735,1184,1111,154,826,81,23.022828344467616,21.896304581618676,1,0,1,1,1,BENIGN
50065.15648958588,26.52285225026746,23.769876030622882,790,774,397,1286,485,1141,38.404819783833624,889.0668297228299,1,1,0,0,1,DoS Hulk
105335.11356872365,68.60911539434869,8.118778705043116,514,388,1205,150,334,49,72.12294268820627,12.978527736473911,0,0,0,0,1,BENIGN
11271.306878269605,94.87904976919181,62.713839406111745,1152,473,866,211,741,668,29.76967126963136,61.636456480750226,1,0,1,1,1,BENIGN
107249.23184658565,26.804718737863777,33.636871188370975,1272,1404,1306,1215,409,73,87.96062020611811,69.21683937215111,1,0,1,0,0,BENIGN
744172.2909704406,81.14659391516817,67.20843906060631,740,764,560,880,53,1001,16.56738979576241,65.77024145572192,1,1,1,0,0,PortScan
4941.299889430069,5.535981693840952,3.2119756067814476,130,591,189,754,700,694,26.450508986484866,31.602981449625446,0,1,0,0,0,BENIGN
377986.31125622283,53.81210100398132,13.339923517748941,322,1147,204,1121,1098,1129,14.48986133661,87.55235232204683,1,1,0,0,0,BENIGN
52240.568245459726,7.055006370989458,68.63722327726434,822,1095,967,540,348,1349,10.41788387594983,76.98053167487473,1,1,0,1,0,Web Attack - Brute Force
204603.3461015753,93.40329911306394,21.237065530249776,542,981,43,700,974,683,30.03154234639268,51.020634162128076,0,0,0,1,0,BENIGN
152503.00569342924,76.63512805573902,85.75876757624016,65,993,1003,171,392,355,99.91787463354405,60.329302793844874,0,0,0,0,0,BENIGN
83705.51059265524,65.79499112045923,5.859088771013543,717,167,1323,370,553,1491,9.43294132616681,56.637122694737364,1,1,1,0,1,Bot
134112.67858526585,82.38963816246643,21.54819827855746,1124,283,1018,1178,1180,1307,21.30021918472883,94.66985773454252,1,1,0,1,0,BENIGN
210796.91009583397,64.75197955701631,99.85602484850686,30,1059,639,1163,846,1013,27.161679907800206,89.64132367792892,0,0,0,0,0,BENIGN
51775.00786487027,96.89443971742911,43.30761025867926,884,823,993,912,80,184,61.912968447220386,23.549728515607004,1,1,1,0,1,BENIGN
39605.92247910065,71.39579478647715,70.29656635446435,190,1198,700,801,1231,153,74.53456964078525,26.27597777150451,0,0,1,1,0,FTP-Patator
110139.63171723069,92.46586095822468,18.266304885701366,414,1222,1302,255,825,853,75.19336748540456,98.14380721324324,1,0,0,1,0,BENIGN
164945.78429710734,51.713189201063805,60.98687349855377,746,1139,712,989,1109,117,0.8635981938831194,23.656070195286873,0,1,0,1,1,BENIGN
143668.3368820512,11.706441298186265,72.61060683694186,1069,1338,1408,675,743,266,65.18504587994653,95.34793244825951,0,1,1,1,1,BENIGN
159856.54764477754,52.81777214230171,31.447663586651053,1112,1243,636,863,1470,1408,63.0736879367103,64.97537050967452,1,0,1,1,1,BENIGN
57196.24967418865,12.68728280630933,82.88971119758777,374,890,803,415,176,836,51.76546818898772,5.010943904106757,0,0,0,1,0,DDoS
170283.81063858632,59.249347917640506,60.34175784722833,1269,133,310,328,510,254,37.92085614037591,33.57271994608336,1,1,0,1,1,BENIGN
12807.096265357146,48.24930605276629,38.91230096150302,557,121,877,1401,138,1264,79.74441974612299,47.61540719128916,1,1,1,0,0,BENIGN
78633.56283442829,62.25753978327817,55.76423933431586,1280,832,856,917,1125,170,34.38807954333522,83.30928914504517,1,1,1,0,1,BENIGN
577.5305516253854,1.0046981054831594,57.676084743592426,1375,1021,273,1289,472,616,23.001227210660126,32.858541327535164,1,0,1,1,1,Web Attack - Brute Force
39242.919094318786,19.484049165536412,16.5535292693866,1128,1444,1474,1162,541,1001,31.009517456761294,31.057831212454644,1,1,0,0,0,BENIGN
45643.45626291861,49.13304319121309,40.27323698669662,1360,894,530,961,193,547,43.96479171231659,92.0263259028664,0,1,0,1,1,BENIGN
50446.70351886674,95.05035615891349,34.34305880194931,1324,288,16,823,485,1208,21.405738800273955,79.03434540117348,1,1,0,1,0,DoS Hulk
118897.65020311442,38.360904035515844,40.09027225791261,1100,1076,717,248,1337,701,60.75712462054865,55.15212147149954,1,0,1,1,1,DDoS
49193.53427114065,42.43720260536347,76.11105884852579,1253,1228,1053,744,804,666,88.42092025118957,50.42392698481033,1,1,0,0,0,PortScan
59546.45855639285,71.46960890066222,48.253840746667265,577,1371,469,307,246,892,59.5460124162075,5.733476022251038,0,0,0,1,0,BENIGN
27121.064873197793,60.3792757286118,94.03161532392643,31,1074,810,572,629,409,44.66683074773813,8.775922051931062,0,0,1,1,1,BENIGN
46721.04005506762,29.892615009833325,29.36764133584362,57,838,1327,1242,437,738,79.6868766224904,38.19674329780046,0,0,0,0,0,BENIGN
25782.509753304883,41.08163955674278,41.5703578284929,1127,911,554,797,72,145,74.80386228745287,134.161219344781,0,1,0,1,1,DoS Hulk
7601.308825538722,21.769979885723245,78.69568104790415,311,39,92,1000,1092,1061,36.705812153069616,47.80719044478558,1,0,1,0,0,BENIGN
92494.95953184563,96.60214591302085,54.60245933207503,1090,249,881,760,753,489,60.415347066536185,60.888888540717936,1,1,1,0,0,BENIGN
110326.1475071069,13.063438155735973,54.70281464244478,689,217,577,292,1175,261,72.98428603179912,69.13966845029768,0,0,1,1,1,BENIGN
96624.37301484183,37.18367845664194,5.334016300518352,1397,178,630,409,830,1149,24.546325801944104,54.64700659207645,0,0,0,1,1,FTP-Patator
62267.76150169474,2.583897222001119,39.85996627184558,234,182,820,197,93,344,36.62738790841898,37.96600158933124,0,1,0,0,1,PortScan
47769.03447798999,22.17794919335464,27.073373242173247,642,1187,583,79,434,1284,10.577607054997051,12.975862660463555,0,1,0,1,1,BENIGN
199021.2721894755,78.04711383801549,99.93351228311154,1135,1400,845,1408,1454,1466,98.76802783068334,24.748541480707754,1,0,0,1,0,BENIGN
73205.80548015935,20.117523228887947,30.835507063231027,1412,704,1185,136,456,878,8.587765042313578,41.942167701585355,0,1,1,1,0,BENIGN
65235.439151524944,8.00634025289656,88.44965347938634,1431,496,841,212,1453,1131,16.860612512357743,92.41144834023005,1,1,0,0,1,BENIGN
2597.6553942014475,47.44531798445233,67.62337350404775,1077,596,327,618,228,1460,47.983194966413976,202.60058119439506,1,0,1,1,0,DoS Hulk
41740.78814107976,0.9969234734518495,34.09164091920904,801,460,729,959,29,513,86.52718335445392,41.334423093265535,0,1,0,1,1,PortScan
47835.13648988052,8.476615442633317,54.353437837412365,238,473,253,1230,334,944,35.58820229479595,73.23088573740542,1,1,1,1,0,DDoS
50886.55141979992,80.76258695629751,84.05358799491938,1318,684,1463,1156,659,712,76.8596147531346,70.52033520018945,1,0,1,0,1,FTP-Patator
86791.10548652707,77.14733448596064,88.33682980309119,111,1060,570,165,568,1113,67.60340733162361,96.55925944739431,0,1,0,1,0,BENIGN
76271.71043528689,91.5138820404896,16.03938750061452,1111,318,543,429,176,214,63.86640771596789,19.09012966796744,1,0,0,0,0,Bot
93625.13582748198,85.45154359107495,33.95731412081696,475,1435,850,1203,823,1342,84.50172509668401,1.6519611599961848,0,1,1,0,0,PortScan
144767.31287868813,68.3175563239818,33.522318021357165,303,355,119,120,567,603,1.4170289628625654,32.23232609872028,0,1,1,0,1,BENIGN
167657.04014851648,5.233285730066283,4.204479607594469,1328,616,974,1197,408,837,92.91530385603917,14.969261248271604,0,1,0,0,0,SSH-Patator
126628.4743831391,78.28486179866574,59.823775985189656,289,228,821,330,776,771,82.92261803362932,54.846905238350615,1,1,1,0,1,FTP-Patator
311279.87250042055,84.55108108405605,85.4820052992188,207,728,513,1091,1260,669,93.78672196518272,89.87790552502337,1,1,0,0,0,Bot
1840.0844582700026,79.90821457719545,38.15743878255178,867,1287,978,1161,1301,1080,79.35878838566872,68.82268329725429,0,0,0,0,0,BENIGN
21787.991071251294,50.847903530802604,74.0035944984177,581,560,96,1331,76,558,87.85914074542724,13.57988563501249,0,0,0,0,0,BENIGN
759.1618531415689,23.290183864948165,62.77004136007399,369,1375,870,1353,932,1425,20.30780481994792,11.609002439548743,1,1,0,0,0,FTP-Patator
104263.29264077517,84.53299756887267,37.56487354930008,219,1465,1393,1261,635,221,31.922906687705055,91.14498132754272,1,0,1,1,1,BENIGN
228308.2010066477,72.71628097401384,14.105979949229708,1254,634,1440,1099,539,474,31.522101347073097,48.760954989240034,0,1,1,0,1,PortScan
27902.93442777735,98.07611743888516,70.93238527759674,801,458,256,1174,1181,1131,10.916674587805675,923.6729919892973,1,0,1,0,0,DoS Hulk
261776.91662237188,15.569259775593292,85.45651689412405,818,24,127,619,1190,862,72.95792552845907,73.62177155430165,1,1,1,1,1,PortScan
6215.990193872064,22.566458305205504,68.58544924014919,348,1154,1382,1339,1208,811,13.617089268707282,99.3348460635401,1,1,1,1,1,BENIGN
272472.89230001176,21.17981498815027,1.7878484034818065,254,369,1179,36,1412,179,5.250916607906064,87.12277426609734,1,1,1,0,0,BENIGN
43328.24793065384,79.25397676213368,21.623289439099125,451,1459,56,963,11,176,77.54468700550639,41.42121922618052,1,1,0,1,0,Bot
10694.046139193686,18.690729645011817,6.947998488353191,141,1247,581,844,168,486,90.46631697319293,75.82278275515904,0,0,0,1,0,BENIGN
66528.25488994116,6.665982982330609,57.038609957622675,1092,1011,555,1149,830,413,76.41233479651332,471.228167319945,0,0,1,0,0,DoS Hulk
29675.85630781719,99.85608065856286,75.64776788404124,88,610,723,796,1449,691,82.53522128319763,23.30722930991146,0,1,0,0,1,PortScan
33529.499259166194,2.4817211445149145,11.057918706865944,870,1375,652,285,448,1060,59.56216778307712,24.10292587563595,0,1,0,0,0,BENIGN
36714.37871612786,83.52440601588657,83.83378205933852,1159,1220,1099,1263,448,574,88.77463379147531,39.73221444618136,0,0,1,0,0,BENIGN
162468.30199654234,36.53668415506528,55.55089783954832,522,108,157,886,1129,267,49.67034823578551,11.146622601217537,0,1,0,0,1,PortScan
77470.71381382605,84.16154597578152,68.9969012141725,659,1243,84,219,426,784,98.8322618487465,17.77662848886439,1,0,0,0,0,BENIGN
37296.06957534525,55.4620491211145,97.14018486086462,950,719,321,1030,955,923,10.34150427694489,50.06086837200991,1,1,0,0,0,BENIGN
94246.47609545123,90.16312294863602,8.368098824769731,909,1342,308,215,915,387,80.91807067013839,95.39224773618061,0,1,0,0,1,FTP-Patator
125931.17246481014,92.61929864146266,90.12240229777892,441,1105,283,680,1121,353,64.13894160112753,57.76863420172251,1,0,0,0,1,BENIGN
31831.1742208046,0.9098181280775997,12.610269598740931,37,431,1065,292,630,813,58.064606822119515,40.849674918802236,0,0,0,1,0,FTP-Patator
53366.63339591021,7.541217599278827,39.29588066366823,1231,1031,1002,42,225,1293,72.58105308611214,24.270031986930174,0,0,1,1,1,BENIGN
12997.895952140054,25.035872957085548,85.14386963311144,209,635,133,1330,446,1023,84.02915307988488,195.9013047064406,0,0,0,1,0,DoS Hulk
19985.356772213872,66.93154163635016,90.62542367378683,512,1172,613,1116,1499,268,86.28840668405098,65.84070293788956,1,1,1,1,1,BENIGN
114293.36926261702,88.8272196511506,50.63716735451453,1383,1121,648,1292,202,1465,17.538096294398496,84.83253174216587,1,1,0,1,1,BENIGN
20020.656148364724,45.994195129396275,59.410463827542515,1024,1124,1427,692,967,1328,19.703592975296925,39.885592643916354,1,0,0,0,0,Web Attack - Brute Force
74478.44997321001,60.697311627426544,70.81473345985572,980,366,1245,1238,674,1269,1.6166509513597105,55.06590463732828,1,0,1,0,0,BENIGN
123459.09994396855,18.849985279556115,83.27586684527142,380,1485,228,958,1320,1201,13.184245779227277,70.6726761249039,0,1,0,0,0,BENIGN
11303.088352047043,80.49668338816853,12.151116953766616,827,924,1475,113,633,1090,26.38824928499246,5.829557505557581,1,1,1,0,0,DDoS
83773.88725681468,96.73281113534698,81.00693082292277,858,413,997,1208,15,276,72.10358225502829,35.08970474361834,1,1,0,1,1,DDoS
29647.096009248413,26.85989329145975,48.127615051161676,393,1282,1329,920,1401,1231,47.57675090025101,72.97528897621089,1,0,1,0,0,SSH-Patator
329486.2971807926,49.48259516005463,45.0623425108169,1073,355,118,1148,1359,306,75.79035355840173,68.46190265192719,0,0,1,0,0,BENIGN
66076.83713268071,8.61161105063738,42.389975199699826,395,10,937,1128,617,630,48.65358478198907,5.334772441609137,0,1,0,1,0,BENIGN
163985.8717435359,55.91366564629684,50.92115852460426,31,1439,323,236,1043,537,55.55974529099683,23.781849837340495,1,0,0,0,1,BENIGN
79901.12499936111,50.27834418466806,94.50505533946036,544,1273,920,652,439,517,11.10665865935825,67.99572144450012,1,1,1,1,0,BENIGN
4438.304927986613,14.44364841550776,54.82037727921516,711,1145,158,157,1267,1297,77.65582846760324,27.141604235590457,1,1,1,0,1,BENIGN
100280.59835743523,44.2066213118075,95.31775382631392,1257,64,238,1497,1267,1256,75.81265321995548,81.44102939373876,0,0,0,1,0,BENIGN
302420.0520124733,33.410465208656326,18.029013061564058,1049,1325,395,907,970,1137,30.75615916806196,2.950485919915935,1,1,0,1,1,PortScan
92032.84227538246,52.18308753051893,72.41359788326332,1457,124,319,960,391,133,32.85780778004019,190.34702929344505,0,0,0,0,1,DoS Hulk
171030.2214707729,58.565433542879916,81.22395386087472,1084,311,1212,1297,723,1448,21.96814505731355,28.131298005055815,0,1,1,0,1,BENIGN
215594.65301540334,0.8495578607209509,67.91288313348619,552,1214,308,852,735,824,81.38396760361528,92.52898348100884,1,1,0,0,1,FTP-Patator
25887.406583650023,76.10059829495553,60.692228022654035,1464,774,248,1140,1285,1048,74.70068019617804,79.63189563706656,0,0,1,0,1,BENIGN
23831.409418015577,71.30142918617408,56.48127810861823,1153,1001,537,885,219,1303,60.914773818425274,88.41450865293177,1,1,1,0,0,Bot
94412.70647095304,36.62863862065222,86.0930482578696,1377,872,700,59,1031,1366,23.882210312969743,44.047914717728744,1,1,0,1,1,FTP-Patator
52937.74323335772,5.2935935568818255,82.16465971645,197,1473,393,400,445,812,17.185333261374424,82.256209127642,1,1,1,1,1,BENIGN
183171.4982168924,75.49325397850504,12.228872118059952,798,693,651,827,13,71,5.02688511746131,85.34935718467486,1,1,1,1,1,BENIGN
230281.63537128558,95.51751604781325,84.85876570308781,693,1182,1017,1203,386,1017,4.561148177851948,39.99568238749996,0,1,1,1,0,BENIGN
43606.04784235147,24.015159602201418,41.40686194404425,1394,1376,405,1255,641,951,18.7136139808327,99.44618477442528,1,1,0,0,0,DDoS
27032.761460844307,32.35246137370379,25.369682999581077,146,989,999,475,1045,1224,10.053253232322213,85.12386292158692,1,1,1,1,1,BENIGN
151651.92957924487,18.381288948181496,86.97685680139259,497,798,1204,654,224,1349,55.610767292244304,974.0969687447887,0,0,0,0,0,DoS Hulk
32131.612273416576,57.693612334483966,43.20247996337416,47,673,20,844,234,32,35.8090127794477,86.64971086451655,0,1,0,1,0,BENIGN
172942.8925519035,15.484139464745494,80.83646901768167,769,1286,154,923,1364,96,44.49457821681463,77.62036402556079,1,0,1,0,0,BENIGN
55119.33007554102,35.619394346137945,26.34036119558445,650,911,866,1268,999,262,59.406718358718976,94.38438734645457,0,1,0,0,0,Web Attack - Brute Force
110126.55032053702,69.70130139342629,0.3929321422217802,1195,405,558,637,710,873,65.91017453535136,41.981924458459005,1,0,0,0,0,DDoS
10041.20172911258,56.01159830093484,49.545919290294435,612,995,193,648,1157,913,64.8201719882578,78.33334334968626,1,1,0,0,0,BENIGN
97779.20690653742,38.64625643279352,10.022825664288426,698,1040,1247,212,1201,1093,26.085658682083245,21.289120591610956,1,0,0,1,0,BENIGN
60105.6137962785,42.02496018075419,75.43759555249096,1338,636,398,1482,791,292,80.96270202961027,73.27938547210769,0,1,0,1,1,BENIGN
88336.01040666048,56.21108826232295,27.607513606941037,375,1283,279,989,436,916,91.77096699192299,78.53532830523929,1,0,1,1,0,Bot
18393.991492315792,0.5864727887161303,44.364564660347874,805,889,979,803,1074,729,31.593834722319524,71.65244098835898,0,1,0,1,1,BENIGN
133512.13047485327,7.8509868453609855,8.703356509155425,920,1378,1033,127,1466,1230,1.706541656606797,84.98130653571617,0,1,0,1,1,Web Attack - Brute Force
198629.42632118776,88.12580677630116,28.665924844725264,874,488,1399,951,580,171,89.9154186648505,41.333544684960565,1,1,0,1,0,BENIGN
24429.032668853935,7.787898909129076,78.1490243258572,809,1237,471,216,1304,757,92.3548732953476,54.47681320754915,1,1,1,0,0,BENIGN
10061.021126280097,70.68035962105051,15.158791190231947,1443,238,151,710,1067,925,5.094644041303353,10.667410695270995,1,1,0,1,0,DoS Hulk
2392.245993157399,92.00381641090526,64.71595611269574,904,179,1147,19,686,1418,0.4956591859212267,14.6053163006024,0,1,0,0,0,BENIGN
102714.26880495873,27.06836043017311,91.74258528045011,1419,1442,801,1083,364,1279,81.64047829927422,64.41939256278216,0,1,1,0,1,Bot
93418.49733239181,37.04914370595142,67.98367597577203,1210,1166,552,674,268,1287,30.14633544831066,56.2317199645045,1,0,0,0,0,BENIGN
79119.54133835658,56.892140584471626,81.10216892922269,1005,316,1447,713,1316,900,91.45821672959885,19.733251354140403,0,0,1,1,1,Web Attack - Brute Force
26389.66629412888,88.17089696385847,10.89716293039158,32,1267,729,738,1217,1287,21.674357326954663,24.346479416028156,0,1,0,0,0,Bot
49578.26650652052,94.19055872604201,25.073182600205445,68,231,512,1152,1394,516,86.1154616126587,34.40822019234581,0,0,0,1,0,DDoS
90257.6047539322,73.9563248111268,89.4538852240591,591,1326,1012,556,77,1033,6.864426972503668,71.64147129435092,1,0,0,1,1,BENIGN
68670.1714991916,8.661976085469403,71.51056136180893,1214,330,170,196,188,270,26.063684731397363,60.9716602663301,1,1,1,1,1,BENIGN
440513.31633813266,66.91541555348508,63.95538263773112,100,560,849,935,1413,741,97.3128879145641,6.957126417528981,0,0,1,0,1,BENIGN
14669.161261532732,41.03037218726621,66.37667361217,1308,948,793,677,1048,1335,23.119665433128233,75.99391490123605,0,1,1,0,0,Web Attack - Brute Force
118791.75624204637,47.07009994910616,41.420055430464345,913,247,124,503,1325,1393,13.301298407504113,26.26595630220295,1,1,0,1,1,BENIGN
51804.96008103994,4.914839034517704,4.455663161765322,732,282,174,1270,670,566,85.70546524729953,67.17596784044201,0,1,1,1,1,BENIGN
55896.532565171576,19.106213934635818,78.4441542070729,389,1310,503,737,357,552,11.780079176147906,12.336284466155046,0,0,1,0,1,SSH-Patator
126442.2861419053,79.05136075336478,67.87132362153538,159,939,1408,791,958,649,9.745610857950348,99.7921276719168,1,1,1,1,0,BENIGN
117907.25753198146,45.395883304785976,47.28044641127247,891,31,710,1283,1117,390,32.34251341895358,8.033517068771411,1,0,0,1,1,BENIGN
473938.68078643695,30.166224163114887,89.97596153682575,1070,529,105,1370,335,958,63.53285065969595,741.7340284009952,1,1,1,0,1,DoS Hulk
13741.81241365831,38.401907396495815,33.615966498509884,1182,380,527,196,1187,1138,71.07463737786956,54.133035925309535,0,1,1,1,0,FTP-Patator
10993.725004065542,85.43995133256801,29.43217442312359,1469,62,37,1130,902,574,88.12387838273958,8.59391912841383,1,0,1,1,1,BENIGN
128858.27656735423,74.8999017404957,87.27963250794429,695,127,394,780,340,343,54.09115259591061,2.6810457550755507,0,1,1,1,1,FTP-Patator
86366.72504679805,27.231539718108277,79.69876547589855,757,162,920,743,833,1433,39.34177867609754,36.26657175166786,1,1,0,1,1,BENIGN
32042.659245002615,11.750184021237331,51.49798106483448,522,957,476,1183,566,1401,35.883376183446515,80.2223932007144,1,1,1,1,1,DDoS
8275.068734779747,25.19982216440717,13.073473945784997,731,1274,1490,421,71,455,84.6902728477474,4.11512402813925,1,0,1,1,0,BENIGN
8955.087106390794,92.07564510547337,21.507147146505247,154,294,721,1230,1065,1446,72.38153094826654,70.43986633280541,1,1,0,1,1,BENIGN
224611.85124655892,58.15888378497554,65.62279904088066,338,178,314,1336,410,443,90.54290137251392,65.53762762642387,1,0,1,0,0,DDoS
21302.9031859964,53.34802087447829,38.50412378404117,1388,228,1308,431,897,196,96.40354557316141,26.553767677276717,1,1,1,0,1,BENIGN
39063.29929475808,59.63935996924615,83.64731916659713,794,882,1487,925,837,867,30.005083608380744,7.749203573489027,0,0,0,1,0,BENIGN
25703.18300956333,36.60282657465152,94.99550093322041,1171,393,1287,234,643,362,52.96741187008395,91.5321960554062,1,0,0,0,0,BENIGN
43849.923481042075,80.71070203195127,80.56369252749182,898,691,1452,326,20,1433,63.18208073648329,300.349802736724,0,1,1,1,0,DoS Hulk
7195.136073162983,52.32862493002498,37.754542299555716,1167,1419,364,933,1024,1417,16.384894677645757,11.138323178676114,1,0,0,1,0,BENIGN
73201.23220255348,11.674790276879554,78.8686429231424,102,71,180,478,677,867,5.334703392498474,68.1517078360916,0,1,1,0,1,BENIGN
7000.684637744137,12.906512482906296,35.14416734706835,811,317,733,427,1099,565,86.77639141153135,21.668122879162798,0,1,0,0,0,BENIGN
161122.20421592522,53.685914650261836,16.71000877656339,92,594,875,665,602,670,53.55235107553732,47.56307555626299,0,1,1,1,0,BENIGN
26619.730768420603,93.65702180708392,3.3393204865857395,974,378,993,1123,1421,1317,57.07742163600392,50.40554423603305,1,0,0,0,1,DoS Hulk
77655.46911485947,30.835212167619876,38.571671276102,1309,906,660,1261,87,24,55.49143454279548,99.2983948908105,0,0,0,0,0,DDoS
212092.28164897417,86.95411688592183,90.35593036972818,1447,135,243,1130,16,236,75.49607048326904,44.76211267754924,1,1,0,0,1,PortScan
105233.2040410264,76.40955865788793,23.89865877556765,118,729,312,857,1352,460,14.550194468204324,99.91099813095343,0,1,1,1,0,BENIGN
76133.56325747317,24.781244290690687,20.6513164929784,28,1401,75,1387,942,1344,61.404844077153264,38.56748769340663,1,1,0,1,1,BENIGN
39205.6042484146,3.6340748316242455,96.98207852410403,1012,1142,261,641,1233,99,46.947951157763015,34.785255594221944,0,1,1,0,1,BENIGN
40496.81012238468,10.184726514238275,2.500411285059212,1053,905,230,810,823,739,89.69581595077243,91.45723282670734,0,1,1,1,0,FTP-Patator
110710.91505697361,72.84939338474402,78.57821503937544,871,529,702,1066,382,407,51.96209378963253,32.94658538444881,1,0,0,1,1,BENIGN
513949.66747073043,19.96697380406467,32.13699557408704,1389,934,1403,574,639,1178,94.29349740741657,43.20055473162707,0,0,1,0,0,BENIGN
108423.37269652312,37.12709205053938,3.7487956869659333,799,665,645,1096,1169,977,35.325299417990664,7.811043671415751,0,0,1,1,0,BENIGN
81595.55109679812,50.16991660064248,91.78025402095837,1161,522,1332,1018,452,1457,96.68947063899905,955.4623880354757,0,0,1,0,0,DoS Hulk
131174.55241928113,72.54681684501628,13.96423302095836,474,386,1411,1327,815,750,87.51579480917677,8.51512408509022,0,0,1,0,1,BENIGN
62587.29279824089,11.323122325912538,55.17792837256954,562,573,756,1028,1416,1457,58.42632897353547,77.11849335353241,1,0,1,0,1,BENIGN
6202.684348321754,40.636640527746145,27.405420742954778,1415,582,1348,802,309,142,35.370993331902454,53.861539381117694,0,0,1,1,0,BENIGN
82621.4260143961,48.50729091426954,6.519280218469103,434,572,841,1372,930,528,37.59233574525599,61.40514404753472,1,0,0,1,1,DoS Hulk
316120.3427295335,54.08270639715397,4.992248566337909,803,643,878,399,491,1308,77.27520864582917,0.17038280410561768,1,1,1,1,1,BENIGN
19273.916294070354,81.83606413952167,11.555669883633879,1257,572,1479,594,759,1028,58.063135116904455,93.55536385271293,0,1,1,1,0,BENIGN
117119.87584682579,17.16781950432169,7.136701388938005,54,869,1366,1456,1453,522,40.15875854693209,74.21734042355439,0,0,0,1,1,BENIGN
22431.134374225796,80.78314518266222,76.05581155199229,930,1292,515,1130,0,719,63.605496141216435,68.64362435394149,1,0,0,0,1,BENIGN
76749.94260264465,69.28784276966522,48.556620228342915,1315,546,441,116,40,1459,73.32333979009444,43.8556530599222,0,0,0,0,0,BENIGN
10167.448370236089,55.58708141989593,34.289209134897966,751,437,582,382,671,417,2.2900512558465924,23.861378671097743,0,1,1,1,0,PortScan
59851.16578458807,69.95278704025719,41.83689101320071,311,554,261,858,211,1104,8.986280111751011,67.9863074730574,1,0,0,1,1,BENIGN
141125.66585424566,41.20177389516564,92.89467355726234,1112,110,748,81,1356,544,9.448544040707919,60.83010686170992,1,1,1,1,1,PortScan
42705.376148545416,13.839758596812457,91.07518127381472,1235,1345,818,831,1469,1009,23.193380526333474,726.3421948483364,0,0,0,0,1,DoS Hulk
109336.12728760885,66.57652402653673,71.56764801225769,956,526,1001,872,303,816,42.69904392273139,36.5792518500262,0,0,1,1,0,BENIGN
158694.26429163502,52.46723066856222,88.46823774216878,317,176,1486,652,690,1400,80.36498992925544,98.69237605131903,0,0,1,1,1,SSH-Patator
261973.4692704209,63.93748005427755,31.964802758762477,756,673,866,733,1177,158,35.10990349995574,6.700865542853284,0,0,0,1,1,Bot
26741.168771555564,33.799878102849,38.110932600828285,464,623,607,1433,615,626,1.7477788380604764,7.970161703621404,1,1,1,1,1,BENIGN
50968.61329145348,90.6866577339836,61.371218185422805,1110,943,909,69,522,1240,48.336185295172896,91.6875847580615,1,1,0,0,0,BENIGN
16536.53453224028,58.736986857557696,62.36259472972642,1432,472,1250,386,24,772,99.66285954246219,64.77064349190435,0,1,1,1,1,BENIGN
489065.4962048055,8.540248429087383,48.169983801234096,1263,993,522,523,807,1068,34.90209956549191,32.63340681821044,1,1,0,1,1,FTP-Patator
261730.90971585724,44.980399070442864,40.06578484379533,699,878,1212,296,24,1238,96.12545187673149,76.19527577006262,1,1,1,1,0,Bot
77643.55987991227,75.63560547436343,98.6180311608695,1080,1411,1232,616,595,127,10.134513113642264,45.27733878530399,1,1,0,0,1,PortScan
184537.09920619716,79.41345617322723,82.11236261177244,1136,1121,1036,718,1129,1277,17.30996579053048,2.1121508807732114,0,0,0,1,1,BENIGN
73596.69552982862,49.45970527637588,43.49801978880452,734,1434,161,1088,1142,876,72.41220701457082,65.11036694199574,1,1,0,0,0,PortScan
97706.48486217308,89.4747570831301,72.72924772395685,1093,1398,1458,177,107,1375,50.121244897070625,24.311193709152292,0,0,1,1,1,BENIGN
9334.897954302181,26.766843719429755,26.95616932524595,738,169,4,1031,1353,605,76.51218034658861,11.533511661006779,1,1,1,1,1,BENIGN
140760.1435155739,41.05986972382666,10.016932623732988,767,1013,201,1182,179,540,86.355834502889,22.52731824994042,1,1,0,1,0,PortScan
13663.733522890712,89.859691056897,35.24310255527406,1207,55,415,10,880,163,25.10848760610346,47.615788112924854,0,1,1,1,1,SSH-Patator
174908.87349353393,89.62567164715789,40.29728001233942,743,324,1035,784,130,648,68.2829170439742,4.985643128324025,0,0,1,1,1,BENIGN
152338.9067018665,68.57127688246808,1.6537124560670802,275,657,947,410,602,130,60.76012366337561,88.31523867795477,0,1,0,0,1,BENIGN
123355.5069093609,85.89805471222202,81.47920016358961,232,956,1420,891,752,695,86.15350291921311,55.99180165693619,0,1,0,1,1,BENIGN
3683.036805155312,8.877326695623267,35.91934023891815,53,259,1364,606,758,503,43.01039006098827,29.299618011541572,0,0,0,0,1,SSH-Patator
36115.40400515502,86.49949762077763,58.0418165780147,256,640,751,154,167,1447,5.187043071066,687.0048480886829,0,1,1,1,1,DoS Hulk
30532.013917912747,32.061990655022676,7.396318727095597,89,561,949,1229,222,183,57.418612727251194,804.2364969799412,0,1,1,1,0,DoS Hulk
44650.026201951696,17.833151242821632,17.499682875058397,1458,339,372,1138,468,825,95.88783191184578,61.39246279834802,1,1,0,1,0,BENIGN
9172.364057237763,23.936983634204633,88.969372532756,407,403,1401,1402,277,670,1.4631179505223413,20.249468191052355,1,0,0,1,0,BENIGN
276395.1300892074,41.79685080138871,60.86875278828008,1292,531,1248,598,189,981,24.02579884224546,11.028842014644368,1,0,1,1,0,BENIGN
80699.30187631815,25.119200460446724,95.02840501704856,365,1197,1205,823,530,1022,31.606778996412,85.98996970333866,0,0,0,1,1,BENIGN
36459.81219476022,32.0567586016499,99.87500343913169,350,794,1320,349,620,553,76.58388878909756,23.46874135517405,1,1,1,0,0,PortScan
50580.74311065991,13.497848607164208,37.18601153330944,1322,1183,1330,1121,1213,1258,32.327692246816184,2.008243067749771,0,1,0,1,0,BENIGN
59276.36022426302,29.617676555899852,29.880306408327463,1182,1033,430,942,217,130,23.90838631963139,64.29021081542521,1,0,0,1,0,BENIGN
91777.7670220792,57.22838145420012,85.83560551590968,486,593,689,18,1322,696,64.8558014467041,152.88532986431292,0,1,0,0,0,DoS Hulk
72500.82520454396,44.185370809106395,99.86114270374541,841,1279,117,312,1334,1037,4.64052889609996,99.09698197645753,0,1,0,1,1,BENIGN
251815.70465176465,34.67187612359112,62.96412342324573,983,616,1375,926,235,813,17.059685995874695,86.97308317394119,0,1,0,1,1,BENIGN
68709.25129207896,74.6452128857114,79.51407225115223,1378,651,587,527,167,658,40.803022866944374,60.84457260012177,1,1,1,1,1,BENIGN
484826.3265360235,89.3509971393318,78.17458588152745,620,713,1069,556,779,379,35.55999623400311,83.38656426085434,1,1,0,0,0,PortScan
190666.51133282803,75.6789222902397,35.533970821954696,929,343,226,444,192,1083,34.71658191833632,47.05357007686962,1,1,0,0,0,BENIGN
23383.868383943187,33.200070211767915,57.42703802570872,400,1396,1379,230,241,926,10.855501311966176,78.84862444624352,0,1,1,1,0,BENIGN
266779.9460588854,74.44421678375537,83.30569412642136,1428,1458,1317,624,1185,1315,36.08400194497966,64.65335523971511,1,1,0,1,0,PortScan
12371.277950994294,15.19801824740512,68.81138762610554,1119,45,1263,1010,1362,1183,79.79927719914028,28.644647969655935,1,0,0,1,1,DoS Hulk
170072.95740107258,13.031798809129091,2.116381398203826,569,903,347,888,790,1470,41.38442017973952,94.87576675528425,1,1,0,1,1,BENIGN
47904.161866709714,34.562703703615895,33.67056688975335,974,54,140,358,454,537,58.6171184815685,86.0919578196687,1,1,0,0,0,BENIGN
210352.3768243236,80.7702369044057,14.447569659460536,391,1101,203,1406,1158,576,16.35794093173175,95.34073905932219,0,1,0,1,1,FTP-Patator
202538.29191556267,24.634824724230185,23.297221207803908,351,855,1003,43,192,1409,6.971136346857609,73.13659345608157,0,1,1,0,0,BENIGN
163951.26583574477,6.325340889867959,90.54894774913257,805,1295,860,1388,1425,1093,87.99560419315607,41.206092166162215,0,1,1,0,0,PortScan
156079.2693564261,13.170953520635509,3.689328891076815,575,659,844,876,391,1405,33.137259614595884,20.698522328628222,1,0,0,0,1,FTP-Patator
36338.186959178674,85.87449685295802,21.980071196192373,776,110,994,1134,600,684,35.03372330681327,17.9996347565869,0,0,1,0,1,BENIGN
8438.132920074946,63.37832847472876,30.956935223823145,632,1038,1292,222,1065,1248,87.76878494788585,14.491624838777161,0,1,0,0,0,BENIGN
51580.49647422996,25.320116336997668,61.68840719663948,1311,77,312,1409,92,39,70.7771348908744,22.06096426415177,0,1,1,1,0,BENIGN
19058.502336665755,55.52958253281813,53.41016900858655,522,500,1441,901,1238,1169,75.6262710987613,55.06360133473953,1,1,0,1,1,BENIGN
118728.3150977474,52.75796224253504,21.82694828533861,725,587,136,1288,348,365,68.20034841676626,68.37450632878411,0,0,0,1,1,BENIGN
42480.04262131064,65.54359784406613,16.424106722315447,161,417,350,270,512,247,10.579224479153638,31.40565610162682,1,1,0,1,0,BENIGN
371359.0302127083,23.31875544216163,23.679803459611882,658,274,1184,211,1358,11,95.79958210562278,54.87469695078635,0,1,1,0,0,PortScan
102435.51145361243,86.44029871943977,50.25296267016556,1205,1220,172,1337,1422,736,90.91362871279276,34.12526594538502,1,1,1,1,1,FTP-Patator
172867.51754099375,30.936856208001284,27.117778571120343,849,1399,1153,1410,923,509,23.622012683145442,69.6509973673996,0,1,1,1,1,BENIGN
14216.820876655944,69.41316539762369,94.76025016077222,81,1086,78,246,1187,1268,80.39941911438413,98.84862203202512,1,1,1,1,0,PortScan
198060.6543336451,1.612464637221489,46.38652214288476,523,1384,978,947,105,170,40.939643149732,68.90169683828834,1,1,1,0,1,BENIGN
256080.14486161328,37.26571298941472,5.879601654463706,3,972,568,820,1255,1055,68.37669678644829,5.903057683765334,1,0,1,1,0,BENIGN
66760.01405482493,35.17098179588083,72.92664058366334,494,990,862,1373,991,720,16.5602999813234,47.72349578339893,1,1,0,1,1,BENIGN
93204.65498249905,54.348442858301446,32.884528820898964,1074,1133,56,71,716,994,53.85542506564208,770.3874926345306,1,1,0,1,0,DoS Hulk
144736.07343318377,7.27362617771965,65.34889320582475,1284,193,1423,1319,1200,814,12.661629955990605,54.22416062535823,0,1,1,0,1,FTP-Patator
19217.630845457927,79.01313737261083,27.9594370523232,1157,1482,362,1236,1317,428,53.61671653581159,95.1063029722898,1,0,0,0,0,Bot
69829.25482163945,21.778080176756852,57.07437417333199,1385,854,1358,294,1288,1058,24.35939560572128,5.477167920421122,0,1,0,1,1,BENIGN
50859.98156695678,67.70378148820102,77.21525048074646,567,798,133,170,787,204,45.24665287688146,29.115554329567807,1,0,0,1,0,BENIGN
15826.211104526103,80.32121232440932,92.8008741774554,1240,300,13,245,1293,889,66.79693671744307,22.07181076397886,0,0,1,1,1,BENIGN
45812.94824567315,56.18769562415131,26.112714443307706,877,967,282,1164,1235,1407,87.70745816606188,76.76222017635888,0,0,1,0,1,BENIGN
7060.736270411021,74.08832067219855,33.485695099898116,1091,567,805,616,1186,904,16.528900308527806,52.379306848400674,0,1,1,1,1,BENIGN
2615.0879968812646,66.18603122150056,46.42664202859397,1011,671,1444,239,822,1289,89.32691154176983,13.834421135300579,1,1,0,0,1,BENIGN
14521.803232856359,35.55297971520076,92.71748377359889,1014,148,126,310,916,1466,39.003764792729015,28.5593263461428,0,0,1,1,1,BENIGN
329995.3339977108,80.88585390335653,90.13868568106571,863,768,217,1439,1076,696,84.3796568605881,52.265932299637484,1,1,0,0,1,BENIGN
79746.27665581228,29.4701369885528,8.987828010063803,1166,1484,744,397,1256,749,51.2547918417763,99.61289812536492,1,1,0,1,0,BENIGN
337617.7831884106,57.12129177515172,13.192982575381084,1369,138,679,922,1461,984,86.22085717629399,364.29235741537184,0,1,0,0,0,DoS Hulk
56651.07910082499,74.53977391415395,49.55091773306383,778,860,996,791,853,1493,66.28240675201997,156.8260973396953,1,0,0,0,0,DoS Hulk
37369.922833070406,37.89559098125076,10.661927280542349,1217,291,259,21,682,1289,50.87161406167683,49.7066525791658,0,0,0,0,1,FTP-Patator
70550.69747772998,30.276760761742505,34.55808733486975,1004,334,1241,1101,1022,985,31.25386330003288,31.018637723306576,1,1,0,1,0,BENIGN
57894.689062654834,45.934601017282276,14.838537821747765,1269,698,1466,812,950,1132,96.89090876186553,56.596682382854816,0,1,1,0,1,BENIGN
11167.450059839193,81.79634943491536,63.604035513188585,313,1207,98,903,43,1201,80.08976576664178,46.67103027852259,1,1,0,1,0,BENIGN
102394.92043974927,92.99217631456648,94.94954317391617,729,306,181,1498,602,248,38.118718517226135,68.94899217125227,0,0,0,1,0,BENIGN
24339.496199833065,54.50834128598901,99.67337702943814,383,924,168,831,632,1028,16.672359305904607,914.2907088675163,1,1,0,0,1,DoS Hulk
96650.02845057637,66.14662053236519,37.52411324969148,276,980,232,1376,91,1180,77.95354185932938,20.0514350768751,1,0,0,0,1,BENIGN
105039.68393246197,90.32736222389141,59.901263711461226,1095,897,955,1394,758,229,98.994428781092,82.11800703683981,0,1,1,0,1,PortScan
16490.395155444643,9.85468514129424,85.62676535240813,1152,1285,1116,1044,730,627,27.897495379247207,94.92657155485354,1,1,0,1,1,PortScan
6331.2208950531385,23.207857786616504,11.746207279638398,1381,926,471,506,953,1284,91.58630723349958,37.360968151796214,1,1,1,1,1,PortScan
151759.54932239302,70.89000062515825,68.9564411051965,697,1333,1108,159,1461,827,12.537070558792019,113.6627005966988,1,1,0,0,1,DoS Hulk
61581.66220913863,82.37444619122996,40.88436617250682,1243,343,678,743,336,320,95.22062542518542,82.19111707828918,1,1,1,1,0,PortScan
5992.390010381585,85.70290283305779,20.614616028016407,1029,1447,380,1384,1317,1150,74.53389124430633,70.10958094382389,0,1,1,0,1,BENIGN
527193.1976736665,41.51071768549326,40.2753618747442,750,656,1430,812,699,27,34.659622926370346,212.71220483405173,1,1,1,0,1,DoS Hulk
5951.708142442369,8.933990229186684,7.596028696491686,982,260,1255,1320,924,850,30.463182229623385,44.52235931825501,0,1,0,1,0,BENIGN
118755.90135001512,43.778147729961994,69.54071485893057,623,1385,250,1375,679,509,64.34353539393513,57.79922064898877,0,0,1,0,0,BENIGN
411529.8077656953,23.07345902070538,25.27426687484531,227,168,1108,179,966,227,59.35071402587,16.985408665142423,1,1,0,0,0,BENIGN
27335.861695714702,29.11964549966242,31.1405645044878,16,659,318,1495,263,640,91.89367014936865,71.49128266295598,1,1,1,1,0,BENIGN
15344.186123358495,77.22675568375058,12.108129824146275,11,199,192,1418,104,540,76.62431342092142,68.98827413943566,0,0,1,1,0,BENIGN
12940.840602400935,7.552708602588687,86.46591138898917,691,1408,936,212,223,1202,54.036487257392686,88.71266125116286,0,0,0,0,0,Bot
36136.47059411098,82.75812174807021,49.34442792827386,69,1335,600,529,1442,671,92.75658418396546,56.72729644281951,1,0,1,1,0,BENIGN
10652.32035515615,42.76690858241691,57.21468777864003,107,581,606,1418,977,909,59.27306313332188,57.43130306956369,1,1,0,0,0,BENIGN
117817.94699281834,59.60639311005951,56.94326830948546,200,1335,1323,26,114,1311,84.96848356606773,61.93873559693015,1,1,0,1,0,BENIGN
6431.646379952709,8.9652231235679,41.04931145413418,1075,565,1381,938,890,1288,84.09426520978563,27.378326138190655,0,1,0,0,1,DDoS
71217.12524346368,33.735907835727964,19.25299154381395,628,394,764,869,1258,1490,91.91948589495362,75.86058512780028,0,0,1,1,1,BENIGN
571287.9886799934,8.970091901484578,74.51327484983999,1282,350,1476,1472,1297,1418,6.760203127910458,66.24992612626312,1,1,1,1,1,BENIGN
168184.87766767154,96.15437228811096,12.705626535767433,1287,27,884,437,1253,1455,58.38196679467777,83.91456254609109,0,0,1,1,1,BENIGN
95508.20766198737,80.72616493262504,10.38737902788105,905,631,990,284,728,1458,46.839259117104916,76.8586004972604,1,1,1,0,0,BENIGN
36564.883308698525,45.963275435646025,71.01450375965034,302,1156,505,660,33,1411,49.05423834646725,63.85722305040624,0,1,1,1,0,PortScan
97788.91428190235,22.36025483236711,20.883702045198383,936,379,64,648,1411,808,45.991060362020285,16.089215090959897,0,1,0,0,0,PortScan
74874.75558795342,93.34551052498522,30.67727513528323,575,527,221,188,894,1168,83.7466689422341,91.91473232088299,0,1,1,0,0,PortScan
55527.11613166957,34.45965957269718,47.522746700174025,554,1310,465,1222,461,1198,31.84328974169388,36.72121813831484,1,1,0,0,1,BENIGN
14007.892586034512,16.098443168737475,44.93513167295462,124,1307,71,1125,448,519,46.275108162977844,96.42985685167623,0,0,1,0,0,BENIGN
217687.10598120475,56.31643884539549,70.85791250649991,1293,902,887,478,828,1337,20.068254290108566,40.187080200054716,0,1,1,1,1,SSH-Patator
59744.55297927822,94.37741203448161,62.3431793443361,858,806,473,602,1237,1152,25.17166159247347,14.593829268317082,1,1,0,0,1,BENIGN
21644.41820614136,0.3830290500322575,64.43961622818657,744,226,654,1014,1069,513,66.0420083343875,88.4839747499668,1,0,0,1,1,BENIGN
45848.51833829353,23.812484325399875,71.40543306554574,479,1450,18,1247,404,1033,11.693593825066195,79.50587401287052,0,1,0,0,1,PortScan
53465.6934620134,93.84476404104076,29.261272742346534,131,26,521,516,332,346,18.78218109946773,78.62960561131396,0,0,1,1,1,BENIGN
175757.77510905333,17.108596685716204,32.233331180047365,1025,1355,783,1464,239,116,52.803455957131405,8.941075073111815,1,1,1,1,1,BENIGN
132281.03228592782,11.324345163981986,43.799774789555414,114,1140,414,915,1277,410,4.377302796301352,87.9279833051967,1,0,0,0,1,BENIGN
146665.8326170192,57.01872157998045,30.74621730335261,480,88,363,229,227,1420,12.692699942039154,59.64006371628611,0,0,0,1,0,BENIGN
1109.2560021533864,86.18438232948299,98.49378689708634,980,618,527,868,732,1034,86.33529389667488,47.03557362729537,1,1,1,0,0,PortScan
53811.80264409754,47.71098176939261,81.40519264214296,1024,121,1103,1137,890,1421,84.61467657949957,91.31716214131386,1,1,0,1,1,BENIGN
65651.47210381606,99.45642566845248,16.465468825602958,330,865,795,1207,165,1116,34.77761050469822,66.60413524819403,1,0,0,0,0,BENIGN
1937.88394664463,67.91716995379929,0.5594155881869511,941,32,1213,758,584,1125,34.79913153111844,13.303082385298593,1,1,0,0,0,PortScan
30085.27040218263,7.407490721044773,4.278326824726786,954,602,1171,33,736,97,93.65154492640036,51.95371760567037,0,1,1,0,1,FTP-Patator
142832.4681714378,99.28321316819753,24.406345104292527,767,695,442,295,597,281,2.5841139072023234,63.66165888475628,1,0,1,1,1,Bot
14746.771733388927,40.78942367801904,11.429128583685655,390,887,264,452,592,806,58.02955130852708,89.85506977316342,1,0,1,1,1,Bot
76638.50452648582,28.740253384548254,53.33381148925721,833,1421,649,1429,726,859,59.73905790407274,27.989410167490014,1,1,0,1,1,BENIGN
24232.875607689377,55.787918357788556,85.79952227273586,142,524,508,1150,1413,656,78.78870671816613,79.42338856474153,0,0,0,1,1,FTP-Patator
1219.483024877762,30.43075918208643,73.67502209132275,327,1047,1324,141,1446,1444,95.17505158226007,799.8129038347462,1,0,1,0,0,DoS Hulk
27601.896185029935,8.645750712015232,21.560906308219042,627,1348,465,647,924,1387,35.582758704334395,12.804948482368072,0,1,1,1,1,Bot
372445.5023142878,0.14283430791767193,39.929925602578585,376,33,364,127,1434,210,43.78334734560012,1.7233182755872933,1,0,0,1,0,BENIGN
161715.31579615473,44.95833529202623,50.78942095312776,89,246,1422,834,648,507,67.12984805201773,58.140969589845646,0,0,1,1,0,BENIGN
320834.7550191233,83.68634222265922,81.02058495033356,807,1042,492,924,446,1099,96.72716223441766,78.94788862909857,0,0,0,1,1,BENIGN
66914.5624111168,57.231518563007654,83.91216031061649,1020,1053,541,729,1426,1346,89.07923537367076,55.44308243272972,1,0,1,0,1,DDoS
11623.745419519251,99.92072989434408,90.97183119077759,1065,48,1191,1373,96,451,66.70530032700445,81.33474851998753,0,1,1,1,0,BENIGN
79398.34770016944,28.68466456472,50.924525050287514,1058,911,1114,462,378,686,85.6723571671022,62.23031404675141,1,0,1,1,0,Bot
60582.76310869285,28.04550647600553,69.4274746435863,1011,179,722,1267,669,622,8.520443089143626,65.32923616723004,0,1,1,0,0,BENIGN
186019.0887399809,15.97494602339442,11.180037123393715,552,1393,841,563,1209,970,37.712694285185265,2.815442576252558,0,1,1,1,1,BENIGN
10323.231608662383,16.40635882653352,56.52889599539821,123,737,299,1209,1267,929,1.3092495698847184,8.859820291942611,0,1,1,0,1,PortScan
66990.17356298462,28.51865960100478,24.869180947113513,56,1418,173,1256,630,17,17.747223826095038,725.0296177158747,1,0,0,1,0,DoS Hulk
16257.618371792445,79.28400452735272,43.17168850266111,805,589,645,513,707,1314,63.0492571202402,76.28432823762891,0,1,0,1,1,BENIGN
39256.25950137044,90.57567906364478,63.40505083067194,1479,495,1396,0,502,785,88.55616237336667,54.217797806432586,0,1,0,1,1,DDoS
133695.9878024791,97.50871697076813,25.698593785378108,234,430,23,1262,287,197,63.27803099917955,59.016512745103455,0,0,1,0,0,DDoS
64629.81932916177,23.228965409645262,5.218505779676108,607,1230,1224,1078,368,1185,66.41381070085667,61.436583984507756,1,1,1,0,0,BENIGN
47142.58964215926,88.12975456140917,1.0233856408757513,391,1058,730,1441,64,416,10.382160525620188,10.499131885394942,1,0,1,0,1,DDoS
50166.15401585782,32.82550892773371,2.2159535544521547,969,1436,6,1471,161,383,66.48604909133799,66.79086042509302,0,0,0,1,1,BENIGN
61516.216091692324,11.28405445168844,0.8349737513769662,1366,363,1029,337,596,199,45.4346717369191,478.46997676205035,0,1,1,1,1,DoS Hulk
153719.4201894464,87.00249255201656,11.035505655787547,1199,309,1184,907,926,894,65.14402315818234,60.252297668727905,1,0,0,0,1,BENIGN
222640.85163237466,63.61056346436186,23.948871457012988,51,981,877,817,570,979,32.617310952982734,56.314182881052254,1,1,1,1,0,BENIGN
310855.80630223,16.47308960810617,22.12215141822992,488,1302,1271,1300,973,1066,58.14859416631701,76.3000248454039,0,0,0,0,0,BENIGN
154600.96304556975,42.98312575130026,98.67965941798967,4,1175,165,1033,661,81,42.40692968309894,31.856826371598135,1,1,0,0,1,BENIGN
37893.062560405124,28.725769487706764,30.60061052089432,631,226,427,1364,1441,1327,55.86370554350608,37.3526245067452,1,1,0,1,0,BENIGN
116518.39346810205,73.6794568710197,12.74207833593991,1232,1266,144,1127,480,1222,14.708951832979999,39.16063065245796,1,0,1,1,1,BENIGN
57554.74933648939,45.341623062426805,54.55625441677579,216,9,932,344,268,1429,39.5824853617285,76.24560991740125,0,1,0,0,0,BENIGN
29392.90402489777,98.9279945106385,85.79574553975084,535,1415,508,1393,735,1450,37.42786572568541,43.11126218030352,0,1,1,0,1,BENIGN
183804.37261905783,5.474498225959512,67.80603767876752,1365,47,906,976,566,1484,73.63945206528084,17.70747717000547,0,0,0,1,0,BENIGN
3918.4116743756053,35.50152661362467,29.60820891354503,1424,203,1243,882,1213,883,70.64095139680656,98.30409704170287,0,0,0,1,0,BENIGN
232036.2093040372,48.19001671099774,56.161615979145495,1485,988,644,197,405,479,90.8858684731333,49.33818639645477,0,0,1,0,0,BENIGN
61892.59348392796,50.31335547483198,71.48559742004092,737,893,75,1037,764,727,63.20555922831975,10.924808315606304,1,1,0,1,0,BENIGN
101390.76313345574,31.593582238563677,72.81044923677423,729,156,823,871,1335,123,31.45471297934733,67.02749559927024,1,0,0,0,0,BENIGN
107691.12357162623,72.9240249097568,66.65384552976889,1234,854,1342,1361,865,527,78.32246632353313,73.91623575284837,0,1,1,1,0,FTP-Patator
225491.68980590208,87.47470734889747,87.0810424775618,1049,25,1061,541,1117,525,49.69976435336264,50.02228389088954,1,0,0,0,1,BENIGN
101244.28920042711,93.8719301977863,87.01054583441044,1275,420,565,456,389,38,19.349321062907855,64.64572182773213,1,1,0,1,1,BENIGN
95174.5864110872,80.50933767995262,57.89365594070033,2,760,1269,749,546,1222,74.74114683271264,17.267486448272994,1,0,0,1,0,BENIGN
6897.72007819054,85.05801973065994,42.985636911121226,1025,773,1163,1459,1434,107,13.253139571922901,36.79223852803789,1,1,0,1,0,BENIGN
73065.80419892182,55.05453006199955,64.15702955650998,1025,263,1281,365,1235,267,17.81533312461292,16.18286033716162,0,0,0,1,1,BENIGN
16271.77737566215,82.58882264268146,81.82120013704632,149,587,616,400,1392,1376,75.87559284351472,38.72352563648084,1,1,0,1,0,PortScan
133725.1919142745,30.350390914795224,0.5652104841184724,3,957,380,573,741,310,77.0144694071288,56.280052218691914,0,0,1,0,0,BENIGN
71789.47323254283,39.84787621092144,99.19970090148512,467,469,847,481,1191,1413,79.07812688042154,44.25394071819133,1,0,0,1,1,BENIGN
114014.63466715082,31.69130138185443,18.289377232919925,69,253,1208,109,1037,39,29.332512441711568,59.32148407357406,1,0,0,1,0,BENIGN
4256.611941635435,46.738733544792545,47.02489856599762,200,1170,302,1018,585,780,86.65874573715189,50.17591733685518,1,0,1,0,0,BENIGN
8860.393466847852,28.557961623863637,87.20297348428667,307,1349,755,405,873,580,72.26681359620729,31.781437340175632,0,1,0,1,0,BENIGN
125992.03799829267,96.16114422544469,22.504039904419937,1275,1361,163,308,1230,151,83.39674095513405,14.341599812101213,0,0,1,0,1,BENIGN
7481.442963462634,31.284462800566814,47.67952239003832,1310,739,1226,159,42,186,70.860548474689,25.26728614212772,1,0,0,1,0,DDoS
7392.292686901208,9.804453811093982,13.258218018117917,921,117,1431,843,879,429,57.959645874634056,20.071325189459987,1,1,0,1,1,PortScan
1218.238000979597,52.68171660504134,39.50763253881926,291,1188,1233,54,1465,456,10.939477157401933,70.74222936907105,1,0,0,0,0,Bot
313502.64862197894,5.7099078445176366,17.71354547930025,1177,549,100,760,910,752,71.09362119519493,81.99668444123809,0,1,1,0,1,BENIGN
133753.60430156608,11.054316630858052,36.3627748771157,923,910,1469,255,606,1250,69.0460775458184,72.03886052994257,0,0,1,1,0,BENIGN
43579.76357336992,21.93893891962463,37.346421679272204,1156,869,897,533,1418,1451,31.24911332868604,64.37341469951583,0,1,0,1,1,BENIGN
35173.79812300988,46.43502498821417,99.31707895983327,882,807,782,421,237,203,73.58197690464262,30.78513538137696,1,1,0,0,1,DDoS
43032.645066688005,43.32509323090279,99.48130293037723,585,820,367,945,718,778,55.04545534313275,71.09855591065113,1,0,0,0,1,BENIGN
149011.61997316504,79.96918620027913,11.478627866061242,1297,1221,1262,961,741,117,55.940623854341496,60.508345998914635,0,1,1,1,1,BENIGN
108284.90176285032,73.94746538841133,72.59687793283473,508,1397,726,812,403,1417,36.760467878571255,4.689336668762567,0,1,1,1,0,BENIGN
20480.715510999962,42.63182939907013,5.174547966910115,1376,563,1314,886,213,221,11.678504134013657,90.76121183934156,0,0,0,0,1,BENIGN
19129.288145502192,33.37042075756299,3.0192015337188627,4,1152,371,263,845,896,21.6928457865989,7.995384110163927,1,1,1,0,1,PortScan
10357.949119433948,31.64687840614986,10.53338942449643,292,413,861,747,1397,62,76.88316533360582,50.27079041588388,1,1,1,1,1,BENIGN
107970.04100335127,77.3995087294009,96.5485657007934,359,1403,1454,832,131,395,27.144155049689388,51.306915271906476,1,1,1,0,0,BENIGN
144550.3799223716,5.2072406221269745,94.08635478946974,213,879,279,232,8,4,0.2253054335611515,83.70071887583816,0,1,1,1,0,PortScan
30794.79495535903,1.2821649510605826,19.392782028068044,1429,992,1490,679,152,1357,99.701742113155,91.30675010423663,0,1,0,1,0,PortScan
2116.7418451615126,79.5544391926648,16.16723355537115,1459,0,315,232,430,1315,21.068223385037086,93.96757915097929,1,1,1,0,1,FTP-Patator
8574.490745693609,47.71463759890493,24.0535086515947,1038,166,1100,1068,482,507,65.53831488703938,56.96721334789782,1,0,0,1,1,BENIGN
343765.5002837343,13.088113855357598,51.554699407514214,1296,15,815,557,304,144,92.69220045749937,67.90422302116035,1,0,0,0,1,BENIGN
35018.85653036254,23.556593459450127,56.97046320354099,562,656,150,912,283,953,59.9712734633937,8.851986241256304,1,0,1,1,1,BENIGN
146630.40433040203,93.25039530973825,22.159343043944734,764,111,1419,680,471,661,79.90306150844575,48.791601084402224,1,1,1,0,0,BENIGN
97993.2505488038,85.9502975624898,75.66227880899451,44,1391,1008,1459,992,1182,97.63717121488149,89.78567042422846,1,1,1,0,0,DDoS
48116.915582932575,70.97850502239726,30.955316940265078,702,1125,1320,334,189,780,86.03634259297857,455.6971510380611,0,1,1,0,0,DoS Hulk
23027.801895590354,48.22252303373266,92.21313255294103,633,593,668,403,511,958,55.79040886783617,6.959393543343062,0,1,1,1,0,BENIGN
12941.008905710116,52.032362619138574,65.67227064567305,1435,1429,406,1187,342,962,36.370293048207614,20.06411424164536,0,0,0,0,1,BENIGN
95454.56284794805,97.52445352839587,43.63511943036117,1210,506,286,255,1453,10,48.24644491639596,42.95069224354946,0,0,0,1,0,Bot
149002.85583409175,96.57704438842872,78.99120017028454,660,670,916,1089,714,68,84.18261681905443,23.75283049090524,1,1,0,1,1,BENIGN
103255.5633563709,21.526904578583427,81.79146260466648,1193,1063,1479,1019,679,963,85.33546101506403,39.22925853417206,0,0,0,1,1,BENIGN
75566.56276864724,81.11045663053181,29.048160560894367,720,1404,491,940,1057,201,84.58549223583637,33.2961875336059,0,0,1,0,0,SSH-Patator
4285.658730910904,19.72426661670168,33.97145438360843,593,758,1032,771,470,265,59.7224402750011,31.89290528159521,0,1,1,1,0,BENIGN
345741.1529753554,21.35374778839514,93.59551537286033,1424,496,1155,945,1417,107,47.695591775761294,9.116460975683538,1,1,1,1,0,PortScan
160302.944884436,67.60930341645768,16.474103836327192,245,964,1100,1111,740,1077,31.133805609566178,88.27146910865864,0,1,1,1,1,PortScan
34647.29286376472,40.50010985875484,4.2150416962934205,856,280,737,1263,512,950,0.3360855181929301,69.27062534654131,0,0,0,1,0,FTP-Patator
391054.05727172183,93.15444071065203,45.405532260954914,551,350,130,310,1345,1361,76.44852708609558,62.33819084691247,1,0,0,1,0,BENIGN
92100.580446948,8.900973489600883,80.1209900243629,42,333,996,681,1138,189,27.699828001405468,60.64694080954068,1,1,1,0,1,SSH-Patator
87328.55020448503,51.152564080949304,77.16681063107458,840,760,1435,1281,1237,238,32.967789538533744,39.65022247146588,1,0,0,0,1,BENIGN
137861.66282050146,91.85215304431212,91.95306289128325,178,1306,1113,1457,144,950,84.34812248470439,82.33153088514999,0,1,0,1,0,BENIGN
167008.95338438769,90.41136604795051,53.32006643690402,1480,727,497,128,558,342,5.225115712262063,93.00399939279387,0,0,1,0,0,BENIGN
106850.58907480496,15.652921341574121,10.006467156653331,534,1342,621,780,791,290,92.76203314574386,0.5617248995441138,1,0,1,0,1,BENIGN
13707.566198038496,36.663770009645646,58.86889743360161,606,822,888,325,1201,1346,0.13619224385064133,7.91984768380074,0,0,0,1,0,SSH-Patator
41289.38923155083,61.912140004669624,77.83956143532116,671,1437,353,789,359,320,93.91691148254061,67.49756173662792,0,1,1,0,1,PortScan
263225.15064242063,15.939488477140218,9.33281202698264,1267,13,270,16,284,41,45.475849108341635,23.606672272307215,0,1,1,0,1,BENIGN
25439.638787094395,96.80221720457386,17.265740109758976,926,1079,1415,698,1268,954,10.212262515181958,91.17049987698819,0,1,1,0,1,BENIGN
46548.110941267965,91.47493287276603,1.2290661155670901,16,1426,431,1008,764,1221,67.41613672411873,66.74130651162548,1,0,0,0,1,BENIGN
56576.9226718731,16.695017903446917,59.36525794468104,1135,341,738,341,1229,888,89.58564257212218,36.82912551587131,0,1,1,1,1,BENIGN
57875.654092333294,12.115546126098542,88.67343919459044,825,198,471,1002,583,632,43.807281684762,41.52824027794302,1,0,0,0,0,BENIGN
94917.44805522318,8.54084828082653,67.06633160020995,546,677,1331,837,1365,845,69.13579040306664,690.882505246558,0,0,1,0,0,DoS Hulk
286603.5383780196,90.94436640366311,98.2040087590982,1053,1315,507,627,726,283,97.93627201892939,14.09641026021433,1,1,1,1,1,PortScan
27534.872427418642,19.362380979546078,6.3033652499761565,1215,657,54,770,1383,806,24.070082371300504,88.34118802466094,0,0,1,0,1,BENIGN
12954.093800495233,41.62849285443547,90.30010851514962,436,1464,36,877,1164,181,82.04494569226881,0.4771698430177773,0,0,0,1,0,BENIGN
21998.665189386476,44.8851365652003,81.40682873866807,178,77,899,1272,959,1034,29.523710934717663,978.9469533038662,0,0,0,0,0,DoS Hulk
217970.3081100552,59.901104421356756,31.424152049950493,615,111,54,709,1245,744,42.63375999901599,16.764548036309424,1,0,1,0,1,BENIGN
103792.40810762277,7.173534374742497,97.35265518372518,676,534,523,848,1412,441,28.176586849726082,74.21113586138824,0,0,1,0,1,DDoS
33674.17778790184,22.675861740051594,28.793774817141504,1497,1398,914,738,1353,628,44.60117484341224,3.9924707043160534,1,1,0,0,1,DDoS
169253.11877747203,93.1490386918926,88.93047238282185,633,1139,462,176,742,1447,0.5089032428282514,43.142889904309264,0,1,1,1,1,BENIGN
197594.67391996953,90.84101072685695,88.07485770741894,1157,1165,696,945,1416,387,30.34388473302715,63.031368231413744,0,1,0,1,0,BENIGN
187414.81279810754,78.12906474056922,75.76576166029724,801,991,715,356,653,575,44.52940639376958,7.0227457593084015,0,0,1,0,0,BENIGN
251239.9543274232,1.9401245618215435,56.347047381285186,311,1220,1234,494,357,453,63.2240183706096,44.32935288999238,1,1,0,1,0,BENIGN
29067.457241461543,32.70067684961021,12.000274961688806,24,789,1249,34,1417,926,63.73613911759088,30.31364031102225,1,1,1,1,1,PortScan
140666.82208230553,62.79587353429078,53.197173449649824,370,1322,1030,1430,586,1025,58.37856184704928,49.82436119671928,1,0,0,0,0,BENIGN
61718.57078521142,27.519021177347568,35.67962556549345,524,1099,731,817,39,810,29.30318295922969,50.45765359691481,0,0,1,1,1,BENIGN
184515.10870734518,90.95866950537773,79.22170331553518,1342,529,988,9,901,1265,94.74043159357454,78.52316058423087,0,0,1,1,1,FTP-Patator
130375.88019347568,63.38894618324419,75.81292064968449,229,99,211,985,272,808,39.196982374109936,12.350452844489768,0,1,1,1,0,BENIGN
149810.8753865593,7.19067173164456,91.06125073726052,1125,972,1212,530,1443,1083,21.68939412390578,8.271960104746645,1,1,1,0,1,PortScan
106758.41906842092,90.9005588835703,1.4830162431707872,1473,1491,1098,94,1093,367,55.45129396679873,401.89023323879087,1,1,1,0,1,DoS Hulk
19532.019762394586,95.77666581762226,80.91032168230461,377,1315,753,575,828,941,74.89286698809136,88.75199193765326,0,1,1,0,0,BENIGN
78751.70241922046,7.771241839172549,93.84620531246688,887,1014,1137,449,622,39,1.2233572822266225,85.5269519672093,0,1,0,0,1,BENIGN
417792.65950169455,53.23602348613149,78.93004491081501,1226,124,1174,1243,457,1338,27.634400739554742,55.9992909281409,1,1,1,0,1,PortScan
277079.93880074326,30.336428221417044,13.01944598703667,1290,1014,435,1017,233,556,82.49778526000298,88.87738189711071,1,1,1,0,0,PortScan
4413.344611758607,39.283907648140236,8.127910484088774,461,518,83,95,196,1321,50.70210933855982,80.53435975487119,0,0,1,0,1,BENIGN
18010.18011507549,17.965121795534188,2.084523980770081,364,22,1235,864,535,916,40.848830457991404,27.79394600930494,1,0,1,0,1,BENIGN
14125.114015268526,57.807210201241254,62.8745225828071,103,161,778,1404,937,1020,93.09012795823118,17.010628044583008,1,1,0,1,0,PortScan
129455.3854060387,95.79793532488907,62.96726518598873,1134,628,833,668,146,642,8.95350971228387,30.11565009767059,1,1,0,1,1,Web Attack - Brute Force
170256.9780695846,50.30726002716091,98.69137142182123,427,505,460,206,573,449,61.557020077784905,22.71178784388144,1,0,1,0,0,DDoS
24017.700835005286,8.291458139448116,39.804317410409574,468,881,176,849,1482,394,34.2188716243777,622.7187926586971,1,0,1,0,1,DoS Hulk
70492.1613839529,62.000133347740835,33.19062848974967,1014,1044,311,245,1090,791,7.082339829292572,58.48991127746501,0,0,1,0,1,FTP-Patator
183698.50704778038,34.022299445125704,62.44249271843925,869,1487,1182,883,29,87,21.374450861082018,59.843738345278176,0,0,1,1,0,BENIGN
131976.36186471765,85.59251895912978,82.5608672507594,769,482,185,82,106,532,62.79332130172843,18.930353649144884,1,1,1,0,0,BENIGN
78140.41449537949,43.467814831647026,93.67739495230019,679,308,1494,316,389,1411,2.827693385455743,79.18627252764388,0,0,1,1,1,BENIGN
89244.65045700323,19.28396089422456,80.31241661790386,804,873,1332,644,878,743,59.224881538935094,43.36260835426313,1,0,0,0,1,SSH-Patator
71000.9650068406,19.110562269114496,42.66739806158048,885,202,245,1128,405,380,95.68504212173043,47.24519203665329,0,1,0,0,1,Bot
35317.88500016205,76.87641807211604,63.491423531206415,560,1439,1016,369,1144,430,79.50960623702693,99.69618462112396,0,0,0,1,0,BENIGN
83245.98074681555,26.55875983073599,85.6299326716117,1273,639,383,748,1034,1239,34.559707933384566,28.227178596274815,0,0,0,1,0,BENIGN
116759.36310968125,76.7233394159223,49.060968831173945,330,141,1065,629,583,276,13.820764636160831,39.41380041077108,1,0,1,1,1,BENIGN
206611.40751074525,20.58873107665994,21.66866437053927,586,1003,284,179,346,193,46.50644339129786,67.64632079040874,0,1,1,1,0,PortScan
101140.21548748545,32.16863687013094,16.972343974787297,200,614,979,601,1276,178,39.29504361784054,88.04130201902413,0,1,0,0,1,BENIGN
143180.0379585526,46.54869724396994,0.01577445780567288,453,106,987,599,796,1166,97.1732960023852,12.678100668403115,1,1,0,1,0,FTP-Patator
17443.86704891238,94.31958496934507,71.82379949812842,825,528,299,1106,118,217,98.9868054508422,73.50458064271639,0,0,1,0,1,BENIGN
61907.451866637595,93.17314247538246,11.10972088459905,110,575,900,840,519,987,41.05846563237912,91.82805259955505,0,1,0,0,0,PortScan
937.5432164456156,20.68718754222878,24.383909969594043,863,968,1459,347,1238,1082,14.878398352993683,42.292461342686906,1,1,0,1,0,BENIGN
28326.36673578669,35.82190412430728,29.787633152279337,907,687,1392,1295,732,1369,91.06095496429052,28.672692293351755,0,0,1,0,1,BENIGN
129631.36856112858,14.939938845377231,56.037986013676836,1232,290,873,330,79,556,79.35422756669934,67.77371467749373,1,0,0,0,1,BENIGN
480483.5440886139,50.998507931349714,39.795727729576925,32,804,485,609,418,1442,51.12742066556976,24.60736512382915,1,0,1,0,1,BENIGN
10444.770971109278,46.05825506946666,67.46739920231619,554,1334,435,743,583,1247,36.53546430151413,38.428974654728606,1,1,0,1,1,BENIGN
51331.92567214193,90.07601624507325,5.5638659328702715,106,667,805,568,711,1373,44.816582759972746,896.9133740898028,1,1,1,1,0,DoS Hulk
160979.28189017484,93.00053777910726,12.393919426443944,1288,384,1451,388,1312,767,90.18811753051104,590.3325525913774,0,1,1,1,0,DoS Hulk
22820.086126156373,38.35673910072921,49.921150353326674,225,1076,180,970,233,76,18.464344776353848,9.49772665998443,1,1,1,0,1,BENIGN
80987.19123476157,49.173794301898944,33.69647878468298,486,1206,882,746,260,598,80.6783521123471,32.969753144637096,0,1,0,0,0,BENIGN
132077.36825681356,89.62362491461332,29.58133627513597,178,1392,876,136,932,1231,1.8190632827155384,62.72651651173761,1,1,0,1,1,PortScan
95707.48371647658,80.67078077450614,6.702807903752273,1245,700,693,1384,656,1182,92.0571993142085,48.149763715467785,1,0,0,1,0,BENIGN
20828.540063345004,0.3656311344649277,89.57191747480014,1393,12,339,281,1045,523,50.02972796462058,660.3393167515907,0,0,0,1,0,DoS Hulk
43910.13705229907,32.00595641835825,69.18185861250508,636,959,490,1225,77,1248,22.674782634117218,76.14414176803406,1,1,1,1,1,DDoS
153151.33748939875,42.17742419361259,12.161815681964939,787,159,494,1018,741,1381,0.2856502817182416,48.06151202047081,1,1,0,0,1,DDoS
80794.43351961765,22.97162836832317,6.504595773714062,166,1307,729,743,671,812,55.95464687447742,98.69516863019383,1,0,1,0,1,BENIGN
524.3335834244976,19.957161589593873,97.48725334312431,662,564,1186,530,1037,383,24.44878705598381,914.6738756739003,1,1,0,0,1,DoS Hulk
143125.30668276237,3.7784506595679668,68.1172550439505,299,1310,455,15,1171,503,63.12643360108433,5.99074060686563,0,1,1,0,1,PortScan
3594.9877311554205,64.33697250697605,41.74560710937415,1404,7,1115,1004,29,1473,28.116928145204724,26.64311377502183,1,1,1,1,1,BENIGN
136937.3461353044,26.251029048316564,70.17310407557848,34,71,104,567,437,241,8.80240291902269,30.054351230978405,0,0,1,1,0,BENIGN
22624.906865187215,5.234717843131309,75.63317864801591,406,891,718,1137,62,368,50.505162984355934,18.42903566700106,1,1,0,0,0,BENIGN
317183.6719559786,23.097931052806363,77.99622023887794,313,97,438,1091,1453,1494,56.44857362881444,31.201650305048023,1,0,0,1,0,BENIGN
45877.21412896034,80.19139528361265,47.787730565305765,815,86,1351,29,1158,287,45.25900255395507,42.48206329354603,0,0,1,0,1,BENIGN
39590.834430335635,85.14891816465466,42.9882758124848,742,100,650,663,156,398,45.803555432978136,5.155097899245775,0,0,0,1,0,BENIGN
16121.16083351189,48.30662451933026,1.102808426890034,726,280,508,998,568,103,58.96501279000154,12.730023613241448,0,0,1,1,1,BENIGN
36471.31863488573,41.607067040868614,92.6557115141838,825,882,250,874,942,1334,52.635350941015346,9.624587879348379,1,0,0,0,0,BENIGN
209273.5612176639,97.78536935017817,60.33078783889431,1124,1312,964,21,776,126,13.256753886265816,4.631693914665059,1,0,0,0,1,BENIGN
560874.6230709057,20.05646595880699,20.31539371899681,568,748,1214,1454,253,39,19.708564648503234,48.14970203016185,0,1,0,0,0,BENIGN
45935.57682687801,21.535928285460848,91.96034194214366,1238,195,46,1053,1006,1095,14.179104142905008,33.3803083226145,1,1,0,0,0,DDoS
59531.40605103695,29.186717703639975,91.49319017702963,575,390,878,955,1210,881,69.32955822197458,93.54472296497113,1,0,1,0,1,BENIGN
128038.93712449097,17.275731828108732,98.91841643660959,61,608,1274,659,872,944,52.8598412166966,102.7605354417378,0,1,0,1,1,DoS Hulk
217327.56794630142,37.93655982041866,87.40565631389788,368,449,1017,1433,1402,246,42.98551235309282,92.60353357356722,0,1,0,1,1,BENIGN
89905.10286786167,91.08342269897538,99.77843878200648,1391,1391,774,1072,1350,1270,79.83389952728494,8.65456173994592,0,1,0,1,1,BENIGN
49680.059945593144,61.534784062857426,24.468618812327257,93,1453,884,324,198,311,32.57946597608051,61.921734660443505,1,1,1,0,0,FTP-Patator
53208.64431503373,41.19465486122637,84.2249585199234,1492,1119,63,1321,880,33,56.810666309096106,247.73033737632034,0,1,1,0,1,DoS Hulk
118947.22687558443,93.44107945712148,82.30283087957645,983,1284,319,180,1194,128,7.440760149019843,82.68056464938748,0,1,1,0,1,BENIGN
322.3453352234625,4.846423247582232,23.094035922073374,1049,120,859,121,1338,9,74.4404083825112,61.47482703996987,1,1,1,1,1,DoS Hulk
96650.39188925852,21.027617790186138,9.843754900099078,1458,1389,779,123,5,1191,69.51924448155899,95.25081557696254,0,0,1,1,0,BENIGN
43926.96117297495,56.5888605101759,97.94205136775996,1144,331,1315,1476,1279,1239,80.2379629296882,4.725720033290015,1,1,1,1,1,Bot
158083.7488110796,61.55526231931792,29.602455152061037,49,1075,28,265,820,941,88.44759580165537,24.111326830133383,0,1,0,1,1,BENIGN
9760.250898985603,3.9557506562613143,87.0891790467806,882,1419,436,27,1343,1431,75.80282672954186,46.418472606739,0,0,1,1,0,DDoS
88722.29893778368,40.30387579071322,0.41271546746038945,763,317,762,1282,247,934,84.44898901272938,75.60578865662154,1,0,1,0,1,BENIGN
65579.91618936115,64.91539648308728,2.1024807219602204,35,674,735,76,3,1041,34.565459896172456,95.1112717543369,0,0,0,1,1,BENIGN
102813.19964746447,69.80705464034016,46.58713086963684,1433,701,1070,431,512,339,34.33373620149397,42.8042431294376,0,1,0,0,1,FTP-Patator
6705.217851068186,63.813990251626926,23.871468393506355,1312,1300,1440,878,837,680,94.43008198998163,75.73100938178727,0,0,0,0,0,BENIGN
86746.19670881443,32.05632243609246,68.98412834359642,1402,1217,450,893,505,1113,91.45745363262048,72.71625544452387,1,0,0,1,1,BENIGN
82436.03206028805,9.352012359790951,56.556432556795436,99,692,632,1058,30,1308,54.84973411052225,57.116889529090656,1,0,1,1,1,BENIGN
82248.1893100684,42.71124464193341,7.7485797450491445,1347,1016,1097,435,1298,533,36.65587852726458,69.09191761008196,0,0,1,1,0,BENIGN
92504.81327074117,12.875443736805547,16.262829631571705,328,20,1076,1137,708,1290,86.60015302588003,3.8066683066177887,1,1,1,1,0,PortScan
112845.7057823754,94.76236585206671,38.80492700584143,705,398,232,1085,885,808,32.34111324273662,44.15774008975135,1,1,1,0,0,BENIGN
163469.93101159928,47.51708660226283,18.560406395543318,220,201,199,51,1348,432,15.36350828944444,78.58606940600303,1,1,0,0,0,BENIGN
31446.51861262493,31.725917435686757,79.22223472439286,566,465,673,115,1200,757,63.949267500548004,47.422114500273096,1,1,1,0,1,PortScan
174325.1688811231,76.63040711189001,41.607023555328006,995,1174,548,46,1310,650,4.262180973296692,87.35045842269484,0,1,1,1,1,BENIGN
68966.46162596095,49.79485925822639,9.343186684249927,1021,895,936,437,747,1075,37.9101906166488,83.36378765647102,0,1,0,0,0,FTP-Patator
8018.918746336913,31.003402401245005,48.434290227212486,109,1182,96,1435,78,1090,80.7663815694622,86.34460301723657,0,1,0,0,0,BENIGN
6033.50260750576,81.19677423908017,9.083818106141416,148,309,48,100,242,596,29.521619569283473,12.999668562819943,0,1,0,0,1,PortScan
40682.350836025485,86.7152151001122,12.893730541981718,405,503,895,1302,500,249,93.13154790735332,24.41411245660705,1,1,1,0,0,BENIGN
153663.81893970084,67.3008166288677,23.96098320282053,698,25,521,106,204,1354,95.58246666166373,2.959727321213035,0,1,1,0,0,PortScan
122990.93840207842,4.6964422407667294,85.95277052474898,1016,65,39,982,1483,903,81.58163007651189,98.28007268630552,0,1,0,0,1,BENIGN
155407.39964735977,56.632288016653206,92.46125323329719,1433,262,913,1058,1406,414,98.76433189920627,23.6138139416762,0,0,0,0,0,BENIGN
72829.5833215188,76.32949119972817,82.6257729332069,1152,471,1176,1000,722,1146,53.076411151143766,36.70933344822422,0,0,1,0,1,BENIGN
58017.39118979032,13.650301208358218,33.40772174178473,107,166,1129,358,332,1225,56.919955213897154,27.492644722843618,0,1,1,1,1,BENIGN
15952.638422688284,22.867075138460336,27.244644110883165,388,799,552,886,602,5,83.61668152704785,3.979362284541732,0,1,0,0,0,BENIGN
39778.38153323653,88.24951050681365,54.91556907902392,424,1177,675,799,165,848,49.28052557880904,26.125800961010846,1,0,1,1,0,BENIGN
56919.54172192332,2.0121721853074037,72.18531605331123,446,342,769,1025,160,1222,40.672000683306955,9.819566620770726,1,1,1,1,0,Web Attack - Brute Force
9277.387160256174,75.2727137825976,99.33727881601749,917,717,210,1295,5,12,61.4753591174539,39.42830863845847,0,1,1,0,1,BENIGN
24924.6221980613,47.37732925144229,13.157071187892623,1091,412,1225,1167,204,5,65.7659510848882,96.68241183367756,0,1,0,0,0,PortScan
91186.37804587609,44.677215883960685,4.929199902380443,1089,1207,432,434,531,1434,75.08958216961663,69.82623720638178,0,0,0,0,0,BENIGN
133053.0906909701,0.7096532494887176,69.4355888995271,655,1217,706,1474,1123,1144,66.82006972600854,70.69007898078813,1,0,0,1,1,BENIGN
640547.2880634143,81.93982309664928,83.22257835039055,320,1025,564,603,44,1385,74.57217952633285,45.31759332912553,1,0,0,0,1,BENIGN
270475.5604404315,35.98249006365665,84.63487798664232,718,1238,146,565,456,537,67.45596708887524,811.3040106894476,0,1,0,0,0,DoS Hulk
102880.23098028725,54.07656313005429,67.84635490771606,727,686,281,915,226,3,48.04452385001788,90.82841669175588,0,0,1,1,1,BENIGN
54688.13099485978,67.73006863356595,95.4015804119187,579,796,1333,227,1338,283,13.493458433647032,96.15500060838208,1,1,0,0,1,DDoS
101108.87957798544,70.26295764379158,51.10047635445869,446,482,754,544,51,721,78.54432289352584,9.899022274641855,0,0,1,0,0,SSH-Patator
154015.26347430926,95.59800588260723,91.38147983362124,209,1055,1074,1237,1169,1015,3.0779151387683057,87.96440086464777,0,0,1,1,1,BENIGN
12594.446448603403,53.13399532366091,96.7812136991523,848,14,494,647,1304,1382,99.25000917613396,22.508288357586082,1,0,0,1,0,BENIGN
52747.155116972885,39.97195509744276,84.71574570031078,369,1341,408,247,1146,692,82.84584899396799,39.72669019908339,1,0,0,0,1,BENIGN
183134.65118380304,95.37036264917079,30.97585632586206,1481,1266,272,1431,470,1305,67.0910607981305,34.54771947120263,1,0,0,0,0,BENIGN
48423.71702849132,64.21102350255211,19.621565117029526,576,16,457,1076,896,656,96.66067718544534,67.51300400867949,0,1,0,0,0,BENIGN
84833.3696210045,29.81503562765556,54.812006498181844,688,533,1143,313,1320,951,61.24702814562093,59.79245402337916,1,1,0,1,0,SSH-Patator
88617.22825317389,12.646424540357115,45.30147503801884,789,80,45,1397,613,627,5.643288074434805,10.910487476803599,1,1,1,1,1,PortScan
20392.473795035094,84.25545014651813,87.77583421927329,991,655,1266,36,511,1372,55.93821740145201,78.28226295145167,0,1,0,1,1,SSH-Patator
44978.60945489304,36.21816027941516,10.003167106715372,162,435,310,723,785,979,27.72041856569428,43.96454018014961,1,1,1,0,1,BENIGN
40723.3604088635,66.04697213644312,25.77400613115186,976,1031,561,979,1225,1053,36.94775279844368,0.22218433296467,1,0,0,1,0,BENIGN
2654.595521466961,47.08164193658981,75.17989445187085,1355,1018,330,83,414,373,45.95851558500289,41.45032668608313,1,0,0,0,0,BENIGN
2448.919127053032,19.892977979503833,9.498664497731212,349,678,10,899,613,1147,77.46007463887835,51.633157574719114,0,1,1,1,1,BENIGN
178198.96121391395,60.16866086204651,32.07644140217002,669,1310,907,1117,1445,1469,50.292921437095615,6.887468520822926,0,1,0,0,0,PortScan
31892.620643003505,6.068306895068232,38.71553940539832,1491,779,1447,1438,519,1010,47.468029082507876,15.113525941620154,1,1,0,1,0,Bot
72997.45937185206,41.334245987119225,62.259379656269,425,185,1071,1365,673,1417,30.197213774184604,99.3572171490861,0,1,1,0,1,BENIGN
35485.5990079893,54.661493966367104,15.813264571936458,326,421,1400,718,1096,649,53.9872241852703,87.11954020224856,0,0,0,1,0,BENIGN
282479.6036158523,43.604697411857906,86.06044903497096,1129,465,7,549,344,724,24.839085443531562,13.332741934664782,0,0,0,0,1,BENIGN
30015.52182005943,74.86721752509908,44.75422354662742,254,82,983,1444,1050,811,26.099381540822797,580.3093996962564,1,1,0,1,1,DoS Hulk
56151.70164185904,82.79249545453125,91.70217118805564,357,566,1393,1371,1192,1079,75.72587751445205,37.92432972173432,0,1,0,0,0,BENIGN
206144.64331155928,77.1243074033178,46.78699136339316,443,642,1463,714,774,131,34.254726450909004,54.374040869991966,0,0,0,1,1,BENIGN
184473.98709821282,3.881294781180211,27.504025894073337,112,324,565,586,584,780,5.139967293911186,47.053519356738725,0,0,1,1,1,BENIGN
20591.951269056197,19.41287704459722,14.182882868767487,1053,1442,272,1151,1232,121,34.36772858949808,4.814892502568469,1,1,1,0,0,Bot
162274.25772487937,53.66075092637743,0.3745094711284813,523,50,940,151,879,201,63.8572207866619,31.542031099078304,0,1,0,0,1,PortScan
61283.414648245496,93.48220404438013,53.21574849848356,688,1050,900,1061,897,701,81.39855866773223,12.552058202812667,0,1,1,1,1,BENIGN
65965.21975537925,83.49567750521169,10.715669692692343,990,676,130,1450,847,1288,96.19366813923614,48.89680922907477,0,0,1,1,0,BENIGN
14327.005689790265,84.25345083518016,39.17277636311782,45,980,723,1128,724,557,74.6220421474976,90.73167199795434,0,1,0,0,0,BENIGN
8403.564207332336,30.32081937596749,58.92717612370867,1194,792,633,164,656,1063,42.88516094168369,99.55327725695439,1,0,0,1,1,BENIGN
130173.01014514391,42.94478970787026,27.56858969027003,1153,1085,113,937,610,578,29.911927920495764,94.42530684824713,0,1,1,1,1,BENIGN
68609.44145968501,47.070594731593744,17.522429236611526,756,656,531,211,1333,1136,12.962999017088938,98.56971249748099,1,1,1,0,1,PortScan
57421.05041411313,15.737158334991042,77.47216226093417,1376,1194,1362,525,1023,1362,62.76864344461144,1.524631578035518,0,1,1,1,0,BENIGN
130751.3601315038,3.1068130244456316,94.67911722816206,1226,1309,1044,741,946,1085,50.988331410900635,72.94469784440278,1,0,0,0,1,BENIGN
145035.46989673853,94.69028994605169,10.044041786196601,1249,116,32,131,179,226,67.77015164441413,27.294881017653626,0,0,1,0,1,BENIGN
17305.44307603995,24.07125856635067,15.559032438500786,1103,1027,132,1175,646,173,23.71331564550696,86.5617978269137,1,1,1,0,0,BENIGN
94218.6012916847,23.99489037236313,96.00126572527186,1333,1089,919,95,437,1019,32.364416810994555,81.37334906240424,1,1,1,1,1,BENIGN
14543.519952787474,8.337905376875954,3.7784221812246277,1058,1083,974,1012,394,1157,29.2095349498639,42.36745758829541,1,1,0,1,0,BENIGN
139180.98878273496,92.85077519437786,97.76323365504722,563,904,25,521,593,1308,79.76518421744106,47.32606751031575,0,0,1,1,0,BENIGN
106989.41006159439,57.9737114939772,0.4644483084988771,160,501,1387,373,56,1131,17.122981486334677,26.509166899253888,1,0,0,1,0,BENIGN
313763.2785960324,66.70368571253539,87.36686556513314,839,798,600,1039,1197,142,60.847211702449556,28.880403622030194,0,1,0,0,0,SSH-Patator
7145.090750853228,91.15768872630525,30.732518098774953,1458,856,1115,607,325,568,5.135501575910673,981.1744233604845,1,1,0,0,1,DoS Hulk
5874.702682483747,34.56201689007895,93.85888581772966,537,1252,544,17,321,1317,54.95275759017196,88.88528886701745,0,1,1,1,0,BENIGN
33154.629359486404,62.15073111380841,31.694528863558546,224,1123,1261,1432,182,276,6.391397575305591,19.186897211497477,0,0,0,0,0,BENIGN
30341.27313563832,3.879945472888746,65.4306321534056,1469,1142,17,1030,234,1494,17.587659078798733,27.552467786493295,1,1,0,1,0,BENIGN
28366.189629572724,18.677252823112934,8.003256976593665,1340,68,1297,1268,618,275,11.30253020535622,10.864799306226002,0,1,1,1,0,BENIGN
236717.24742163095,83.12458050899426,24.2329811453739,1437,663,933,977,1209,233,34.67253538834265,98.88707829796914,0,0,0,0,1,BENIGN
28707.718856360665,76.67683563383358,77.36793464792507,94,791,288,878,265,1265,34.37314177077291,90.72098505305478,1,1,0,1,1,BENIGN
31738.51756541948,35.06426914571469,52.86858536788197,1248,220,1050,593,1008,1281,82.64192807282564,55.209798698739746,0,0,0,0,0,BENIGN
142461.2253597161,37.681062777421246,92.79690617870448,948,1009,816,642,841,31,22.56874513805287,692.8931039471257,0,0,0,0,1,DoS Hulk
59736.4098865057,53.35544335535795,42.87514083413543,552,222,1457,128,328,1390,8.638674177397698,74.79469395906544,0,0,0,1,0,BENIGN
149928.63982584595,0.02410046851345493,86.98123658139231,644,676,107,800,1388,1371,60.35117908141297,20.381122746022495,1,1,0,0,0,SSH-Patator
6760.043876192516,24.124433603802785,44.89554374782375,65,210,972,454,682,759,68.74506996000068,93.46663373311574,0,0,1,0,1,BENIGN
66859.34921037368,20.823180860821445,97.92482787019853,1420,930,947,875,23,1155,29.482361602145378,52.67427137216166,1,0,1,1,0,Web Attack - Brute Force
3419.152493794983,25.048294674976347,95.98343813988768,1233,885,737,570,1284,792,60.28141163613772,9.24515375004269,1,1,0,0,1,BENIGN
6470.195151063192,80.59058425334413,32.913670555608036,1497,881,323,1095,1378,1391,77.6056568006644,39.70826078336691,1,0,0,1,0,BENIGN
236912.5118145484,27.967385654644318,88.59236704168032,664,261,866,1013,195,761,34.75529390761123,60.16465561765669,1,0,1,0,0,FTP-Patator
14994.579904644503,19.152132205014816,84.76113742156492,683,517,734,1183,610,264,52.53538399331118,35.28231914667032,0,1,1,0,0,BENIGN
76018.62810622099,50.42634607930315,21.068039732756283,909,1271,792,1110,1356,214,14.663327367232004,69.9204427751831,0,0,0,1,1,BENIGN
52949.14219185614,86.56450363727319,62.42904007832697,836,797,1127,400,612,1238,2.3646801070180357,88.20499804079547,0,1,0,1,0,BENIGN
42670.405559453655,24.134970383749987,7.268231558981486,570,1280,1355,461,631,281,98.13679748108297,77.18921243821319,0,0,0,0,0,BENIGN
230091.99370088268,7.853624279279869,83.67107205834617,695,1086,1385,88,320,529,29.973085053636993,64.2658020097304,0,0,1,1,0,SSH-Patator
2206.504935500153,35.64047358496647,17.454588350349653,179,1415,288,822,1470,1,27.890205072182162,51.215748141166515,1,1,1,0,1,BENIGN
109001.83808326896,74.76518245649778,7.081470138576451,833,539,1467,5,1400,512,97.32451331730877,25.446348578791333,1,0,1,0,0,SSH-Patator
330755.4979468367,55.06905446947946,40.021909553881116,1482,416,1060,944,202,815,72.82335237631166,45.49461649974332,1,1,0,1,1,BENIGN
82136.2860280852,81.67933695743474,57.69221385996435,1091,52,1371,83,1113,463,58.52978879404832,29.295290713817714,0,1,1,0,1,BENIGN
276180.6452919119,95.9592147609234,85.4916958559771,1352,37,891,1273,176,1470,69.93233950933569,93.40233810897249,1,0,0,0,1,BENIGN
5367.283829582405,79.26624767516171,97.42425255217366,201,307,42,1439,626,1386,70.99265666954027,90.7311156986661,0,1,0,1,1,BENIGN
54264.88522972961,60.38030788437534,43.949251256986365,1498,845,1149,1095,31,1239,76.33358802929826,15.582638330357955,0,0,0,1,0,BENIGN
30131.834655068873,49.33415880523805,6.044692298527021,1038,897,8,620,945,163,6.718923141991995,822.6202211942199,0,0,1,1,0,DoS Hulk
131237.85630731404,4.006908634826667,74.91155790258706,1065,52,1154,1135,726,537,41.283141978288796,70.29146967557402,1,1,1,1,1,BENIGN
397907.6178841682,98.43219788140412,56.51732562239374,542,605,1348,171,953,510,29.513031783301646,97.52117205606046,1,0,0,0,1,DDoS
29642.69475836514,38.348112257504255,44.789134484446315,981,451,183,698,819,1244,7.056963851700548,46.33065686001786,1,0,0,0,0,DDoS
106182.12598300316,15.222821391686681,30.926887879218967,773,460,1305,272,790,554,41.259899684642875,72.21743714143831,1,0,0,0,0,BENIGN
22076.841513427964,66.67088553964568,50.239852784353566,1312,774,894,529,242,640,61.617348541314676,51.78839201283763,1,1,1,0,0,PortScan
83316.87421479584,28.428828909545935,33.86796044570309,693,1160,1076,318,69,1306,17.84976799744188,6.94004966923557,0,0,1,0,0,Bot
62349.51681723219,58.57782709310476,75.70118677473603,1267,1395,869,1105,1014,1094,30.50267438878538,4.67647497367677,1,0,0,0,1,BENIGN
357574.11309081153,58.67679078445912,54.38936964926411,611,1279,532,1098,1094,1397,63.9170821917154,12.21114428797858,1,0,0,1,0,BENIGN
93783.94280377333,44.572982090286914,87.68477741541119,1197,394,1400,428,157,258,57.93246575572134,29.61910638524169,1,1,1,1,1,BENIGN
43002.377675291056,83.61186155450426,54.35439146494421,243,1060,1318,1483,548,444,86.87854631732239,25.91131058118753,0,1,0,0,0,PortScan
12114.644357562016,26.496706155544302,23.826241333993003,59,1170,1231,846,325,1224,79.12309696503834,72.83266687059002,1,1,0,0,1,BENIGN
16398.686372143628,44.86325916177341,85.10918822321445,103,1031,999,1369,1058,1403,96.56110522860295,71.59227349221243,1,1,1,0,1,BENIGN
25530.12751408823,53.76921285909715,55.721904493004395,650,1274,662,248,459,765,59.719331011337715,97.1394579849372,0,1,1,1,0,BENIGN
28897.178556136983,66.36247207672996,20.684103814356124,1326,646,953,386,415,1438,69.84673664116264,31.039082544239616,1,0,1,0,1,BENIGN
190123.54942631104,78.39718505055895,62.350780995622216,1010,1470,68,362,570,64,86.0506258814403,93.8452083780593,0,1,0,1,0,BENIGN
82376.34851167945,39.480728287825606,35.771676494242755,76,262,1460,1319,885,1401,83.9992444825268,61.28506034877351,0,0,0,0,1,BENIGN
74105.86447854435,64.6046944096596,84.44056122920658,1041,631,300,67,1442,657,71.87216420262344,49.53087109901204,1,1,1,1,1,BENIGN
12190.65063412979,15.061095306851913,45.329973864654285,1207,1462,26,437,510,1125,50.025620937397505,66.78413778132159,1,1,1,0,0,BENIGN
196711.11641550873,93.26481005424786,72.64413581074167,1304,1282,929,1015,367,1000,27.32068882307288,70.27554515855869,1,0,0,1,1,BENIGN
128306.76118738606,38.305880642100355,9.553620763623716,1311,1346,653,1156,911,41,87.72157539354059,17.192902885924145,0,1,1,1,0,BENIGN
7006.66927195163,72.95214219764384,39.60243463023462,697,529,552,1318,882,878,77.66554422373049,75.17155035352575,1,1,1,1,0,Bot
123043.69006024543,2.0341081882177647,98.32414364723986,1497,300,105,295,206,195,83.79069519584792,72.51727644669765,0,0,1,0,1,BENIGN
78425.03006173839,20.5187142904807,80.84602894771483,945,484,585,646,1384,1383,14.07893181472042,99.7532283948779,0,0,0,0,0,BENIGN
8525.874546966827,48.7082544323578,15.994080236692865,266,91,571,32,1459,1122,31.481287818927463,91.19477806724755,1,0,1,1,1,BENIGN
61304.41206067024,87.82524677323465,27.77640494772551,780,1187,809,1397,577,387,42.488503789965115,68.46602316842915,1,0,0,0,0,Bot
66299.88184149351,52.72551499506771,32.981580885636106,608,1358,633,31,1293,64,83.83519723005607,71.23637130966529,0,1,1,1,0,BENIGN
18125.157762181647,92.98704822938791,65.03655604954457,945,314,1034,554,1256,1320,89.28866727146556,94.59856338345853,1,0,0,1,1,BENIGN
291319.6927399496,48.37968965827963,75.69947594896556,1380,944,930,304,668,1450,28.489271425528628,96.71782729841749,0,1,0,1,1,PortScan
189695.58082346848,49.044909673594994,74.95266088079097,1024,237,658,792,105,222,68.64291672657647,82.69651972151274,1,1,1,1,1,BENIGN
110570.43902602179,11.974678850053188,50.98740563064028,1050,82,1239,1131,665,914,7.781420615256341,76.73935455071609,1,1,0,0,0,BENIGN
62044.62396688857,80.26562441522198,81.08205378381513,547,668,885,95,1041,1172,40.957327196876115,11.13658233648911,1,1,0,0,0,BENIGN
53062.9671756844,24.69654124670625,43.7078082757475,159,1132,320,1089,259,441,48.66691077518851,83.03221914806358,1,0,1,1,0,BENIGN
105260.73343140585,89.9612489372315,12.388056529556192,936,177,459,520,312,1437,76.56328148991159,253.19567845579053,0,0,0,1,1,DoS Hulk
78840.74743037924,91.0824220330396,56.44418416538133,398,249,578,229,630,1139,89.19722368371204,56.37842960192129,0,1,1,1,1,BENIGN
6429.6530027126555,94.33101118741497,95.23013846011067,542,764,876,732,1125,902,33.72832358244562,40.53724704378353,0,1,1,0,1,PortScan
71847.04219340354,52.023048910309,79.29936513925114,126,666,753,357,536,452,52.77388899419013,34.5607300637241,0,0,0,1,0,BENIGN
164197.97883681324,67.70937847836443,57.870064769224236,1008,902,159,401,1203,319,64.74482223675241,31.025000146706006,0,0,0,0,1,BENIGN
61477.94951322301,77.85158800616635,64.68056603490969,947,90,463,789,673,769,32.86872289468147,85.54270806574897,0,0,0,1,1,BENIGN
5335.497350844933,13.10146186504656,93.05620270355726,209,338,997,98,1423,882,98.55382131740444,76.91361206718442,1,1,0,0,1,BENIGN
154308.0106811237,60.09571949974972,42.83427944349605,149,168,1296,270,349,1015,87.57743795700246,52.344875240870145,1,1,1,1,0,BENIGN
22484.9733685874,3.4297901303311673,33.13941389426374,30,1162,240,361,214,450,29.640282886661662,664.4804938644569,0,1,1,1,1,DoS Hulk
29924.309074837023,49.75660833887259,97.7241565000449,611,577,935,1187,1406,895,50.79462309990483,98.45279503440089,0,0,1,0,0,SSH-Patator
17997.194341740164,15.48426816202274,86.34431335103334,301,1207,963,527,1147,1102,23.084061324724438,39.75351357779431,0,0,0,0,1,BENIGN
40079.86104717142,18.29229259620847,32.30435846186024,962,779,958,1192,1315,742,51.45039189033348,55.1100606009575,0,1,1,1,1,BENIGN
141367.1747816516,36.50475666926015,46.37805973609228,864,169,864,1044,327,356,68.33323448232849,53.35237125744854,0,1,1,1,0,BENIGN
73269.05335240428,43.243716671650304,41.5078129007799,764,361,1190,539,846,1142,8.552109279298781,93.59723751517352,0,0,1,1,1,Bot
22926.38347870884,62.317242453218725,14.90956786714339,682,243,649,594,97,1302,87.01172048072718,35.156241761085916,1,1,0,1,1,FTP-Patator
210234.24012654877,7.442841843851566,95.7819323813259,256,137,326,832,658,781,59.37458684465835,98.62547502177453,1,0,0,1,0,DDoS
211678.50510798342,50.36917612374447,40.43124312197588,939,1051,864,396,299,565,98.96028985770016,30.469761357318493,0,0,0,0,1,BENIGN
204468.01801024366,18.262513025310113,87.5329082637908,1080,518,528,1059,29,1068,2.559150724950321,10.890703532403212,0,0,0,1,0,FTP-Patator
27285.416640692078,57.397517503174186,18.93562276806651,8,1421,1296,494,1097,1248,83.14983510982321,19.13735452420561,1,0,1,0,1,BENIGN
60009.289643229306,63.74046122611835,54.78708106372198,1028,332,878,313,171,527,79.19630482545476,42.62213418642181,1,1,0,0,1,BENIGN
419901.57249299507,55.67092565528539,2.396138512426982,846,964,1399,489,1017,723,13.285251204003234,64.97559498332474,1,0,1,0,1,BENIGN
147846.43721827786,73.82955104783076,76.42204838423086,1137,1340,1398,1299,922,240,33.53056350834067,51.68252200240195,1,1,0,0,1,DDoS
2754.3278636881523,33.56092442409013,58.09138982462784,776,562,333,232,83,613,88.47962030441727,37.62781765744445,1,1,1,1,1,PortScan
6742.758781911051,76.5106591633131,62.55895834697527,684,425,1026,1459,984,94,51.845429507225425,56.20332657067757,0,1,0,1,0,PortScan
62349.30977710629,43.27670817081937,5.172088255465345,731,1159,1266,1029,1313,364,40.1281487467239,83.88062763146682,1,1,1,1,1,Bot
239931.85496536808,48.41844983225968,21.10383302086154,1228,640,1074,663,638,1208,90.54964322508418,83.89310276384798,1,1,1,0,0,BENIGN
77371.05860039205,64.81021272610714,7.433087235358016,23,708,881,243,84,1159,9.334452447706143,72.62278881822307,1,1,0,1,0,PortScan
68878.1739048892,1.835838399922396,28.891431580381177,492,1290,349,240,1277,24,47.31227829022564,95.24484582433425,1,1,0,0,0,BENIGN
11146.097451660444,65.39942214202483,62.7439007682151,969,106,173,557,663,317,65.23740979753524,59.02046674378381,1,1,0,1,1,BENIGN
106938.39431309624,61.858514907211536,56.618598431737524,1429,559,115,1296,518,332,60.85414390150126,0.7657637654089,1,0,0,1,1,BENIGN
172655.14506301997,30.984711675327993,61.21498216133902,102,137,360,74,1475,913,26.427645440889147,29.092963281215766,1,1,0,1,0,FTP-Patator
47871.34619671842,8.579428489948949,54.92512713778943,1083,614,1378,282,1330,561,56.331290453433645,32.82227044901007,1,0,0,1,0,SSH-Patator
149437.79183383717,9.093544991304114,27.302879567585936,1109,46,75,86,183,680,70.85617642859818,54.73260773033678,1,1,0,0,0,BENIGN
333756.51620520983,92.32237469852286,24.450749734442525,766,367,755,880,972,99,58.48854073266983,90.48894713874822,1,0,0,0,1,BENIGN
22786.27431134131,68.92793212258371,13.705968353658127,1022,5,1104,929,1337,369,68.44622259773223,83.81149635430941,1,1,1,1,0,BENIGN
74093.00777021357,12.710261377074039,84.90708749034921,371,522,1252,1172,340,1035,25.607873938879045,23.21729853083079,0,1,1,1,0,BENIGN
33846.73668890539,35.67231693089064,61.64793585412445,678,528,71,1173,226,719,83.28489502717827,51.93902359440692,1,1,0,0,1,BENIGN
157433.3443217474,59.248299390159644,18.651101250405976,595,1295,1426,159,836,76,44.96895369849698,65.91486354289616,1,0,1,0,0,BENIGN
86178.68409396449,83.55717050906487,17.720937982123953,201,65,1241,445,263,586,98.72238441045688,98.75115406311474,0,0,1,0,0,BENIGN
100671.45178332759,4.366092871300853,87.30356015261367,88,419,451,81,449,973,2.328532066693756,3.1302819360307987,1,1,0,0,0,BENIGN
159906.27194510662,23.663313147000885,74.27308637633193,436,1362,910,1030,1274,681,38.031537124764334,46.387731677031965,1,0,0,0,0,BENIGN
50413.21959217804,88.97489902953801,65.93990799053714,119,933,366,181,1431,1371,18.047505230511085,98.81086540077202,1,0,1,0,0,BENIGN
246616.42126129655,0.9165550183816484,40.68641075392998,155,497,825,869,169,1466,55.56095269940534,97.7205797028095,0,1,0,1,1,BENIGN
76148.78374553812,20.13991027938874,26.197556427851755,398,1492,669,965,565,690,24.32050943736127,33.07265175976292,0,0,1,0,1,DDoS
17192.161158931838,95.90241759729659,97.94507631128238,187,330,1335,477,131,87,73.74779465674818,0.016736257934746313,0,1,0,0,1,DoS Hulk
119039.5784496388,61.34018465221711,79.72395750228002,1075,767,1321,182,826,464,88.18658623375187,58.67345849523341,1,1,1,0,0,PortScan
157629.98459239549,26.167136663750647,30.177922313627647,651,1000,1047,1337,605,493,21.08843535821109,86.69388507928906,0,0,0,1,0,BENIGN
38091.15447957103,6.699109439584761,84.75647962784947,586,1154,109,173,1069,1245,16.06776183017984,32.42972241778892,1,0,1,1,1,BENIGN
194616.49805133624,2.8191340447222157,75.89319486146815,229,529,51,13,349,1141,87.53571857284786,93.42699648337701,0,0,0,1,1,Web Attack - Brute Force
236598.56460311665,24.474507963692727,29.708054987799837,1153,1461,1313,1323,98,135,36.127191508850565,33.2702437111263,1,1,1,1,1,BENIGN
32421.39595704644,88.14858195889104,42.65528542416397,54,242,1467,72,1060,977,43.458363495902994,61.02013199725691,0,0,1,0,1,BENIGN
410569.71222817386,41.59136542975095,18.595344539102665,270,1486,466,513,1461,186,22.096950244353565,72.20460731816351,0,0,0,0,0,Bot
15165.059038050551,72.0333369165993,11.105244437810935,1123,349,1282,601,1008,541,42.53148680511472,34.54157644953617,1,1,1,0,0,BENIGN
22566.63163146758,91.82850353799577,72.27620328396968,1092,1040,1347,342,74,578,23.130007307799694,35.220641201928004,1,1,1,0,1,BENIGN
20361.650026757172,40.80404616028166,26.751185735386663,1322,1489,817,1419,57,1334,66.5927440634181,46.99948296837741,1,1,0,1,1,BENIGN
224421.91141841325,19.127737103739705,82.00593657462537,969,734,1361,332,1042,929,49.88764124800872,83.5223428104575,1,1,1,1,1,BENIGN
106216.23885347034,51.71179308569195,99.56087115144261,1377,881,786,354,401,1402,78.80604459629089,10.085076756222843,1,0,1,0,0,BENIGN
16499.76262503038,90.80836870598544,7.661981392964867,1175,362,555,846,187,810,31.272811606729444,63.147938539879156,0,0,1,1,1,BENIGN
58039.61948898719,80.43744141377006,47.30351250837003,329,1233,928,162,138,411,50.55950154590377,67.734792930926,1,0,0,1,1,BENIGN
95528.63355479618,6.582984336315379,80.2062559310803,115,1014,1445,115,142,1444,25.952332297713443,55.787275998913664,1,1,1,0,0,PortScan
8715.402533365736,69.25728000775818,78.89508965412335,322,524,258,1426,107,216,93.44739302466316,93.58383873756226,1,1,0,1,0,SSH-Patator
214060.54403422732,57.18975224589538,75.99971583309684,562,830,64,1102,220,669,52.19356677911031,601.9907169345468,0,0,1,0,0,DoS Hulk
162761.9884453608,90.74631763464255,34.899493530191094,228,781,162,1470,144,1094,17.346249631794308,63.45767510770375,1,1,0,1,0,BENIGN
70361.53280818362,12.248141685029722,45.38532556850523,359,419,1187,1031,857,829,27.276565921002906,59.97600279148402,0,1,1,0,1,PortScan
341509.19230500876,53.40361132046566,59.49683573414703,1028,785,38,1046,509,1133,8.290196412406015,72.2018774928167,1,0,0,0,0,BENIGN
54087.42270293948,87.94626935118923,97.39405835732572,27,132,664,790,375,284,2.78159955977334,13.540941565389453,1,0,1,0,1,BENIGN
414208.5376451174,41.0023786741743,32.75472709384929,1387,13,319,542,4,882,52.592182607067095,89.42763235243069,1,1,1,0,0,BENIGN
110237.9371634689,48.19949177328671,92.31438877168577,1485,1067,359,413,387,769,33.71229225256053,4.249232291905325,0,1,0,0,1,PortScan
100695.7709493521,7.046067766695829,26.935691818049413,1254,1400,268,681,567,568,96.37734552603064,64.07439600539823,1,0,1,1,1,BENIGN
18146.779570663475,27.814364044891082,98.90744654737045,1418,294,323,641,983,952,17.13313963614842,61.5480932203108,1,0,1,0,1,SSH-Patator
213645.86240880555,32.45066491689473,67.02636868275917,868,1419,325,1432,559,1321,79.39126527369453,20.812112742665345,0,1,1,0,0,DDoS
55772.45313502252,94.51224487448869,46.3511480358551,1294,1127,256,668,1186,560,31.597144219290275,4.071097368413657,1,0,0,1,0,BENIGN
17701.57444826844,28.266736054115903,61.33904280636049,1327,444,199,21,364,696,22.35373860587052,13.88353970481091,0,1,0,1,0,PortScan
1268.7669122935624,46.0868735269652,27.25311690402068,1406,1085,1461,1426,416,710,96.96368190013074,27.16720549512216,1,1,1,1,1,BENIGN
82042.54417138756,67.13044235642798,27.41738575114666,27,411,609,968,20,529,80.25765987457658,88.21056905590439,1,1,0,1,0,BENIGN
74950.51146585032,16.21833724078774,11.355454384349384,743,629,1127,1180,613,1221,63.06208914453316,85.57344041799902,0,1,1,0,0,BENIGN
127065.9844747094,48.64423871418745,11.405029770539876,1222,320,1395,329,516,488,69.7121037223752,6.385557426605171,1,0,0,0,0,Bot
220962.36057354283,73.85390394759077,34.767174146891136,1105,1154,904,1045,1220,26,99.13814748505898,28.926800803068488,1,1,0,1,0,Bot
8273.680018054949,86.6855213027066,76.28554778963716,1111,817,163,1495,660,1141,59.32074088248868,88.93162432490539,1,1,0,1,1,BENIGN
131489.12937605925,62.62592746624267,60.79711675981625,1413,1222,1136,1287,1368,1077,10.19004508069601,23.66590284446203,0,1,1,1,0,BENIGN
20753.099415526915,66.90535153169479,10.258456033102082,579,904,614,1326,329,503,6.486612670138136,99.59653038208867,1,1,1,0,1,BENIGN
195317.58525685582,12.628347258456895,85.22365249759109,450,35,105,901,377,151,66.66067774738734,25.684019578730656,1,1,0,0,1,BENIGN
170960.92146110046,94.57764972463471,60.13676269900664,432,790,698,723,1234,736,65.76011439251482,73.91132566709997,0,0,0,1,0,Web Attack - Brute Force
77825.58342991005,13.257407748448236,96.08555767847797,373,1239,363,1488,159,478,74.81737929780886,41.705917357139356,1,1,0,1,1,PortScan
123871.19433120626,77.46729371817983,67.01854674112076,434,585,1044,1187,657,1185,10.877873023261376,13.624455204452456,1,1,0,0,0,PortScan
37738.81506113965,26.481632177831884,17.5174863704181,1210,305,659,1159,353,1239,94.49022747551717,25.515461332880385,1,1,1,0,0,PortScan
63708.42867894616,93.35931437012516,47.378336230782224,1413,1007,1152,251,1263,830,55.11584139106448,675.1180756214513,0,1,0,1,0,DoS Hulk
172393.39059589626,71.99595393694796,64.84975975472041,217,892,698,204,78,1443,64.95555210212154,33.705640203645004,1,0,0,0,0,BENIGN
61482.63184240826,75.38137129783689,2.826470104997769,1131,11,1222,1325,151,1371,3.4852383378130236,60.41282206004783,1,0,0,1,0,BENIGN
44285.27961865563,21.905917305988332,1.4910264154807895,947,82,746,1265,516,1363,96.09742145155738,20.55310427689596,0,1,0,1,0,BENIGN
68163.85540848643,44.30399766351608,12.94030005985679,348,1055,960,831,382,849,56.25918487439486,44.85809721828008,0,1,1,1,1,Bot
176171.0995267424,61.78131945892864,25.166443504547075,787,1431,1443,790,692,553,56.336311299462864,51.22457802842255,0,0,1,0,0,BENIGN
40828.114046433366,76.99736182066009,42.95491235206755,25,1109,1249,1084,351,1375,94.35553162303798,41.27845633143244,1,1,1,0,1,DDoS
19087.19189412956,10.395937591238958,48.74404737597884,1071,1434,929,464,1224,1398,92.93501781836675,19.791803135059382,0,1,1,0,1,DDoS
124484.34817352836,96.23653164545284,13.802760893789678,858,956,208,1325,950,1326,22.029859181724166,46.15535246067376,1,1,0,1,0,PortScan
174857.4773284898,89.0220670554556,67.33915791158309,369,712,1268,1495,132,1265,93.10988219059293,69.29005605390304,1,1,1,1,0,BENIGN
10606.90760980884,27.034859049558435,59.613806169653486,1037,1279,1311,393,633,1401,73.66212893800615,96.4905662825861,0,1,1,1,0,BENIGN
27427.12183081353,82.2760243032332,29.446409884116022,1210,240,1089,1020,168,1412,1.8900727331417455,78.95216204779494,1,0,0,1,1,BENIGN
15311.853406083514,51.832392303982346,1.3659883435292008,883,897,1176,659,865,286,23.984314873833835,16.14704815190464,0,0,1,1,1,DDoS
42762.08615560562,46.18064815620186,7.764791535329074,278,895,490,911,390,1182,41.29801454714463,27.270184980354006,0,0,1,1,0,Bot
59847.534792021215,31.44341058114054,39.16947755108394,340,906,1458,1282,1408,1377,58.282245550575475,7.882389545335,0,0,1,1,1,BENIGN
138161.06944838227,58.096858663159246,15.397435116568392,1351,1475,702,529,819,454,70.13297304886889,13.564952426007792,0,0,1,1,1,BENIGN
105310.63255355015,72.98891177035978,37.681960614797084,606,755,1241,1210,97,626,21.021039395689932,25.068296486844755,1,0,1,0,1,Bot
97003.0615348931,41.09329049627583,62.81826045103551,1048,1024,1452,1235,1400,1264,83.67005142736889,19.952736629822,1,1,1,1,1,BENIGN
43444.3371406971,62.92191930082921,54.72374278792835,528,600,501,1058,991,211,84.57153238891547,21.364925076663667,1,1,0,1,0,SSH-Patator
184166.98450343084,69.93129211553037,23.117588313739425,425,281,665,1170,779,362,63.49988192605773,23.077022643928803,0,0,0,1,1,BENIGN
63730.98440439261,71.11218170152858,34.38224912587524,28,650,220,1305,339,597,92.10939105156983,30.06786957836114,0,0,0,0,0,FTP-Patator
386824.2416594891,5.196609813118025,61.40311984486506,955,598,434,1272,131,132,81.29824268971879,12.55860686267587,1,1,0,0,1,BENIGN
100551.03770097726,85.97478056850669,86.08550280434487,322,978,279,56,209,276,22.162365929354088,27.783498381829496,0,1,1,1,1,BENIGN
13497.785718102527,45.82533147650479,75.32134387388773,312,1142,1115,1328,1028,1288,79.86768663103605,68.84118272820565,1,1,1,0,1,BENIGN
112755.99445107553,26.241608169621443,55.340002683341496,583,1011,523,521,376,604,95.3202078753105,23.64009998254578,0,0,1,1,1,Bot
39319.669691961026,24.176450747968158,36.22929983164862,1293,899,1162,360,639,656,13.760644701843095,17.183842765268743,0,0,1,0,0,BENIGN
115940.48640248863,48.301411284395044,36.50512775418054,761,1103,666,1260,1077,1383,97.86978847910291,67.69566218446076,1,1,1,0,0,DoS Hulk
7218.490506954432,88.68315394689591,87.94173102643961,294,893,1046,233,1221,666,2.4992796770090253,49.997148619703836,1,0,0,1,0,BENIGN
19222.81904591215,37.83475816826469,3.92435760405464,655,956,1440,222,440,135,52.21672447737723,84.19827278722764,1,0,0,0,0,FTP-Patator
193611.90510181303,74.97257467835433,98.7982644420261,785,218,731,326,1203,764,77.38931389784842,5.901664426374175,0,1,0,1,0,BENIGN
25770.85433067849,9.68187309872186,66.43754108515623,222,726,347,1121,240,427,79.04381025462544,54.232602723814914,1,1,1,1,0,BENIGN
181425.7412112832,47.60567021510618,68.11376990723905,74,1008,1260,1249,1343,829,73.46725691462679,65.06189154224981,1,1,0,0,0,BENIGN
32749.91393787473,99.16861403927356,3.7997837304742155,101,1489,764,835,500,1052,52.935137275316194,59.24616567788439,0,0,1,0,1,BENIGN
102968.87677502348,77.0437802792337,60.552927489127214,884,517,933,488,22,594,65.09643220703954,87.76232035658511,0,1,0,1,0,BENIGN
118466.23684296387,21.0528488440613,48.4778060090447,172,811,182,477,631,1353,69.99321856531138,86.63955802085633,0,0,0,1,1,BENIGN
71878.24812885495,50.14414736979107,10.577890689406699,1027,501,507,984,1016,919,49.453922421389564,5.73075925284593,0,1,1,1,0,DDoS
36429.05501889821,23.362476364856654,27.792201076935907,394,57,197,1357,1203,1057,59.56849751346376,36.09439692236869,0,1,0,1,0,BENIGN
23907.52601646858,40.95609272625092,89.03144562136512,832,1360,1146,791,174,503,84.63680534575731,67.08298304977527,1,1,1,0,0,BENIGN
3375.261921056072,78.00840237349648,54.99884158659529,1003,813,380,511,197,103,31.28790211458272,95.24446554925309,0,1,0,0,0,BENIGN
36232.86119012093,77.12248152904037,41.34165751739087,166,613,824,1012,1477,493,52.320632696863235,80.46847964530521,1,0,1,1,0,BENIGN
105889.974609222,22.810037790238514,7.268215584081094,299,425,1029,381,98,1394,0.8479721025507869,17.65893105338193,0,1,0,1,1,BENIGN
278554.9445909374,92.22233181548602,71.41215274023057,117,1393,1327,1446,744,387,68.74363997767932,27.920883774729944,0,1,1,1,1,DDoS
204952.92660963992,59.25681827648268,70.28508233960325,511,1434,191,1371,1450,1260,19.538546461484174,76.35938636237385,0,1,0,1,1,BENIGN
145271.1024747378,37.992429096201455,61.40436069725636,611,882,1399,1176,452,734,48.10012537137689,47.14748472726756,0,1,1,1,0,PortScan
155328.13434137014,50.19355807808606,51.02626462206492,1198,431,524,451,1214,904,21.02052162804593,54.7302442022154,1,1,0,1,0,BENIGN
109357.96839216731,60.50712534377437,43.37844022073727,158,1219,1059,1313,973,1113,2.3533714578492293,60.897982017570705,1,0,1,1,1,BENIGN
30149.28132972702,55.98905318457854,59.32710929879923,1407,1400,1093,1142,498,332,48.32205516980166,10.32915177257394,1,1,1,0,0,FTP-Patator
237725.50921950905,48.64050355361782,23.33954517284067,1250,947,288,213,1214,376,42.483360661070705,85.59620334332541,0,0,0,0,1,BENIGN
111088.42174200689,50.49328040894001,94.12590641776477,1061,1388,104,564,140,239,42.51495135243807,86.31344393767272,1,0,1,1,1,BENIGN
82198.24878863804,17.641191042788616,58.879452918022956,462,934,312,731,772,729,20.88061599288703,46.823944412836724,1,0,1,0,0,BENIGN
11764.619788426466,81.27329043046794,31.119244435437654,1454,404,1078,438,174,181,94.72045897481792,62.68452185006631,1,0,1,1,0,Bot
59249.77233839371,54.176031994101535,44.967985088515725,103,491,1130,754,419,1280,0.35071518106944977,65.99041200254902,1,0,1,0,0,BENIGN
61684.98248029956,13.107986170470308,80.56847888768924,981,65,306,628,675,743,89.15454499973386,18.97225847298841,1,0,1,1,1,SSH-Patator
199925.31918569643,76.61571015827779,16.161606073029745,1216,911,820,902,1457,1212,73.69019231394822,11.258482846627938,0,1,0,1,0,BENIGN
79108.68989857643,93.24439783773508,29.28356224602604,249,390,35,1470,1463,840,17.20720335332715,2.067294640375028,0,0,0,1,0,BENIGN
47868.20564475785,94.7306899236962,67.95080227365554,1036,82,1156,1065,531,1438,47.21919863035545,91.28818267776012,0,0,0,0,0,BENIGN
376361.71603523387,36.901773241117276,31.54892064822239,566,1002,886,394,917,1278,98.88500815082726,34.57132889446913,0,1,1,0,0,BENIGN
11734.37996267585,13.551687356075403,79.2501681861466,596,480,1048,246,360,1068,64.36982369843072,8.583093501100302,1,0,1,0,1,BENIGN
54913.069865133504,51.839962663306515,13.045348717736083,620,776,1060,904,445,1008,12.73767238186675,465.79997849797155,1,0,1,1,1,DoS Hulk
4293.325830688141,11.260922934922068,76.26861704546086,554,1252,1042,1314,555,827,45.76422388564318,7.562511334617517,1,1,1,0,0,PortScan
134670.49496631458,93.39874185126172,6.835171485056623,1411,784,34,247,707,597,46.820309657281236,8.525075280695493,1,1,1,1,0,BENIGN
250197.0031163878,18.357962735514597,1.2592612667494785,70,1248,1386,598,1380,1016,80.22633328831084,48.888534570452514,0,1,0,1,1,DDoS
32855.59149140194,25.276585995116406,89.82235188321621,955,1136,1441,864,560,200,91.61629328261553,50.88366597166352,1,1,1,1,0,PortScan
195433.72955128294,40.663652688497045,58.133921693229865,972,651,1453,1472,996,1382,8.224154328873457,58.01430853279106,1,0,0,0,1,BENIGN
34561.946791829934,38.31644685591258,35.182689708681146,437,1208,466,83,58,342,31.403728695283228,65.63114800086018,1,0,0,0,0,BENIGN
241653.97846139708,79.4662892397889,23.25946369638504,1067,1196,896,772,884,1235,29.843812688511495,66.82673701791192,1,0,1,0,0,BENIGN
140226.88916121694,45.631682055096235,61.68857832608161,1295,522,198,1244,1190,630,99.60481249190182,43.29966875515176,0,1,1,0,1,BENIGN
163427.77671764386,17.07682600033369,50.90021835367382,1037,204,767,50,966,297,55.92271166913997,64.35330585373762,1,1,0,0,0,PortScan
1817.0646414164462,26.72098954860741,99.15977755299852,1394,741,1234,549,944,1178,87.98314961199844,30.473975621451586,0,1,0,0,0,BENIGN
329172.4972436397,50.9113385187522,98.32159866537458,1135,318,240,770,262,697,42.60328494448239,441.30819115513793,0,1,1,1,1,DoS Hulk
129707.90521646831,14.745391742613489,63.50245661416096,1402,1182,1193,980,1454,1220,72.27231504089364,39.33270485322804,1,1,1,1,0,PortScan
36348.536139772295,61.16556756460141,44.28705061058905,313,277,293,1210,195,712,28.65856423041461,32.911000121863644,0,1,0,0,0,BENIGN
176840.23716049077,56.57473065511459,49.11409691346621,1438,901,921,1246,353,929,91.17860234892335,23.85708256109662,0,1,0,1,0,BENIGN
33061.90776073191,71.47023163822577,68.24790662368619,484,147,1338,464,885,777,45.51462409865338,78.45900054087318,1,0,0,1,0,DoS Hulk
206163.17974144165,93.77046153793677,10.157454423538137,168,777,1150,418,940,378,80.37254973160873,50.591047778569575,1,1,0,1,1,BENIGN
11943.734248109422,91.22545611011557,32.83520738107182,887,1106,467,86,914,747,25.58168833425648,53.72881862058948,0,1,0,0,1,DDoS
121633.55000441866,94.60756180688314,7.527224100360385,802,418,366,258,46,705,69.36043419218791,33.61550441020567,1,0,1,0,1,BENIGN
77804.83709672553,24.471559702370094,7.3360759516919565,245,537,1044,1204,752,366,40.51584044000358,975.8438630354458,1,1,1,0,0,DoS Hulk
10151.732152650953,13.156530663935461,19.583924189423374,265,391,315,310,1332,770,3.143942297454705,55.69612103064583,0,1,1,1,1,Web Attack - Brute Force
27693.18348883014,30.22767004964485,48.52532545932269,848,1156,757,172,229,1094,41.30082537590635,88.90105189152379,0,0,0,0,0,BENIGN
1248.160847502802,89.50851727663147,78.47743211627893,242,939,1113,1345,1434,1051,55.00216417554205,57.00853095216198,0,1,1,1,0,BENIGN
63255.6376660282,97.20534746234883,48.549589116587256,1323,241,1427,1363,756,1416,15.176161391317521,18.991585297166115,1,1,1,0,1,BENIGN
35848.40948371944,85.9324951070476,33.54766105608697,1350,1474,450,1268,315,348,18.391310519261506,97.46225396019199,0,0,1,1,1,BENIGN
91219.2850415572,11.00177211275436,8.235299033675814,529,998,777,939,761,1141,46.48627983231569,88.53350104490477,1,1,0,0,0,PortScan
35273.67199452367,94.74279980597932,55.02955231831296,846,1223,907,504,1100,1403,34.27297124334066,47.127367843767296,0,1,1,1,0,BENIGN
35655.93956246741,42.3358027350786,27.126858648317675,1003,1140,1173,328,61,1231,44.074053800336266,24.30578918073144,0,0,1,1,1,BENIGN
135943.12228270262,0.9310290762353679,61.49341779171474,341,1242,445,195,237,1446,46.08269893227228,22.26696162648509,0,1,0,1,1,PortScan
4934.029323995536,44.23937407481936,97.71877391324183,1272,1328,956,61,77,92,14.007604370275562,80.60204271662562,0,1,1,0,1,BENIGN
233196.23621911788,4.606916967546759,11.131432147755016,759,242,79,1048,733,140,18.119457527011473,69.11861145125941,1,1,0,0,1,DoS Hulk
191232.75316140763,54.387792116111754,21.212539872193993,1403,1315,1040,561,558,354,84.81653934794943,63.80603814135488,0,1,0,1,0,BENIGN
110203.2179513412,33.855402743705135,47.30945380993747,797,975,137,1401,943,1092,16.271868931048406,64.01349235418353,1,1,0,0,1,BENIGN
89948.66400763401,47.343493359404874,96.86138153459295,531,1324,651,896,649,581,66.59143330082608,18.24545477258088,1,0,0,0,1,BENIGN
222842.88904430557,61.3170360743117,77.18097762699956,863,683,850,1318,1439,882,41.85280467677921,70.4912368434663,1,0,0,0,0,BENIGN
20497.23760839888,86.88010958178202,89.822919316283,1404,1411,551,1075,1047,123,96.82366859696408,70.5406289195481,0,1,1,0,0,Bot
8226.176032410242,66.19015764719286,33.37148484757929,41,587,73,843,1052,1442,6.610436188823754,35.003086744138365,1,0,1,1,1,BENIGN
27379.25400343189,43.40488684781807,99.20384737785946,1368,1232,1097,39,1158,602,83.0388866030762,48.33759127169917,1,1,1,1,0,BENIGN
158269.0235862734,81.9427853670365,10.28328160641574,598,1337,49,727,350,1364,49.14492311026215,83.27635511489937,0,1,1,1,1,BENIGN
3528.5543495326506,90.55821375731323,5.297290604610083,1284,616,1033,456,912,973,0.5352370864188605,52.31532734672453,0,0,0,1,1,BENIGN
87420.59392195671,11.975996643219721,85.5602627054028,305,25,1126,877,349,304,26.36602189395537,61.815710098497604,0,1,1,1,0,PortScan
538988.8108860083,53.19329775527915,92.72648702069863,808,862,387,787,1304,802,40.76968525492695,41.27696504862779,0,1,1,1,1,BENIGN
193583.37438357688,28.451195974244413,9.058535754610176,861,78,384,1,475,1180,31.41947534489251,14.959908916490205,1,0,0,1,1,BENIGN
73698.55720088177,4.706119787694741,11.34274267458415,1263,1011,298,1492,291,1111,36.24494640139333,99.8066631634091,0,1,0,0,1,BENIGN
6575.623215253151,66.85466951139854,3.3174157755773814,678,127,338,1129,1212,1251,91.66719091371799,53.153652028260744,0,1,0,1,1,BENIGN
178006.91543267394,86.27707774592255,10.45075626427241,1336,412,1412,215,1442,936,36.09340323923277,33.64464614205108,0,0,1,1,0,BENIGN
91374.02575437055,16.290265447739404,20.94198168002809,730,136,473,776,887,364,41.88293794027328,71.3787325993134,0,1,0,1,0,BENIGN
12209.19273028173,81.24136576239005,97.0076618910001,440,1357,615,678,467,991,76.11315535781128,62.08217666615021,0,1,0,0,0,Bot
9855.84630744615,85.33957335369416,66.78602222396805,932,547,961,413,1229,265,79.38335657483752,23.290828029935597,1,1,0,0,1,BENIGN
240380.77307843388,91.43404426664836,77.85530255185421,902,387,791,209,1265,83,8.408965178669458,87.69254993975534,1,1,0,1,0,BENIGN
110624.21106880512,26.528508908605243,77.61394036915222,132,570,1165,1081,305,1235,70.40700345670042,7.090293692123684,0,1,1,1,1,PortScan
176777.03195224048,90.39530651898893,53.507374977921465,718,1253,1193,42,1207,1241,48.257195367677575,60.56982518359033,0,1,1,0,0,BENIGN
211179.03707549415,32.06627547364322,79.74889777130171,50,1015,12,137,477,852,13.38538932376554,47.78884914783339,1,0,0,0,1,BENIGN
84810.03370649202,55.23380134555028,59.58075323899696,617,420,448,637,1151,748,26.471056394688432,31.8198413785322,0,1,1,1,1,BENIGN
72866.31763115787,5.050747083228213,31.45460976033576,391,1147,173,468,448,150,4.5035497306518675,826.3801282602419,1,1,1,1,0,DoS Hulk
56286.90420945743,4.388108836874361,56.11101087684007,695,1111,1155,725,229,685,36.02371888118352,65.62770742892631,1,1,0,1,1,BENIGN
38118.222011338315,72.03732127322029,53.350858613451344,522,140,594,1412,1064,139,25.540644033402415,75.94994968775754,1,0,0,1,0,BENIGN
57021.46898831338,44.4479977977791,82.34530537593207,507,50,931,1221,792,54,38.210339738001764,41.46587426445213,1,0,1,1,1,BENIGN
148668.7924666726,25.629237536921757,98.1727217381659,353,986,268,201,673,1164,58.03405475307568,94.23983313065104,0,1,0,1,0,BENIGN
92111.09078171103,19.04134960249102,41.104256542093054,866,928,1274,191,1415,73,73.23395520366199,34.472342271900004,0,1,1,1,0,BENIGN
223048.1105629336,66.9953490859218,76.33906784413597,972,1428,1393,106,823,1158,60.53519865595297,531.0449244556456,0,1,0,0,0,DoS Hulk
58587.2523921944,0.04015440253398728,9.976300403813354,1418,1360,617,326,1363,996,67.83773022599458,93.3650111811559,0,0,1,1,0,BENIGN
93417.36287652889,80.58911691968542,77.68313694482886,955,661,772,749,835,907,86.56391206187934,8.318895788560908,0,0,1,0,1,BENIGN
99779.24596909265,7.924960612992882,37.14169119932321,95,365,864,643,1044,828,87.38244434615109,10.881043716695771,1,0,1,0,1,BENIGN
89574.61306595129,19.148961490811946,3.9390162889686664,105,907,525,356,346,641,86.0719348359174,99.41877663234675,1,0,1,0,1,Bot
121279.08125529779,38.62363952990896,36.32461785621772,677,997,887,594,9,743,15.316891547952661,971.3911569556599,0,1,0,1,0,DoS Hulk
27106.551971661276,48.48587397161036,61.06427509216448,512,853,671,500,86,25,25.106913359364537,77.17016058371362,1,1,0,0,0,PortScan
71818.5596902414,35.49951158139418,11.925016768146657,1265,257,177,1307,544,434,50.23253049275721,48.41882760711648,1,1,1,0,1,FTP-Patator
11006.579347833083,32.071216498429386,92.40344924302546,855,1411,258,467,872,61,35.8739294016027,50.60608486364432,1,1,0,1,0,PortScan
48533.873749905964,96.39160120731884,7.767241327283858,789,44,259,507,1362,1223,13.166896827996322,257.2128735374356,1,0,0,1,1,DoS Hulk
66878.06086687533,64.15796812433942,93.00067198331662,514,268,1158,105,714,489,28.77502346056514,432.7310361353249,0,0,1,1,0,DoS Hulk
105619.74309192883,2.343295536738821,70.71375179356865,897,1334,1484,1317,3,492,97.54287616656391,43.13493778663323,0,1,1,1,0,BENIGN
300641.0131231943,43.01759084443132,32.97121754142036,1084,671,642,1089,1046,678,34.692675549653615,3.6090018926738687,1,0,1,1,0,SSH-Patator
91791.97243331002,87.50086997439702,39.075034770909326,1439,1018,80,194,1220,467,41.89140682959614,45.31582080336695,1,1,1,1,1,BENIGN
136099.2826356592,30.145618641066797,74.08093647327442,1007,1301,1390,1211,900,1139,0.6401421857296974,47.979440851746716,0,0,1,1,0,BENIGN
70575.84888556773,9.455634477438824,60.14711008812073,1317,856,1082,46,272,1394,71.94148797901987,66.57831742298627,0,0,1,1,1,BENIGN
100540.62247174016,75.83847715899178,67.16429214549451,736,1498,1097,1385,1474,650,41.35500655453798,51.64529133876775,0,1,1,1,0,DDoS
7357.357849613004,60.60138319360813,38.916461651348,301,144,1262,1008,1130,1255,10.314006289516108,86.16829323752026,0,0,0,1,1,BENIGN
29355.47238851391,57.03125078265039,48.7813481807599,1193,234,128,536,880,447,96.8556738304672,36.75618252418237,1,1,0,0,1,BENIGN
44918.67607094905,5.357655960740793,98.98674840378933,645,690,411,846,1401,1237,77.74332125850869,40.97175912056022,1,0,1,1,1,BENIGN
63959.38165672087,14.049900979551733,21.39228704997177,1064,719,314,708,1223,207,72.61500894327268,57.14825136560745,1,0,0,0,0,DDoS
4672.348400234121,62.25493962131138,41.78561865221314,230,1159,1397,1269,935,1001,95.78723348416695,20.272272451127947,0,1,1,0,1,BENIGN
15085.09105379972,20.782384145883583,29.18231875739673,1432,1468,1460,807,1,1125,40.74800845171378,39.349808558221945,1,0,1,1,1,DDoS
32408.925410334115,50.40700797484243,76.51115104398498,737,352,1161,611,1144,9,71.85335402924484,68.61674717533278,0,0,0,1,1,DDoS
355899.8899231591,54.488168602939346,76.40126256657207,996,1417,454,1201,148,1496,20.62078973854511,41.18087392748041,1,1,1,1,1,Bot
40249.004864411196,28.35071902709394,29.244546099739587,296,993,614,114,947,1146,69.712054745212,90.66165100099578,1,0,0,1,1,BENIGN
65785.9302628751,94.84251555414929,8.13903166329829,454,274,898,679,151,786,1.4079092187602837,615.300520940443,0,1,1,0,1,DoS Hulk
21827.7550445643,84.24641068355751,1.1432676672204045,1080,1407,902,630,305,3,12.630538044061412,15.376774992136422,0,1,1,1,1,BENIGN
94361.07251399159,72.23735076327985,42.74505332424855,941,909,1032,1188,881,466,42.52589186028485,48.74443409893614,1,1,0,0,0,BENIGN
32945.34279114121,7.7993866409409085,41.03375943357709,239,1346,231,218,474,258,1.2092694806008164,76.47787455957659,1,0,1,0,1,BENIGN
23192.26985492502,10.613001930901945,98.83898786398629,1199,1206,610,196,1387,720,46.19658554504193,64.33451653065362,1,1,1,1,0,BENIGN
72685.41893244206,49.27813458649557,46.98020756976796,1086,439,729,400,806,286,52.279174906500394,88.52635736721199,0,0,1,1,1,BENIGN
552.1011937309772,16.071334919098568,25.641836957542065,550,1086,964,748,1094,30,62.160659758708206,74.99828965226166,0,1,1,0,1,BENIGN
769.3552270400302,97.8265463529474,89.12294410314674,137,871,1420,680,32,520,10.038667699361635,6.161377260988665,0,1,0,1,1,BENIGN
24726.82368674306,15.852023402740944,49.10679496535785,453,650,881,75,1180,715,18.101191312721234,11.25126492381554,0,0,0,1,1,Bot
3741.256583819583,48.746783546397396,59.91756352105778,1472,942,317,1449,1353,123,61.32833707171951,649.7486987710982,1,1,0,1,1,DoS Hulk
11431.801916276623,36.41210568415054,9.566871042821267,1249,33,521,286,777,921,65.81877124626394,238.40795851193863,0,1,0,1,1,DoS Hulk
41379.064340503086,63.938642145409794,38.291640732977406,442,704,1110,1322,1410,129,2.5900228210276266,58.783490263923746,1,1,0,1,0,BENIGN
162245.06094256463,12.90364088894249,94.42236744737868,1229,866,715,860,1182,745,54.03673621150382,79.22175920939766,0,0,0,1,0,BENIGN
84874.57425913127,43.03164280423909,58.95053841754254,26,984,1341,741,794,515,78.49817319988325,57.693158780705204,1,1,1,1,0,BENIGN
71880.91009880626,27.470503280714365,34.450185514246165,456,831,1356,293,1250,773,6.910087778539409,41.548857000628935,0,0,0,0,1,BENIGN
34741.625703664744,88.77515246716881,62.56671806315931,694,1110,1383,808,1275,950,41.317286524651976,64.62703111127189,1,0,0,1,1,BENIGN
268463.2343586216,4.058571213469508,91.04110895781162,709,1233,1264,885,366,76,32.651127303010185,14.361944427463168,0,0,1,0,1,BENIGN
50586.30265746683,91.37274940064593,27.399060047259006,848,461,1079,1470,261,1206,91.36656253520167,72.32079955032818,1,0,0,0,0,BENIGN
9112.101011657558,83.29941385530005,50.51167184706744,948,80,1133,413,645,365,18.580239320645532,69.70251137120222,0,0,1,1,0,BENIGN
95989.3976209954,29.757071644081545,95.86906539117554,106,321,1072,430,537,291,31.836041314448018,51.44033649522891,1,1,1,1,1,BENIGN
12085.594487066292,78.92906546771047,17.239614329845267,443,414,1039,1253,1066,1412,89.8444744991303,27.88134950131723,0,1,0,1,1,DDoS
42346.07774232656,3.121356033874756,71.96639255967115,35,991,1096,1119,15,156,33.065330605997275,79.756378662975,0,1,1,0,1,DDoS
70808.2029719746,96.68655502933936,61.44810082029824,596,189,883,1462,104,1123,53.134744058559434,51.05503032280172,1,0,1,0,0,BENIGN
207324.10022989166,52.65949425897893,67.96751311406348,154,1256,201,170,790,907,3.303533723087937,5.917690585946877,1,1,0,1,0,BENIGN
68032.2924655953,30.328102606544526,35.12196306675697,1192,391,92,1340,1226,917,98.49024361750361,91.861255184066,0,1,1,1,0,SSH-Patator
121153.05120925102,36.25832125946771,31.387937348376493,795,1192,1056,543,719,109,82.49467078711895,76.77164364868919,0,1,0,1,1,DDoS
493601.574197811,6.640535346049736,68.42096705883705,271,1466,418,1411,1082,1293,63.44009447466763,58.480514768268165,0,0,1,1,1,BENIGN
14097.516591598156,98.93495140420391,21.554328510454535,1443,167,1226,988,1008,137,6.07552730899803,43.68255172829012,0,1,1,0,1,BENIGN
32121.338304690165,3.9291945150692453,41.965474485900515,1207,1254,550,71,47,1019,7.486996137278068,95.98996980416908,0,1,1,0,0,BENIGN
50182.63648364749,65.49071231478591,18.8174646052918,1260,1173,625,1022,659,63,54.497363079068975,775.0205742654014,0,0,0,0,0,DoS Hulk
54788.4185521464,44.273592770645834,0.8304841123329743,1464,663,844,531,1300,506,28.506443620343425,53.49930672868365,0,1,1,0,1,BENIGN
52936.48774062828,94.89162181887151,97.00573600380694,980,1409,881,238,1435,839,62.278944750317336,65.31538951838861,1,1,0,0,0,BENIGN
238174.73827119145,24.599974030679515,43.170297865641906,121,380,719,710,1201,1014,59.81924818477724,28.075040172979914,1,1,0,1,0,PortScan
125187.76161694255,53.20868239380113,96.93496144198252,1440,1298,1335,576,800,976,83.86513982792978,19.571594274888483,1,0,0,0,0,DDoS
93625.16676317526,48.2356208582753,14.032351976782609,1398,897,943,1112,113,788,28.137706071264233,27.33195473040786,1,0,1,1,0,BENIGN
37015.498982939884,70.28664440501014,58.7366779457486,1349,863,1492,712,295,349,57.786352449099255,29.313609928272676,0,0,1,0,1,BENIGN
173608.09938777113,6.801023195242051,20.09740327912396,149,61,393,641,437,146,77.73633188387609,73.97384506387108,0,1,1,0,0,DDoS
310243.8393798156,19.378913002335484,79.00741269632748,706,1490,808,1177,265,1358,49.077298632232626,14.006104071923254,0,0,0,1,1,BENIGN
172147.7810865066,21.456482009284983,78.37029887609752,994,527,871,589,161,861,83.06436649389445,77.75872017176788,0,1,0,0,1,DDoS
156.63312480417483,73.81507548416897,11.260714903931179,152,861,1234,189,503,406,13.127620157377295,52.33953133612124,0,0,0,1,0,BENIGN
101170.46850671212,18.913869632674007,91.20644528763891,1040,149,866,811,1059,343,73.38977651471433,38.45731043768018,0,0,0,1,0,FTP-Patator
5248.914749504456,57.349176389097664,19.46296472032246,550,1165,570,1438,586,651,94.29820915209784,30.03961095936887,1,0,1,1,0,BENIGN
29787.682322247565,21.52438205009537,61.29773415893604,844,115,1179,1177,457,704,33.18833209935661,51.32006045467552,0,1,0,1,0,BENIGN
6136.989358196631,86.16249500839784,98.56336200877041,1371,823,633,1014,1005,770,36.63364424119649,31.751846263004946,0,1,0,0,0,BENIGN
92582.46681287921,94.21854544896385,88.23965347663638,1482,64,631,624,1394,1159,8.35496771908547,42.9451992428987,0,1,1,0,1,Bot
116024.27654447604,51.84929749422405,95.6563928561169,1225,1452,808,1362,271,38,64.14927795747117,73.90152896823497,0,1,1,1,0,BENIGN
12158.886145681301,35.23088842091783,34.25987712181195,1446,309,321,628,1202,1343,55.24507256348702,62.59985063531506,0,0,0,1,1,BENIGN
48424.679614936045,23.405777501749913,10.557564221946336,279,705,1458,888,479,286,4.034575873236779,74.79823764731832,0,0,1,0,1,BENIGN
60924.088577078925,4.978100152304377,18.83468732894501,421,853,573,1058,956,967,75.22120269713118,71.29736896431221,0,0,0,0,0,DDoS
46053.34481187394,26.85000761974954,50.049489507661384,992,1453,1063,783,158,1486,82.9284495745025,81.50724933229218,1,1,1,1,1,BENIGN
12899.88236641173,65.42357799453178,79.3229678273322,1488,1023,1063,670,754,890,90.7119604140754,20.16899597067129,1,1,1,1,0,BENIGN
54291.46641838808,53.36169313092108,15.015364418387522,803,1184,1476,721,203,661,54.57340861706421,99.51229994733013,1,0,1,1,1,BENIGN
139101.7689728074,94.40412782809274,65.97315322607571,354,305,869,525,794,1375,45.25800349017574,47.57704498715659,1,0,0,1,1,BENIGN
7365.479050723611,39.62772624917006,32.35776040395118,377,1384,1213,536,1301,1028,87.61371545320775,71.82329380808706,0,1,1,0,0,BENIGN
8357.729556475979,69.38633423283946,34.12020723921535,1147,1301,745,846,1166,235,39.8696819068139,67.77501630013217,1,1,0,1,0,BENIGN
43815.04387364304,48.93227474751214,66.19177301579263,79,1319,1038,1241,511,235,65.54431252345617,566.1500846170284,1,0,0,0,1,DoS Hulk
284259.43055278406,51.25762159242117,46.699941953322025,987,872,1147,1277,115,968,61.53622564009263,99.58162186058675,0,1,1,1,1,PortScan
110434.66388409176,26.777431460411748,81.20332930259939,232,168,1303,995,391,500,37.21610998185119,217.31584963688653,1,0,0,1,0,DoS Hulk
113528.65116996829,45.49507768419997,15.591850966282706,153,1482,936,1226,1366,1128,8.688993756604813,42.172886727902814,0,1,0,0,0,BENIGN
44929.15972898056,47.07849970127073,78.99482697670385,906,1030,958,1124,1396,1230,2.1415538670685685,12.773055922543197,1,1,1,0,0,PortScan
90056.69785734461,70.66425217489339,6.423524805742087,1432,1155,47,1384,687,238,42.82377405353872,18.183547198254946,1,0,1,0,1,BENIGN
1018.2853752543085,94.06399991861139,19.405388024560498,1054,587,188,913,929,828,48.12015748233568,71.29640635767666,1,0,0,0,0,Bot
101086.53099260425,32.93212774825043,65.61497145031655,370,761,303,177,725,51,82.26782681898919,0.48426787632800394,0,0,0,1,1,BENIGN
244515.08595398127,4.2200468581298445,85.49256565110713,322,346,1128,275,368,107,41.44116499114712,88.98206513696505,0,1,0,1,0,BENIGN
94822.90438928432,49.62951255006397,25.267962773934904,331,954,368,311,1238,1380,28.115987473346927,633.1844832686515,1,1,0,1,0,DoS Hulk
206908.41132375435,54.446133214916856,32.71916058289129,242,734,459,1433,568,1056,46.20964680751533,44.09050537163301,1,0,1,1,1,BENIGN
128725.67929071607,16.844055113191526,53.71207482867399,429,1276,246,790,900,21,23.799048042402116,33.13611072469256,0,0,0,0,1,SSH-Patator
12846.813702599704,76.04646062760668,21.157280648930232,1205,409,263,1311,740,306,9.136061111495653,12.62740485999162,0,1,1,1,0,PortScan
232742.41159817742,98.49291084414916,81.11562615875056,808,542,1229,1424,326,10,11.304303368610725,92.15625864538754,1,1,0,0,1,PortScan
6875.4161790137105,94.57747170084609,77.36366450057608,1496,354,529,1240,36,1465,31.91544598969276,712.3223250352605,1,1,0,1,0,DoS Hulk
76349.9845892847,19.71060388236522,14.529171196578162,375,712,1387,697,985,561,1.2676417558490694,33.639299892604114,1,1,1,1,1,BENIGN
15331.101020751561,87.53632399007607,46.38297318166321,80,1391,749,1493,379,197,22.020328668123813,7.093617944062047,1,1,1,0,1,BENIGN
1177.5672614482025,70.44936364116847,77.48277666546214,419,583,1363,26,795,1067,78.75231409323538,325.68283154101766,0,0,1,1,1,DoS Hulk
54824.06856437376,45.384656380691155,33.73295311034148,466,510,406,912,1347,1208,23.461719243031087,18.463429480908346,1,0,0,1,0,BENIGN
34961.52191903776,54.0610994324729,63.31068227177317,1451,532,452,421,368,388,11.072951103951588,786.2733132312092,0,1,1,0,0,DoS Hulk
66553.29742231591,84.9600174982458,5.021312145757273,1080,527,813,1037,223,550,94.90805599945391,71.95986847563597,0,1,0,0,0,DDoS
86085.57570924073,48.01349396383732,60.868876052931796,1345,946,577,500,813,1465,62.24701163516194,49.81606273229251,0,1,0,0,0,BENIGN
4472.446625591256,37.320736910512686,15.265298000060701,1289,1425,964,907,1123,495,6.002594943566586,88.58411030910086,0,0,1,1,1,BENIGN
13125.204388468148,49.32474930259858,83.05833251144513,1250,1198,1173,324,1098,504,6.2243966494902825,18.0680688139084,0,1,0,0,1,Bot
81789.98397282466,57.91298040350491,35.544946358047845,828,823,1216,1347,723,136,61.21221256991697,45.196558543349454,0,0,0,0,0,BENIGN
42032.60161910579,18.907765377834885,28.15538627281957,803,77,146,284,1460,988,54.01288020649117,71.06203039641204,0,0,0,1,1,BENIGN
130627.68385614583,90.09077302669907,84.0888976711485,1077,439,405,1112,702,1302,6.837477239298484,6.780234971867916,0,0,1,0,0,BENIGN
105639.12212517101,67.41869488296139,5.014402307181021,977,548,182,1068,1391,163,22.431547497333536,372.67736089471094,0,1,0,1,1,DoS Hulk
186823.6899497368,63.326891733748894,39.66087993343448,3,1255,1129,497,62,851,92.90429144855882,57.16648021821802,1,1,0,0,0,Web Attack - Brute Force
117925.68641026974,9.949622618063813,37.00035405750314,1462,399,235,911,98,1046,57.201081048101734,36.680353873702366,0,1,0,1,1,BENIGN
56199.80086040062,60.41739381725918,28.480037424955086,1333,1236,637,144,776,710,44.03253981478302,48.01989892727509,1,1,0,0,0,FTP-Patator
111769.3041105615,12.096066223849233,91.17543320014771,602,1216,957,947,1248,506,25.015541192036604,60.81183493670718,0,0,1,0,1,BENIGN
32210.951998012926,7.869767519539906,75.09283935167223,1112,700,178,81,74,685,13.3698042301871,368.390614179585,0,0,1,0,1,DoS Hulk
36573.51478809945,52.73108956423933,6.392316419193877,319,1290,431,979,183,707,40.26316841106811,10.601435592246823,1,1,0,0,0,BENIGN
155582.68158503174,40.2785534046495,71.46874494349541,1398,125,1424,1190,1316,1467,92.23665593313005,13.944449734213238,0,0,0,1,0,BENIGN
59134.81289156753,58.88102701562232,52.7299133128794,500,833,524,1128,1080,141,4.8711395677541685,52.700396955419706,0,0,0,0,1,Bot
160137.22302693466,8.92221680572386,90.08678944015792,1257,1405,742,487,1272,280,99.09788159428666,17.474002563189728,1,1,0,1,1,BENIGN
172834.74342218728,43.09830628472584,31.294561734835845,1360,543,322,1333,468,966,20.78127202020078,88.98336721438967,1,1,1,1,0,BENIGN
194885.08322579454,17.4786715045158,57.416199960958295,570,501,1284,81,139,1230,40.876736039900926,83.4185685123826,0,0,1,1,0,BENIGN
248452.9550993177,98.71000859241165,50.0755274740986,184,1426,398,93,358,301,4.505130816571756,34.90320690060153,0,1,1,0,1,BENIGN
56384.88706998093,56.11502124351744,48.95609062276057,1461,823,336,1344,1431,396,58.47822031080313,83.098717199493,1,0,1,0,0,BENIGN
38399.74241431472,68.74368609408673,45.610539951721265,555,1284,1323,342,1497,317,48.355526540099156,53.318783034109494,0,1,1,0,0,FTP-Patator
87274.94298500833,32.541828068260784,20.562947553228128,1203,386,118,796,1469,907,66.67070347347799,159.0509286029411,0,0,1,0,1,DoS Hulk
46389.81829725899,9.473891477934416,75.57099224923928,1099,411,412,360,979,879,54.26781272914726,61.42118545413236,0,1,0,1,0,BENIGN
91897.97610752634,97.58708627835367,45.13360327392887,892,1369,579,1089,1255,857,39.8177784647069,67.94511172164064,1,0,0,1,1,Web Attack - Brute Force
122276.78723694611,28.62590353831832,95.85162750026058,1295,1117,1407,623,299,1071,73.77566978116707,8.38915784701586,0,1,0,1,0,BENIGN
116605.10706740872,42.38081851735742,26.08084271927763,54,327,304,867,425,672,2.5021127786957753,31.445309042203817,1,1,1,0,0,DDoS
46928.85042407799,64.9863921702575,68.2743839627041,862,99,195,428,994,974,54.10290208745951,0.5383987611918939,0,1,0,1,0,BENIGN
18255.382580481637,2.4697297686111286,94.07170796391084,76,460,332,1424,160,676,11.38762038290093,31.642880335612634,0,0,0,1,1,BENIGN
56304.801359786106,81.0259130517287,66.34583230160925,295,1338,1043,170,400,1413,43.60083330858333,33.54453329192487,0,1,0,1,0,BENIGN
15384.389498610051,53.65781900286203,87.12729076173946,1242,24,622,577,1401,378,79.11253168580164,630.2086267790849,1,1,1,1,1,DoS Hulk
220815.74405370667,27.821718706882216,82.74809597570061,1300,493,657,67,1280,216,14.246074626040016,199.04327964916502,1,0,1,1,1,DoS Hulk
42446.057617394006,6.160798529246925,36.011771548900384,745,352,703,1057,740,848,93.58103487724853,3.0090986727792646,1,1,0,0,1,BENIGN
16777.95035251999,16.249841547444145,60.01239399394965,1289,868,1456,0,861,1274,88.85046923914045,31.563453349328142,0,0,0,1,0,BENIGN
2577.715439667666,89.50338588534369,15.62613398113556,899,1140,882,150,493,867,41.49050708666985,825.6195462589238,0,0,1,1,0,DoS Hulk
103795.67580206072,68.60242239358911,53.552588269559955,42,198,1449,901,488,433,0.597484072593657,39.91452055578261,1,0,1,1,0,Bot
101308.338299682,24.990172163688985,23.04219718143372,1384,1302,1252,257,1205,755,78.9744826674486,415.0937698340198,1,0,0,1,1,DoS Hulk
41643.12671107416,6.560076494502953,74.37368149524455,1251,846,523,749,525,941,88.08958034122828,46.90275628466023,1,0,1,1,1,BENIGN
7441.312977627453,69.06153123866363,52.80584218921246,226,1102,216,627,1123,1307,17.473809235543257,75.17888308099865,0,0,1,0,1,BENIGN
52700.39481117462,57.24077259677651,41.12273626316605,1086,1447,989,794,736,706,91.6192208816557,480.02489237857185,0,1,0,1,1,DoS Hulk
37282.97255282833,40.4519524458235,26.879709616697756,170,1377,374,18,357,1290,91.40972772946961,9.128275253678241,1,0,0,0,0,BENIGN
113047.65231587015,36.361144919006385,99.86984818412868,962,525,35,34,1254,598,47.129085103419044,20.63997995996496,0,1,0,0,1,BENIGN
93084.42460058356,21.68142759291083,7.171052088493268,761,540,775,370,564,1269,79.80348107978419,18.78973669925751,0,0,1,0,0,BENIGN
45349.068655889176,66.96112565375176,4.356068057242002,849,476,27,490,1029,1181,44.49479782719884,50.786331840433576,1,1,0,0,1,BENIGN
24576.314922424826,97.06680277938705,21.725740049386456,306,9,1395,816,89,1380,56.404626591861785,29.9294650652252,0,0,0,0,1,DoS Hulk
442585.030936453,17.571524583682585,97.10724586278197,567,1283,85,1264,63,235,31.983900980976333,283.6166085127636,1,0,1,1,1,DoS Hulk
60513.927246529376,59.71166200155034,97.92381683199845,991,523,187,6,1111,1483,15.946934532082446,60.719494104316865,1,1,1,1,1,SSH-Patator
116563.14385193247,42.41850557459762,65.49277347721359,33,809,304,548,1056,99,74.65365838140319,35.46506755316017,1,1,0,0,1,BENIGN
15146.608209468253,44.668872174466486,88.01066672064047,826,771,765,370,1095,738,0.1392844519135683,70.77121584188217,1,0,0,0,0,BENIGN
66473.40822689206,25.41472801278144,21.39617308407954,129,859,1445,756,252,118,57.95526896487815,39.12213368567904,1,0,0,0,0,BENIGN
2792.296242292531,82.5134875661419,97.20420941766236,1417,1029,79,1273,106,1377,86.46860263784637,97.92575283777785,0,1,1,0,1,BENIGN
70411.7369470702,48.52556041472411,14.278485013956466,1174,1058,185,1138,929,707,22.127728677645052,96.53562870583143,1,1,1,1,0,BENIGN
332471.9988512149,54.34058521982641,10.112518818165828,654,174,1028,1360,513,87,33.28994567980024,79.98407144645913,1,0,0,1,0,BENIGN
48484.3944794742,30.476091279732575,11.22115392472729,629,441,557,573,135,35,58.74858528644628,95.43905280515112,0,0,0,0,1,BENIGN
3977.6720774783134,18.180846566694974,57.31279232725647,1407,1170,508,680,628,313,24.68702465311401,204.778241617663,0,1,1,1,1,DoS Hulk
3144.5044725836533,8.591038820282048,78.09744007180524,1040,1216,970,1165,408,550,84.7486857330783,75.09231657963402,1,0,1,0,1,BENIGN
49100.13626300815,71.41191409249159,36.66671778746331,593,1036,1025,1461,120,1345,36.660316711255504,32.1658633319457,1,1,0,1,1,PortScan
17438.307385113087,19.623428168785562,97.78959877861266,1037,245,216,87,799,426,58.161371981988616,72.52943189429237,1,1,1,0,1,BENIGN
2362.907708120056,69.00753541887977,43.44201381183295,80,674,256,462,823,516,22.612114759920875,37.38934616331993,1,1,1,1,1,BENIGN
141146.29041429106,39.03764460469539,15.044855077321628,1230,113,1476,1071,1117,652,4.138633699098571,28.94206597441855,0,0,0,1,1,BENIGN
61345.470445381536,41.57748009896515,46.59667481861367,203,1011,1447,480,504,8,17.370026601366064,95.87950952216599,1,1,1,0,0,PortScan
34142.71728293356,46.91774960927717,67.90371654224398,1402,793,323,822,6,1382,4.6198937608803226,20.98854417558381,1,1,1,0,0,BENIGN
230341.72693215433,36.77085081275432,83.22257805043787,22,232,196,523,943,56,46.86038996132192,75.85685946065627,1,1,1,1,0,BENIGN
12345.542349786532,10.061997722259008,45.87682899565929,613,979,503,210,190,282,58.66373909180494,67.46721632045552,1,1,1,0,0,BENIGN
312172.2548140974,30.963181000284578,59.36068260491675,1185,1345,1295,243,456,1468,4.467520768545274,30.347764180806426,0,1,0,0,0,PortScan
37682.913549052624,66.37343606939385,26.734471215885335,143,125,693,238,385,460,9.048222153793283,458.34301749227956,0,1,1,1,0,DoS Hulk
219286.7135568108,66.57844014688709,64.5916526405514,103,1336,958,1220,802,1382,48.552502681035094,14.294309592432919,1,1,1,0,0,PortScan
92367.51206847723,28.622430723999436,98.59719439503436,1405,510,17,768,865,593,79.91799322009761,92.12086043707227,1,1,0,0,0,BENIGN
175277.3551376384,46.0102626557688,4.905357258779386,1478,280,106,234,1022,929,62.80091789157193,968.1198015274306,1,1,1,1,1,DoS Hulk
413598.95960002823,19.344722801193747,88.65306707051678,1440,797,124,186,277,64,10.471022010386942,732.4630317513596,0,1,0,0,1,DoS Hulk
34024.69648986117,21.037208152983577,56.22825027675228,323,977,482,712,1471,1452,88.75422738414947,84.94203438326298,1,0,1,1,0,BENIGN
324767.36659596546,2.3047088406607408,25.209865956229994,1194,902,1027,1313,826,854,91.74502347897467,8.261743080131867,0,0,1,1,0,BENIGN
49344.732969162185,89.67465499077446,95.48897100092579,575,1306,626,1244,944,801,32.49568278494609,38.39686179563915,0,1,1,0,1,BENIGN
48696.57232099602,21.07066650749062,48.33543030588989,273,650,350,496,51,1480,61.60177918813622,330.81111488221484,1,0,0,0,0,DoS Hulk
41610.21376304796,22.75338769364633,33.16902516733856,451,391,350,1325,1428,135,49.23271501847118,56.4951565619069,0,1,1,0,0,BENIGN
77959.34968938802,27.96014326451318,18.149762827084114,880,381,648,186,395,761,94.20237686298222,18.335529467418453,0,1,0,1,0,BENIGN
16740.73799118866,12.7408071695429,24.445221025666207,124,215,900,1473,778,1009,50.87485329487358,56.33813206269976,1,1,0,0,0,BENIGN
80678.96422915673,63.92628831813628,83.28490415914426,1406,541,227,1435,693,1071,95.99658137120642,65.43653655765883,1,0,1,1,1,BENIGN
78024.17880895127,7.514295317758657,61.44100093171658,316,605,15,935,210,611,19.93425505302061,13.235309185726274,0,0,1,0,0,BENIGN
143507.21383064956,13.420242632635027,91.3245619488316,106,115,424,1268,889,849,34.553675769567995,13.172070886544397,0,0,0,1,0,DDoS
179366.10477084533,64.47567265900929,23.196845215778584,906,508,463,312,269,1217,78.13452400961374,3.5423389843151076,0,1,0,0,1,BENIGN
58060.693154506545,33.96606204814427,12.113857384890148,1486,270,723,818,544,116,78.36107355933677,76.08924496241443,1,0,0,1,1,BENIGN
36001.372482894665,70.7947826701189,0.6087530975590005,429,1463,1269,21,1006,778,73.21832739567051,331.00853683880473,0,1,0,0,0,DoS Hulk
30020.67090421373,55.742474467014205,50.78620376159938,703,1314,793,67,844,819,85.96114646653041,22.54204557448022,1,0,0,0,1,FTP-Patator
21644.58271101219,25.602117306151307,99.83069303819882,1360,1062,176,391,1015,1022,70.25461729438122,77.8094395045229,0,1,0,1,1,Bot
5937.595780838081,65.08279504893281,69.4965268818639,971,1047,542,1339,1305,1187,63.608514447223385,14.325569008953954,1,1,0,1,0,BENIGN
41923.139841698976,11.627368029288066,30.839459196514607,361,775,508,1088,397,478,45.89250130775121,42.71834270973049,0,0,0,1,1,BENIGN
31505.0106705169,53.64103830800304,87.68585830261716,795,1066,563,728,1239,1310,46.70877433293269,74.47866755185272,0,1,0,1,1,BENIGN
339374.67824296607,43.71481050450347,78.17222659879597,431,1193,232,540,1455,535,40.616149320424164,57.383231758717656,1,0,1,1,0,BENIGN
81578.68496541154,26.787358281744076,1.5415166076539255,674,339,1061,567,1344,493,62.021179970382036,55.40001434924231,1,1,0,1,1,BENIGN
42660.24955171008,60.40049977395001,81.68604805410224,858,168,490,899,813,404,40.666392923299355,15.74634107160251,0,1,0,0,0,BENIGN
86861.45236225726,87.13335923402825,30.052675723849596,1429,1495,1016,211,638,95,14.749431408659696,18.093272783474102,0,0,0,1,0,BENIGN
14988.925750214477,99.89046997630767,14.967346458360108,1013,661,443,199,492,253,10.652961620864676,58.25587939097411,0,1,0,0,0,FTP-Patator
58706.56734429029,60.77627687434245,22.633083973707457,1400,142,19,986,950,413,92.44722752437778,2.3566861080660084,0,1,1,1,0,BENIGN
98412.62057820112,40.470587432917014,46.8579804375139,1175,1124,110,177,127,583,2.4738907537883104,869.1179889634104,1,1,0,1,1,DoS Hulk
67118.5770979475,22.52071002162016,42.486792706801104,1345,574,486,1446,73,1394,10.546726180565248,35.04708006409748,0,1,1,1,1,BENIGN
51379.4694855752,25.709608939511174,28.888729937422674,1237,474,88,930,1499,575,44.53048746455867,41.66162170173271,1,0,1,1,1,BENIGN
509104.12639424606,47.94549781497657,17.22183222070327,575,310,1342,1485,451,242,26.29262669043798,258.43233473260005,1,0,1,1,1,DoS Hulk
212289.00002467967,36.72777012807092,76.22307896421692,1088,1083,1141,43,1485,638,40.584890040214596,87.66710992631033,1,0,1,0,0,SSH-Patator
97658.74838068079,91.38145226249442,99.01097837349171,892,1052,433,1454,437,1396,11.744738159388335,64.25040728059051,1,1,0,0,1,Bot
84252.31203811368,36.82954676557095,77.77915804196904,269,530,1262,167,1279,38,13.090693684737397,449.9084690350668,1,0,1,1,0,DoS Hulk
96932.36433199543,37.34445911454355,29.59369676715412,1123,990,71,286,447,352,80.06579087251153,58.53087956597412,1,0,0,0,0,BENIGN
22478.503258578505,38.35345124339769,24.480896141213336,1128,72,821,708,1125,425,75.91087441003039,38.03695959753909,0,1,0,0,0,BENIGN
50275.452169019685,83.66202103676581,21.766587606593824,1154,1417,1422,336,558,1100,10.425286572461435,46.55824782844121,0,1,0,1,1,PortScan
4025.916636576021,65.07883208469019,13.669507448903628,1412,868,815,585,969,981,66.779041489902,35.76321934142845,1,0,1,1,1,BENIGN
64539.76290435796,61.416885031889265,55.13305496923012,1344,393,403,1194,936,509,60.931132335548334,41.06747942108353,0,0,1,1,0,BENIGN
78312.56837529746,33.41430223838622,60.54003719533442,437,480,250,182,282,139,71.33627226802297,31.49765440094303,1,1,0,0,1,BENIGN
25844.66054589457,81.79041768324394,70.55026606631372,1042,472,868,15,759,251,47.444890456247414,77.641077546022,1,1,1,1,1,DoS Hulk
332503.79718997766,3.8363861355701134,68.0213370933668,224,312,1218,886,1227,668,26.998682753344085,3.7346278163168822,1,1,1,0,0,BENIGN
240190.4017398643,87.07971723381132,29.233331128338246,989,1461,867,836,85,316,66.36791693565279,174.1062042677386,0,1,1,0,1,DoS Hulk
128064.95335237951,51.27498997939296,33.03110053968466,459,951,1245,109,1347,419,37.1357426522822,251.6377438287304,0,0,0,1,0,DoS Hulk
76225.42630659325,39.82502348634128,68.15145354423379,393,323,1205,305,163,878,21.895290101216048,89.04718605896824,0,0,1,0,1,BENIGN
203998.36231826205,49.71672807176857,34.94476407836283,1249,1012,895,979,876,748,40.86290137192832,61.12486545231047,1,1,0,0,1,BENIGN
14001.216907623093,66.7415530533831,21.262318961931303,911,964,255,5,1080,1098,76.3269835600954,958.2971696239908,0,1,1,1,1,DoS Hulk
156307.8291428235,1.276542651789736,37.43361536967396,1383,86,1111,842,205,897,47.57931965362019,33.96468601956296,1,0,1,1,0,FTP-Patator
13332.662955202384,87.15518564582477,27.208415757797766,1453,358,872,1296,1452,1052,29.98642634334221,40.1738003800437,1,0,1,1,0,BENIGN
158090.22671741687,44.673952531139285,8.831272121857781,14,694,491,360,147,1064,83.18686148238282,71.9753227589857,0,0,0,0,1,BENIGN
32264.289979134264,34.296651970007815,83.01389022766536,559,196,335,1208,1324,540,88.16437551809348,57.790207763403046,1,0,1,1,1,BENIGN
209630.76259504491,13.82455656340571,85.31113891570364,1003,755,1430,655,790,1123,43.32504237726747,52.788008038209846,1,1,0,1,0,Web Attack - Brute Force
288315.55463501636,43.94653743584421,21.975030016687946,413,976,632,1123,1313,1343,37.46880207268946,57.556404156392524,1,1,0,0,0,PortScan
16110.342521460958,49.632277128437885,6.477219952520175,1378,1408,1312,1113,1044,569,61.2698947018965,584.1353122764598,1,1,1,0,1,DoS Hulk
62115.32794591166,40.36466944934778,73.88274373511796,1480,1141,361,983,946,722,5.797444605791302,76.57404242045314,1,1,1,1,0,BENIGN
396265.2213142971,67.86600938268971,21.15286258634137,998,497,1464,1269,1160,1000,69.13231605675972,66.8082027315009,0,0,0,0,0,BENIGN
66050.07924873811,42.0896528759226,39.343548943686024,1219,907,1053,1262,1392,875,78.22876053772468,95.73142486820682,1,1,0,1,1,PortScan
199177.88752652126,96.14175778465733,6.413525223738326,114,930,918,723,556,188,39.74419272571716,94.79630180564331,1,1,1,0,0,Bot
88850.90469242499,59.92775178235918,22.626958475843516,1440,461,893,1104,1459,449,17.461585000739642,42.19228496782296,0,1,1,0,1,BENIGN
47053.16212803642,80.74779356519089,79.29022783296358,1375,969,636,114,760,93,2.8818375140863495,3.572260951191042,0,1,1,0,1,Web Attack - Brute Force
33656.92190600759,10.935590310947884,80.43964469152019,975,1270,1246,275,29,1204,63.72455994870999,1.1074782218727264,1,0,0,1,0,BENIGN
22718.055290838638,39.72912929459057,20.70848248877104,1098,233,746,79,1471,1344,26.899340663490978,12.319340488787777,0,0,1,0,0,BENIGN
143463.70292169554,33.68477014471527,33.59138451066895,35,416,1147,178,224,282,46.38895871212843,7.489739889809554,1,0,1,0,0,Bot
48864.10428023759,56.94823881365918,13.423841909374357,241,1490,682,1332,1409,1414,38.63555216575308,373.3660489708686,0,1,0,0,1,DoS Hulk
71595.62656140621,86.11135200614257,7.417263028492238,62,1388,1002,560,428,1344,17.488479594746266,5.287459888400292,0,1,0,1,1,DDoS
67791.47454089091,7.833821776200667,99.21717144484094,665,152,1006,508,528,569,50.83686684607041,62.4914036137118,0,0,1,0,0,FTP-Patator
86104.296117355,7.257479804471078,65.55939512448393,508,271,692,259,1051,24,45.959352274073794,19.017422599527723,1,1,0,1,1,BENIGN
200676.4817913147,85.03177081575988,54.20965091983187,187,391,214,291,125,259,62.414762286983226,51.39653185695876,0,0,0,1,1,BENIGN
394969.0791335683,21.285008603835742,76.54985004052996,734,546,117,884,812,496,25.188499452978675,103.07878263373516,0,0,1,1,1,DoS Hulk
52354.654024866686,66.87532544498137,84.00771596877242,92,724,226,290,498,1236,21.46390798534058,82.7729065828292,0,1,1,1,1,BENIGN
175746.77418973533,54.28781323608052,80.67147680447275,4,1453,890,541,1210,114,81.43450597564721,77.9958828193316,1,1,0,1,1,PortScan
144616.23965025862,83.28935948872295,1.6539449289876607,1461,188,443,763,653,451,70.21922449640415,38.648722105139534,0,1,0,0,1,BENIGN
85221.07958446628,12.508890983640352,18.68078981904985,1189,811,548,1086,1395,699,77.22064516915633,91.05933325255839,0,0,1,0,0,DDoS
312463.7665197935,12.978296572261128,65.49053021178311,1469,1275,828,593,137,771,12.328981175502808,18.570064618537717,0,1,1,1,1,FTP-Patator
22373.687170445013,55.681836027830755,37.575934780396295,24,394,1460,1428,993,384,22.403964332701765,81.39367052130362,0,1,0,1,1,PortScan
11570.74278197645,94.63786533583709,98.2482651061107,507,661,11,947,1360,612,57.553151620363984,54.585543437663794,0,1,0,0,1,PortScan
192388.8190892786,41.499775837075425,66.5404792638254,97,852,1145,479,740,1441,85.72013468729081,32.95800682987405,0,0,1,0,0,BENIGN
57830.14619474764,32.694210025469495,95.65489087292065,1291,1242,488,1348,213,988,89.21146431684701,8.436093491760776,0,1,1,1,1,BENIGN
187711.3811032593,60.66893231978858,20.144648164579383,661,593,1274,380,290,218,83.19099622549273,17.131112640775093,1,1,0,1,1,SSH-Patator
223576.9839287117,93.0448600545031,86.3957028115023,1416,189,578,309,943,879,4.3397946084427375,862.8626053556876,1,1,0,1,0,DoS Hulk
6449.32886875834,83.69278328446237,32.135230581522535,1308,233,1303,1366,370,556,82.08791846557263,60.68860751917153,0,1,1,1,1,DDoS
214956.1588070323,99.54836107332198,98.95648082378068,683,231,741,1498,529,1086,89.90911775210817,23.709555839649955,1,0,1,0,0,BENIGN
59478.539866842475,2.256858320237709,15.76886720731473,1132,357,1360,1079,691,349,5.6749090152652055,49.585287745556464,0,0,1,1,0,BENIGN
71423.29082461058,11.285814471276224,51.63398188383266,26,477,167,846,548,389,41.62808937769881,107.83666982524187,0,1,1,1,1,DoS Hulk
98508.49920853021,60.946776336662204,79.28445338371219,54,1452,960,424,1319,803,53.661032329670164,9.884249166859272,0,1,0,1,0,PortScan
260887.39595647756,82.05764393338497,43.26424806040359,1156,236,1351,1165,773,376,23.275037288349964,90.77646516371682,1,1,0,0,0,BENIGN
1930.1169365585843,28.524434230676654,46.80840601876467,1075,1056,1269,660,1016,870,51.66856560371106,45.785628926290926,1,0,1,1,0,BENIGN
64787.456393782326,23.921108803421877,98.6355795505741,780,212,1324,1399,418,65,88.59557879610645,36.15671539511369,1,0,1,1,1,BENIGN
116386.15981336584,78.69757993812009,42.530815030115335,297,378,199,225,360,1142,86.69425063457645,94.90718266442607,0,1,0,0,1,BENIGN
128268.04175451046,5.638185385323158,60.407210059906355,1422,1025,863,1497,1181,745,93.98372812574809,39.90006786071698,1,1,1,1,1,BENIGN
117938.56657111079,36.93826475825851,5.45396606751507,1041,908,753,24,1098,7,48.41097983945421,33.624212805358034,1,1,0,1,0,BENIGN
14437.295559530932,50.58092225923298,84.221008021026,817,449,1036,1388,1395,26,41.05669452939201,27.29861711578423,0,0,1,0,1,Bot
35581.18713097741,56.03486743503234,64.81680489795436,854,568,1389,94,919,289,66.57878190323534,56.50628207470953,0,0,1,1,1,SSH-Patator
44428.21224093347,72.86151567927769,40.40201028628135,558,1450,773,507,566,27,41.67605776010341,55.841059227571144,0,1,0,1,0,BENIGN
163187.37627865214,35.48457234306582,1.6169539954519752,1269,812,96,564,717,1182,4.194459600085776,1.6194175996961602,0,1,0,0,0,BENIGN
32678.3149176632,61.26843446746072,59.16688205935039,502,278,70,1199,726,1168,71.9921452170455,65.40623239573065,0,1,0,1,1,BENIGN
23661.509123624855,58.53754227909563,1.2657828484162192,1112,213,992,643,1129,466,28.09839412828238,788.3071030264535,0,0,1,1,1,DoS Hulk
315702.8868950008,54.76161006537471,0.12036139090179088,202,1308,356,1431,366,107,4.908531226719049,61.596454243038956,0,1,1,1,1,BENIGN
890.2797672285236,64.04832931422122,61.60985621493546,945,717,811,489,401,890,2.0621076526904147,86.98881382840376,0,1,0,1,1,BENIGN
612882.2993904087,25.94491710680763,18.901706733455427,239,969,543,458,102,438,93.13612685773181,27.641636103667587,1,0,0,0,1,BENIGN
112954.98544367532,8.464875358462898,19.18875497180953,489,1297,1273,1436,786,202,25.20760086441689,19.19794027687425,1,1,1,1,1,BENIGN
176299.301643837,11.927167203974342,65.32715658327437,1036,1034,253,900,324,776,44.789919252306355,69.72780938199737,0,0,0,0,0,BENIGN
34901.775850492064,22.458238265390108,5.3697187939374285,648,870,1205,337,372,989,95.05764528988554,18.855910220032733,1,1,1,1,1,BENIGN
1441.872973801152,50.01979355227852,31.340556147455633,1338,1070,987,962,337,300,46.75169787807252,9.110487937526301,0,0,0,1,0,Bot
133891.28784347005,84.04427505460201,14.943190214201907,684,437,1189,1354,890,437,7.860932352631133,9.661506853966184,1,1,0,1,0,PortScan
179663.89364934008,70.12933420883842,58.01763697965339,1221,670,3,1236,1056,1034,55.193604724665924,76.8393493225718,1,0,1,1,0,BENIGN
134890.6603548094,78.90406042020471,66.17651547273958,242,903,1486,344,1131,836,8.81986534540652,2.87373016681044,1,1,1,1,1,BENIGN
15414.26817102217,35.09756239260914,72.11358535990435,506,1450,144,575,1445,606,9.508787837353639,28.945670483919994,0,1,0,0,1,BENIGN
140010.09236042542,40.465374164855014,25.52312169185654,1066,1455,164,942,1292,641,85.14770738024598,12.918640994407681,0,0,1,1,1,BENIGN
146500.33477280164,39.368188599061284,8.924975163658399,1353,1153,343,345,1096,1126,28.942154336458948,754.9101467995052,0,1,1,1,0,DoS Hulk
107452.6247331881,19.187318440450152,7.868365694189783,1452,1045,1128,1271,1204,109,67.86702001124362,50.3493085572984,0,0,1,0,0,BENIGN
145292.9725692413,6.121665814357202,42.615154845072375,612,891,1337,324,1175,642,50.89243353286618,20.54924144976672,0,0,0,0,1,BENIGN
187029.26746788048,59.09160928272268,94.58444090627151,161,388,1192,466,1091,702,22.232669120441418,75.04108986512672,0,0,0,1,1,BENIGN
95089.28243129305,98.92166834205861,21.772903424702463,655,134,519,90,1395,1116,51.782029865320766,75.03665091381635,1,1,1,0,0,BENIGN
9277.857239491574,16.682970495026282,25.67416013415493,958,531,925,293,1371,800,6.899353589975277,52.30226470686507,1,0,1,1,0,Bot
66870.39837876221,4.6684819899273755,10.088880210585893,620,219,1459,523,996,869,34.72123495897094,27.584978705520967,0,1,0,1,0,PortScan
8082.979657432534,77.9531681823933,60.55702738939303,1458,332,608,849,31,918,52.28362250204916,58.62770992622216,0,1,1,1,0,FTP-Patator
52347.70348253353,25.25860066847242,67.98728739471748,1256,1153,511,258,926,848,22.8394338085652,933.5301007541918,1,0,0,0,0,DoS Hulk
52274.04730506311,82.96438053529283,64.293120816076,110,1055,408,1110,619,506,66.01881301813604,5.163638762621881,1,1,0,1,0,BENIGN
6828.938057355076,70.39366670345154,86.11302430447813,933,1448,435,1181,1102,176,5.181192169630677,26.694984662179234,1,1,0,0,1,BENIGN
42896.99972993807,94.56735370508046,48.642583502607174,1255,1321,1338,185,1282,1462,48.48098978706269,284.9691953926781,0,1,0,0,1,DoS Hulk
11765.59048780725,40.8927235756672,13.445704076706445,749,356,541,343,877,667,71.49957812893834,63.18116635848827,0,0,0,0,0,FTP-Patator
165148.57100754802,66.19698394506341,28.940513070441266,708,1478,612,820,174,510,42.99460589567728,65.11643966619472,1,1,1,1,1,BENIGN
295052.99850619986,46.48547808132707,66.24299734213518,272,400,899,740,1390,108,87.4586415318938,20.631539494371342,1,0,1,1,0,BENIGN
7506.463373245577,63.05886973085435,61.312197374155986,806,895,1086,568,14,871,63.219278124066555,21.610059766251066,1,0,1,1,0,BENIGN
310365.6234068686,44.95989060077373,53.10031297429625,40,989,1055,949,1074,1095,95.84929160587377,92.82126845191695,1,1,0,0,0,DDoS
73935.15493887612,18.863224642407484,68.29644186886871,559,708,1234,508,106,488,28.412181277497872,756.2988176628108,1,0,0,0,0,DoS Hulk
35605.467627860206,50.78974160033809,63.739085037329936,465,1478,1486,15,468,732,93.87893308547471,93.42696985317195,1,1,1,1,1,Bot
7997.662473957208,52.85842014374423,88.13248894649517,1100,1057,562,524,201,280,60.68225898856967,82.96629881626984,1,0,1,0,0,BENIGN
69439.64967713936,81.0603848260161,58.60163774782966,489,247,574,199,1241,902,74.51788992133986,40.21179802636985,0,1,0,0,0,FTP-Patator
158238.4890197618,73.55207057935812,77.86013587005564,116,945,1103,1207,1064,1237,90.2161117043447,12.190763684516813,0,1,0,0,0,BENIGN
122787.78577836498,66.3791623941444,24.870715596646786,433,41,1021,308,1408,1480,55.119718799182095,62.95503662567378,1,0,1,0,1,BENIGN
5153.122949604646,11.338709555257253,67.8182584589068,1042,800,342,1304,916,417,86.21807919496653,35.19910622576543,1,0,1,0,1,BENIGN
7569.582405825248,72.0616290663715,90.21941183826758,993,122,1255,1181,335,753,54.16969395880553,42.54119905918186,1,0,0,1,1,BENIGN
51562.59312160877,50.03051563545148,38.57323278998332,195,26,612,1383,104,661,59.91989276172377,42.58797409440582,1,0,0,1,1,BENIGN
34996.9609380049,89.40995361061593,77.91041873386466,618,1485,128,258,202,1346,44.509857289738555,93.65196216642127,1,0,0,1,0,BENIGN
26446.609173255954,91.98709341305428,72.47893011954353,1474,570,1042,1180,1118,1201,14.563855184010288,6.886241919259362,0,1,0,1,1,PortScan
32990.01784555116,5.515659060178546,5.952619687182247,424,1170,356,424,1200,687,55.35032333488667,19.31037614697384,1,1,0,1,0,Bot
162700.5031156716,82.06415603544788,58.15083096240723,1417,495,1442,778,64,103,97.7448230266181,60.79428710149421,1,0,1,0,0,BENIGN
264829.25945434277,3.769739042267062,13.018934920080238,1307,485,958,1044,552,1142,78.71859957322843,88.37580658868934,1,0,0,0,0,BENIGN
51936.648417753364,36.716962569502265,96.73191722305911,33,1483,80,638,223,711,74.74984847534364,91.7942651869991,1,1,1,1,0,BENIGN
236564.20682428902,54.22999756210791,81.14075027006562,294,898,665,1370,379,581,64.33088027296296,55.86929265149302,0,1,0,1,0,BENIGN
38786.44640572496,14.810079862712744,10.97238012471201,1006,710,780,919,254,56,34.790867348724454,3.4561218834396668,0,1,0,1,1,PortScan
64709.78859895242,74.63138125690769,12.175199764767841,1274,1151,1141,1011,1321,1432,16.961519447837848,362.8810343394739,0,0,0,1,1,DoS Hulk
25622.08709727886,0.8354704172138572,59.4473854912619,338,375,790,349,170,577,22.45516016426898,91.8833292172679,0,1,0,0,1,BENIGN
102297.44619715447,16.859904843403683,34.48891741731833,617,664,491,960,612,1081,0.6322089542650122,49.99440859730924,0,0,0,1,1,BENIGN
386233.3967976322,58.07968298534757,3.490585907310928,1463,782,224,1408,651,116,67.34804208983547,72.66132791834842,0,0,0,0,0,BENIGN
92506.1825810096,71.43875620372924,54.16415078330531,179,850,986,437,717,1448,81.18775585564337,26.919342044949467,0,0,1,1,1,BENIGN
44287.74286066842,91.66431026939162,38.78450996858469,621,1106,418,455,831,818,26.891135119805977,2.50069703359056,1,1,0,0,1,BENIGN
104360.56184754838,70.54966519346239,10.107649237174265,1251,673,779,623,1387,1044,9.185039964427189,57.836018622822415,0,0,0,1,0,BENIGN
13115.784425231066,67.1779270254866,80.19203922559826,618,1126,136,1103,818,78,33.57270678219179,83.49810044364204,0,1,0,0,1,BENIGN
219515.84356663062,39.43411463506643,91.5076765278806,642,361,225,1475,72,558,29.20512294169779,99.02686968900596,0,0,0,1,1,FTP-Patator
69933.41822032347,0.12844255268014138,75.659393401413,22,683,1357,642,1083,885,45.08763607777318,84.66271078388726,0,1,0,0,1,BENIGN
59665.54119061018,12.015925873562194,82.24223100162773,1350,1279,1252,391,454,107,26.410205432101098,55.39943623211253,0,1,0,1,0,PortScan
88156.27605399604,53.455454475603915,21.649056726611736,1177,246,322,573,335,798,33.97327053450291,60.87275888005379,0,0,0,1,1,BENIGN
98025.3053151827,67.51298858444197,26.3572950918601,618,1215,1131,1382,667,1294,90.75547793492427,82.41640398711657,1,0,1,0,0,BENIGN
7448.198725566497,41.74482838964625,20.852754029918774,1169,534,811,32,1147,687,33.48353528896062,1.9810696827616159,1,0,1,0,1,BENIGN
114764.67295243799,73.06790115283903,76.5063431365564,251,313,444,1159,1478,1499,78.5518046729897,95.16443481944644,1,1,1,1,0,BENIGN
27698.176589151048,52.186229533217876,94.79170789344971,301,1299,6,920,13,69,62.58337002244594,53.12212458482315,1,1,1,1,0,BENIGN
125159.78612695336,7.4176195594312215,71.68372067339025,1093,1396,127,409,1439,386,33.75379456313738,95.20522444899208,1,1,1,0,1,BENIGN
172898.07139817192,19.201625096794885,88.1466764879556,1116,443,1376,1022,26,1189,81.77882697803504,76.45181665808313,0,1,1,0,0,BENIGN
162942.89459954793,83.99982232439429,63.869909488317255,162,868,266,1114,1073,854,59.50760695962649,15.231767861470136,1,0,1,0,0,BENIGN
80408.09030749026,72.49127466244396,38.765990055879904,1104,1218,684,412,186,1081,0.8618727598900366,165.25981463962736,0,1,1,1,0,DoS Hulk
73432.31800466302,89.4761987012495,42.57616149303052,1086,1281,927,298,1080,1474,6.872820157239978,35.36459760127133,1,0,0,0,1,BENIGN
15417.26349642509,11.755724912093656,7.532143216740483,611,581,213,72,770,244,75.26395594523188,26.39880219357973,1,1,1,1,0,BENIGN
149319.45076374282,99.02225346150739,3.145719524602608,1459,870,246,260,666,1068,44.652778958519434,43.929875929752626,1,1,1,0,1,PortScan
31664.32691086065,20.94067139499336,69.54756041890774,1071,1383,1397,689,989,683,40.550779174354055,60.39038708753899,1,1,1,0,0,PortScan
68655.97708997226,1.177987628664201,43.84288920111806,444,547,420,1335,1057,1406,14.582718419580798,43.657949948674165,1,0,1,1,1,Bot
33445.79966637421,99.74229390535541,55.22150680546295,73,1131,1064,958,537,784,15.731859396127025,5.642058470721878,1,1,0,1,0,BENIGN
14367.219490729618,28.107388544511313,55.76612476224163,825,1047,716,731,935,70,79.77524500959005,97.56316151509021,0,1,1,0,0,BENIGN
99305.75734759224,66.80194525125599,27.73758133333014,541,464,1371,684,370,1262,82.90171339614552,42.512213420134955,1,0,0,1,1,Bot
5586.375972591637,17.66823141763052,47.58925108294907,156,1045,142,1188,85,107,56.00025406387292,85.10750043217205,1,1,1,1,1,BENIGN
138088.99279180804,58.022853219914175,47.07602216677023,1289,501,140,839,159,1231,29.512780980568742,73.95429226115213,1,1,1,1,0,DoS Hulk
38211.99325538965,90.40349864545593,38.8427221227857,255,850,564,334,424,721,93.27008166678303,81.0064879716682,1,0,0,0,1,BENIGN
13.470207640267372,32.01811674284386,82.06753834010705,1062,715,106,731,1129,301,62.39623909952267,173.40463771130499,0,0,0,1,0,DoS Hulk
71565.69128044452,67.02539760443592,45.11640036875959,1078,891,32,803,1414,1453,79.66421194517882,67.94049429969621,0,0,0,1,1,DDoS
4798.499236125218,18.79035887984165,60.36445245059878,1051,500,1223,1184,274,1371,0.32829202882154185,66.18066962550903,1,1,1,0,1,BENIGN
32319.81099097797,62.479539871872525,89.55201203808261,936,734,118,389,1312,1130,45.03196008753605,90.98067182668595,1,0,0,0,1,BENIGN
122750.24255933231,33.64503518175101,86.62336228589224,117,592,228,759,257,527,87.09490863199558,32.06766803507386,0,0,0,1,0,Web Attack - Brute Force
6474.080465882678,21.12082585879517,89.04222037791652,369,406,687,882,962,1429,33.82332832327213,10.895975991564255,1,0,0,0,1,BENIGN
182845.55642147863,31.318205070363515,27.000499646501396,208,1353,1208,971,1243,951,72.6551176872281,86.45658162598754,1,1,0,1,1,BENIGN
382.7237196396057,17.884106850779936,3.498248830806283,586,702,829,1094,973,255,65.76748251286455,33.15775296403671,1,0,0,1,0,FTP-Patator
28345.61730914955,90.19161078378828,26.10667998953292,848,285,1010,940,526,1324,15.221836635429941,232.5337890604693,0,1,0,0,1,DoS Hulk
135055.68463111043,39.71868863171289,27.870734562070865,315,146,849,1115,532,953,77.49038272544051,48.62086119883625,0,1,0,0,1,BENIGN
38019.23951197497,24.527930497436735,90.93603267249681,1416,793,1238,902,1082,923,11.25267903127989,146.13569001178985,0,0,1,1,0,DoS Hulk
10746.53827437935,44.840784101593286,64.92427328379706,443,383,732,1384,1383,1168,72.79140965719407,29.696335307196907,0,1,0,1,1,BENIGN
44665.2667564808,32.053616680649554,8.170395960222876,1282,10,1153,1344,112,561,99.09683367790943,38.52806340646531,1,0,1,0,1,BENIGN
31524.963848875603,74.4419253813326,13.537859601110114,1221,275,844,1268,1299,359,95.79814318117627,27.725529349106935,0,1,0,0,0,BENIGN
184967.6137137029,97.12199118854944,15.567612554197542,627,885,271,23,256,1213,80.02417430570047,45.025950074308206,1,0,1,0,1,BENIGN
37592.75452938398,43.80336566976468,63.04217481689231,444,963,634,556,328,295,53.45174242297021,38.46506722841247,0,1,0,1,0,BENIGN
155557.71577313507,86.10333999722404,73.54140255070031,569,302,1031,700,776,92,67.48245758207399,77.45910311105995,0,1,0,0,1,BENIGN
222444.09077040284,56.58630735596195,85.96439105653961,581,203,402,402,1258,1153,72.81083903440927,91.84086769247098,1,1,1,1,0,BENIGN
56883.867254329634,15.723566509423348,94.06365508062432,604,344,927,1396,50,860,0.8401524278238703,10.092321674785254,1,0,1,1,0,BENIGN
240731.40731611967,69.06227420813416,20.17045573864418,740,825,626,1309,220,989,10.236622095295644,82.3302543444191,0,0,1,0,0,BENIGN
47371.9410559516,51.343449712582014,30.977248472404906,907,1289,1392,440,782,483,59.70591320788624,93.17712077019355,0,1,0,0,1,BENIGN
332641.69521687157,65.06065232521034,24.032288074483066,648,21,616,881,595,875,0.6534540142909107,68.66131459686758,1,0,1,1,1,BENIGN
9353.024181236151,88.9687412571665,35.87615674661377,304,838,980,1375,1253,1432,90.89056507734973,99.64196761706884,0,1,0,0,0,BENIGN
116161.36446599883,44.043457065604606,91.46651074237494,338,535,536,925,221,340,48.96627132250778,33.50429996648921,0,0,0,1,1,BENIGN
68085.11682311533,90.11776232173557,57.511256693936154,528,1119,1076,1242,942,1237,25.77670756051217,83.03099415849654,0,0,0,0,1,BENIGN
49044.93137625131,75.0669014281655,73.81918973244991,53,980,246,484,1077,329,39.38211695975993,67.37025046768889,0,1,0,1,1,BENIGN
100160.86674053277,48.860492587798475,49.011923612678196,1135,1468,336,1466,1296,798,85.07764106400029,32.34287871974576,1,0,0,1,1,Bot
121691.31426351242,60.32221356579637,2.885791333612453,683,262,1304,1241,197,1198,92.71928737641157,70.46764835103451,1,0,0,1,1,BENIGN
437.28164917464125,32.55811325190115,6.419548599781432,418,583,32,1090,127,1467,11.623498047732006,50.962183905755786,0,1,0,1,1,SSH-Patator
18266.5322371209,98.35972997387742,53.792303126788575,304,1012,798,30,1032,200,77.79606339555767,18.897389079712255,0,1,1,0,1,Web Attack - Brute Force
124843.35312686663,66.7351163050396,71.87890348200257,1461,382,547,321,986,742,57.82271182165303,173.8796824094627,1,0,0,1,1,DoS Hulk
109776.88851674723,4.38468524966299,21.53305275287315,84,916,1366,1273,226,97,58.550275766448664,71.3398846765848,1,1,0,1,0,BENIGN
338279.2941040541,32.662190574800874,72.1909573992304,251,391,890,565,557,1126,77.94521218958263,71.19304623167335,0,1,0,0,1,PortScan
143144.98577567405,62.33144337590575,81.06657734835125,125,888,1262,9,1157,1174,22.284468678595747,53.07737609614335,1,0,1,1,0,Bot
301130.7088376879,5.63332777992398,41.18974783621112,609,539,728,677,1039,1291,53.10449679749583,50.14156672777471,0,1,1,0,1,PortScan
121247.72028770874,2.3884191319142767,74.6419232844105,1428,1115,1200,850,214,838,31.935261545080916,18.003844568886183,0,0,1,1,0,BENIGN
35389.62490032648,45.002423952780255,40.40299503284599,303,565,43,926,1135,351,9.451234497651484,42.928612300430494,1,0,0,0,0,BENIGN
11133.93782120359,33.269017969267,67.835062945502,1051,1182,303,284,854,466,10.507944555660387,87.1397521031101,1,1,0,0,0,BENIGN
152245.25761144806,43.82986080331659,76.3997049319543,847,883,268,152,1180,1301,13.647147062515074,85.4727306095151,0,1,1,1,0,BENIGN
103324.3797452025,26.269330988000515,99.19266183081108,1289,227,682,370,424,1039,61.4899848904838,66.09189018080987,0,0,0,1,1,BENIGN
4938.5654451542,16.47177469429809,34.53966620635961,1075,472,399,300,1475,455,10.583019837731001,99.73566779697332,0,0,1,0,1,BENIGN
44636.59587077571,68.91433569803377,41.104078057461145,654,371,602,145,317,1202,57.01038425901736,89.31783466896205,0,1,1,0,1,BENIGN
314191.05125441146,51.45711162678005,16.562005941017134,643,1399,921,1075,359,1157,58.82970579772597,14.523042356810201,1,1,0,1,0,PortScan
69394.97939883504,20.015421124936683,20.40730584018069,857,36,970,1427,1399,257,90.3896510121891,39.913640309370294,1,1,1,1,0,BENIGN
56691.8375072549,31.958942625999832,69.33950025983778,510,690,430,701,935,61,62.637659632551426,13.193748475927435,1,0,0,1,1,BENIGN
61193.51970499989,59.18079076633259,91.7045590154476,206,843,420,140,957,481,98.55878408815013,466.08961642920315,1,1,1,1,0,DoS Hulk
23430.90592525958,7.2229348272477845,39.460495166124055,573,1060,130,1111,919,999,3.099257994083482,77.6382824744832,0,1,0,0,1,BENIGN
45998.545255917015,14.745300926617954,17.984444683554123,874,100,1433,1450,901,634,70.41461366451189,155.7887099287595,0,0,1,0,0,DoS Hulk
46173.908445203735,7.324560410739012,28.509949938299407,510,1213,1248,83,1319,1065,2.648007805304331,88.04220324199034,1,1,1,0,0,BENIGN
5377.534073609781,81.23173327141188,45.50517048081386,200,657,1166,1266,197,1396,72.93775778747036,56.90575515405063,0,1,0,0,0,PortScan
145915.597161305,75.24092332120092,29.065032936536838,822,89,577,1129,397,1396,38.585020920403544,748.944454797245,0,1,1,1,0,DoS Hulk
53871.84226637698,75.33129318792571,23.357908312186627,1307,1029,539,1378,589,1322,61.13077653925896,45.15581210760033,1,0,1,0,0,DoS Hulk
172698.28397828978,71.6325343476028,73.59844887570796,1380,904,124,20,241,1075,30.953807208833773,9.383815335087176,0,0,1,1,1,BENIGN
189944.26877388573,66.93854236698692,0.7844921240623193,1070,1162,1235,1029,428,1402,15.910503915264906,62.08611863976603,0,0,0,1,0,Bot
23824.964435406248,47.6991915378175,53.92305273364831,1019,94,933,966,610,915,72.35125180892824,83.81919129287876,0,1,1,1,0,BENIGN
107105.59234713095,64.22781635071149,79.37668070297539,136,631,1451,1244,5,311,90.46203802700867,87.38650845252174,1,1,0,1,0,BENIGN
63919.28577607432,3.836155478797465,26.62282863174682,129,1409,1460,1110,1341,578,18.358244370003497,68.83693252670817,0,1,1,1,1,PortScan
212157.053930236,62.14644226567846,60.329151061201735,1218,122,591,452,1235,58,92.07030012036006,20.093872014734348,1,0,1,0,1,BENIGN
24301.554696629722,77.78777055368772,66.89001056186179,1017,1308,1261,341,1296,303,14.018210920454377,19.502171466069672,1,0,1,0,1,BENIGN
113262.37783834447,50.035836038439015,65.50246964050899,1387,365,643,392,1107,34,73.56618825495312,88.13627473571538,0,1,0,0,0,PortScan
93586.12978430901,35.75133284272369,44.58496341987177,431,690,327,1375,709,647,95.9445158179006,11.323538551727541,1,1,1,1,1,BENIGN
34998.5195390159,27.742673480097913,34.65779878757792,1092,324,811,1269,359,1010,14.73708817562377,68.60708641084764,1,1,0,0,0,PortScan
14687.824248068753,64.28020501620824,83.59240730278134,1481,406,1142,1002,1404,492,43.50900467553534,53.35068390367454,0,1,1,1,0,PortScan
105451.81635854284,69.28011986299087,75.84459569998643,539,995,45,1136,1164,490,33.74574823583995,42.14200961370855,1,1,0,0,0,BENIGN
134169.3753785471,87.09675998625426,32.12551734139125,334,518,83,970,1196,220,38.84777501840981,440.3345661638556,0,1,1,0,0,DoS Hulk
37925.269066017674,34.233408246099074,10.301919444220609,525,895,793,157,1043,122,75.31397391317766,94.52073627351906,1,1,1,1,1,BENIGN
103516.60626804981,76.97723073855856,7.180754544546919,557,76,351,810,502,706,66.11889325555593,86.14431998969961,1,0,1,1,0,BENIGN
50274.32205813674,56.135582418933794,9.427597789893605,908,233,1036,1260,226,1125,96.86869644628192,86.4983863881746,0,1,1,0,0,BENIGN
124899.41708327505,88.28364906780791,58.28693611920428,1039,829,636,698,108,886,18.547950335642227,40.66183081436222,1,0,0,1,1,BENIGN
22216.3125706071,52.78121082956208,5.166217582898969,1479,585,1195,1266,742,1336,54.32608693258801,10.698120873730732,0,1,1,1,0,PortScan
220923.13952729915,51.76298283979672,33.69268749640384,509,483,233,165,1343,493,44.91261454190267,99.78394331176406,0,1,0,1,0,Web Attack - Brute Force
33884.84927346188,57.787708144090914,75.31997019142294,208,1487,1204,33,1331,758,91.88561089257496,14.53430872554815,1,0,0,0,0,BENIGN
45852.7315188339,74.93153551424344,29.43481665153781,1181,270,1074,254,810,1222,1.061923247695995,51.558233032865786,0,0,0,0,0,BENIGN
5984.7622843706085,96.4690478828461,76.33080771801298,1360,938,780,301,1110,632,98.91704007670941,26.461918859839205,0,1,1,0,1,BENIGN
11823.437635671136,7.356335421576565,74.54670382070553,1264,1490,680,219,785,329,47.97343143725288,51.07428616499084,1,0,0,1,0,BENIGN
72538.5087988406,5.3434602391017165,24.582713263321633,57,468,1418,1055,227,971,62.55396472335975,30.493319410264807,1,1,0,1,0,BENIGN
31141.84672257246,93.75503374073385,72.88221800927455,815,631,932,934,851,1350,36.00525558057155,89.68866406209595,0,1,0,1,1,FTP-Patator
180472.4507747006,52.98756255182061,74.77766382721008,1328,546,1452,508,1333,9,85.25266696954988,96.83415957088596,0,1,0,1,0,BENIGN
1480.2405694441707,61.49030145669361,39.745392566702684,1368,718,1297,1256,827,126,56.198794511838265,41.00642826378831,0,1,0,1,1,BENIGN
47657.565565470715,48.24236015947289,21.042048374151822,1037,1007,860,952,378,984,66.28109362497648,7.018964057756049,0,0,1,0,0,BENIGN
41150.1611341643,9.365745260747449,52.12708068918691,1382,269,1230,214,384,668,64.89047080606764,66.33360993454819,0,0,1,0,0,BENIGN
1951.6851669877115,76.80893784186665,92.13975880001964,376,604,147,1265,112,230,36.398213989773254,37.662556404846825,0,0,1,0,1,BENIGN
13280.982330458872,74.72246450885869,63.9616732432062,242,964,299,244,1316,1038,7.5990995806615835,98.59686559564271,1,1,1,1,1,FTP-Patator
53382.590547574546,31.1703321492812,17.29224976272612,992,377,1476,19,1328,486,80.77062260940501,8.937477788492043,0,1,1,0,1,BENIGN
67897.72192339921,30.623924522840042,68.275692473352,1168,176,548,209,290,441,28.97159191843175,119.12644069516276,0,0,0,0,1,DoS Hulk
51800.088323972195,83.78413809055185,42.720302728183455,890,273,977,425,1128,877,84.89302284777045,69.9423114186547,1,1,1,0,1,BENIGN
75701.96375133225,7.235725774132662,59.1528797355373,414,636,382,999,290,273,60.864300879082634,758.6496023537596,0,1,1,1,0,DoS Hulk
90419.33879635167,88.11051483565659,73.4064035023108,393,26,799,980,676,617,35.3703958097478,47.10964042905634,1,0,0,1,0,BENIGN
997.3390458152718,25.66616898959144,51.49473515144448,728,575,533,71,59,1026,59.42471489736227,27.726460244013605,1,0,1,0,0,BENIGN
62379.86699666189,59.298474775549394,81.39839745733086,357,59,1256,177,1335,325,64.54926923614376,30.98100491304523,0,1,1,0,1,BENIGN
331042.2221009638,93.59941790017777,72.21555793166277,1181,730,1152,298,105,252,70.66834077586724,33.79729664212709,0,1,0,0,0,BENIGN
73195.51215848255,67.81225015366465,61.50733400185106,673,1240,569,265,622,1078,82.23381345070713,22.5281990641373,0,1,1,0,0,SSH-Patator
113178.32132238965,41.44298124670366,15.079281583235149,17,660,930,519,88,885,15.97549422179847,85.06425481473494,1,0,1,1,1,BENIGN
37376.857968988035,68.95342089054152,83.59491109115683,727,269,236,274,1291,447,94.41443847686166,6.507720755479751,1,1,1,0,0,PortScan
148718.21306709977,34.39796363163702,93.5905585319816,560,1139,965,947,741,1320,41.084061442751086,40.727782407831455,1,0,1,1,0,FTP-Patator
148245.942648968,27.725841634918613,13.696512380929482,1370,244,700,52,1142,372,86.04502983763773,74.76031448409924,0,0,0,0,0,BENIGN
73667.29262027566,99.66832779346797,48.82411294334305,1081,659,753,811,899,468,22.047959536778517,0.3825474446726651,1,0,1,1,1,Bot
373027.75845358445,75.07902311797878,25.88887419705045,154,84,574,1423,444,759,2.9028972204714787,87.80325167809283,1,1,1,1,1,PortScan
13416.040728437489,64.47199773818177,75.45233074255646,486,906,1264,1437,1452,1159,57.33440436228507,70.62932123793644,0,0,1,1,0,BENIGN
1709.29200584672,35.52896432193188,72.16296360047,150,1473,956,488,1006,832,32.4666279072439,7.3373956834068,1,0,0,0,1,DDoS
147036.40839597827,4.916082915504816,14.088512057039871,1382,535,1016,501,1374,1269,98.44620049479494,89.49965889944382,1,0,1,1,0,BENIGN
164587.13080659462,3.105687603515561,87.70272712616372,367,88,770,306,305,69,10.445345471538293,48.730499263081796,1,1,1,1,1,BENIGN
12806.888687847066,55.418125544879885,18.097306397800228,1070,548,222,416,614,480,4.730286600352174,65.22393338903115,1,0,1,0,1,BENIGN
30867.806434803486,76.2032721039051,79.72590256481075,206,853,1122,508,201,529,4.501781855313325,88.2033374518842,0,1,1,0,0,Bot
1770.8232706465003,53.73791904438551,45.69803596280049,449,894,556,920,943,489,21.687369522379452,88.11623446894653,1,1,0,1,0,BENIGN
34716.12158516566,84.07850719391146,32.82722935581512,923,506,910,637,1046,502,57.919111636533835,40.87441185075016,1,1,0,1,1,SSH-Patator
148343.0452128112,3.3426533093221633,15.823926267421351,696,407,272,665,1113,1008,50.55633736446917,23.768948502493416,0,0,0,0,1,BENIGN
72972.927557207,36.67520764259401,16.76142561466294,569,1294,1422,5,470,116,35.00758048335615,257.4215443461767,1,0,0,0,0,DoS Hulk
42785.73430933416,23.707039117417807,66.18905547009003,142,523,429,421,1116,1280,8.879310741690926,765.9415863837279,0,1,0,1,0,DoS Hulk
46480.00631593654,44.7272968157122,55.043038794712054,1423,606,522,1474,978,606,23.37370947943188,92.94303610041405,0,0,0,0,0,FTP-Patator
135.45426943478148,7.2376393194122475,12.208542165123271,1120,1002,959,1450,1308,918,18.414706478471686,7.223067331364996,1,1,1,0,1,BENIGN
35639.0023911207,95.41316415710726,11.26978604383252,1070,447,1371,389,308,903,74.56668371560484,1.501972807401375,1,1,1,1,0,BENIGN
103975.50865605174,22.325540106936092,7.231057477279146,190,542,909,333,732,427,77.99463830013141,82.29350614727406,1,1,1,0,1,DDoS
365716.545428518,92.23077754835847,74.37673473735441,139,948,450,1471,535,1138,77.70140130618198,38.66026032540584,0,1,1,1,1,SSH-Patator
187771.49986246912,42.58931550366818,71.18820852292892,614,349,1011,337,375,493,96.90405444141487,27.644924495816102,1,0,0,0,0,BENIGN
2387.77834155165,98.5524133255218,5.843099085457515,1254,851,41,847,498,61,88.42379463340319,188.37384761584187,1,0,1,0,1,DoS Hulk
228829.3749222259,55.40583834602108,56.027007559697296,1363,327,93,1111,635,496,49.78047471785049,34.64806098282446,0,0,0,0,1,BENIGN
152877.26907101524,93.08328641758075,8.46761552426899,924,1309,485,268,141,635,41.49360209091652,97.14680892780079,1,1,0,0,1,PortScan
151583.88483489995,0.5348988694222845,90.37457706089417,1072,1058,516,64,1075,79,91.57685177094618,97.70797745436968,0,1,1,0,0,PortScan
61248.1452856446,74.82388061809002,90.71174191801325,623,622,1173,677,1093,484,61.12252520481467,33.15135265567044,0,1,0,0,1,PortScan
50750.66259951957,90.30506531025154,69.823298981313,1476,487,716,1087,259,1045,29.439866702559524,96.36901182891152,0,0,1,1,0,BENIGN
36084.8969982313,13.972056697895407,92.618892143945,1339,486,498,1293,1316,594,56.44640277151674,29.9863449739617,1,1,0,0,1,BENIGN
6795.219063427086,9.612585173215148,81.14530304136906,1345,144,370,656,377,1347,99.21494226961262,85.44810952670726,0,0,0,1,1,BENIGN
25907.565043302748,42.457260718595556,82.85385759270494,86,755,980,1400,1062,260,84.94700601523623,21.20042091547596,1,1,0,0,1,PortScan
28316.38085009333,93.36789061329351,56.97078505699332,1497,145,698,780,347,128,28.127971605954162,82.64875883719908,1,1,1,0,0,FTP-Patator
66179.7884559367,54.23865601904387,30.60591982161759,281,1020,484,328,827,625,95.2954425917217,35.37303975571834,1,0,1,0,0,BENIGN
137612.38826067158,52.74564637217322,21.779911511642158,763,827,664,517,505,283,98.14621114791159,19.572351994295122,0,1,1,0,1,BENIGN
64209.25886156549,14.112611829932186,32.72000220389292,1097,626,1406,861,381,1070,23.116695941541522,93.47799074236308,0,1,0,0,1,BENIGN
5958.489006248408,0.07895110932187865,62.8495430089062,452,1295,627,420,424,1211,89.55921185013412,21.418433242866985,0,1,0,0,1,PortScan
316509.34043967567,81.01400907454612,17.265653583239892,46,533,731,1336,1459,18,88.3202717698832,99.18352257592417,0,0,0,1,1,BENIGN
285987.9162352044,8.757456298623822,25.864023663732162,1119,629,191,308,321,598,3.9753573234040607,108.57389238848981,1,0,0,1,0,DoS Hulk
153799.92357279177,63.384981873532396,46.80608627954644,937,880,835,813,249,653,66.9689193061687,1.0020783390207288,0,1,1,0,1,BENIGN
474764.4483359943,91.46164545151915,23.305009852461556,30,1118,1244,845,179,762,30.52807130311693,87.0793546077083,0,1,1,1,1,BENIGN
78632.07766462897,20.865191315843102,58.86436697160617,533,1470,1070,961,1003,837,67.46126264918757,58.66044083084812,0,1,1,0,0,SSH-Patator
329059.60797829,66.52728362369108,92.31760284563299,16,414,126,1212,28,1031,91.35586941902434,42.16263020750316,0,0,0,1,1,DDoS
7861.585344916983,7.869857670750946,74.80893657031264,1235,256,726,720,1349,1060,49.877924798951845,8.196392553209419,1,1,1,1,1,BENIGN
45520.289964627686,60.3755143837613,66.64266141489131,1258,1285,1030,1065,737,71,41.441283078865276,57.48925309816939,1,0,0,0,0,BENIGN
25538.432939859107,16.393172095320274,58.27214759837788,391,86,695,589,186,1404,92.15312711874174,39.37255852358995,0,1,0,1,1,FTP-Patator
21794.84245523082,73.5953560515178,48.79479092570649,1006,904,1139,319,54,1289,97.41149177385327,48.362191298868275,1,1,0,0,1,BENIGN
15175.6987371085,30.12312947939082,18.656385963465972,353,1459,563,1010,877,1090,6.223632779380273,63.039186140220835,0,1,1,0,0,DDoS
97395.5972391981,46.33910088046462,89.47104554268655,304,569,365,444,513,652,92.28480691482073,63.993360563056314,0,0,0,1,1,BENIGN
152015.429112316,59.94305420276217,24.853600201283633,508,741,1069,1397,1433,63,8.276853352188883,96.05992413530393,0,1,0,0,1,Bot
86345.73226958267,17.12734106662396,9.130887757816076,711,107,392,285,16,29,33.72862133835896,65.50534134393448,0,1,1,1,0,BENIGN
15895.201566782516,74.16378186176209,75.00151792286952,1418,1042,953,170,87,556,76.25741224303268,33.94041401822309,1,0,0,0,0,BENIGN
166666.33458146543,30.264034063681457,17.56155343311664,1454,1388,22,262,1246,645,77.70369819396953,32.96328277650784,0,1,0,1,0,PortScan
101047.6988217397,66.23718599127535,37.189599954117604,684,1402,1154,941,1081,1039,72.58218906791663,47.71609529076524,0,1,1,1,1,BENIGN
49129.379477778086,15.828305069937365,2.8284928290979727,785,159,1150,141,703,277,3.9112488061068373,25.932769986818304,1,1,0,1,0,BENIGN
112125.7657067068,68.81176592063503,13.706794254044807,856,99,444,1171,724,276,13.296604802409329,37.64389781262889,0,0,0,0,1,BENIGN
30097.66945987171,12.818807281046174,17.320363075991207,176,264,776,1463,1253,220,93.62164982197486,842.1127719298338,0,1,1,1,1,DoS Hulk
42341.35344939629,42.535649626998364,5.441012775017795,1429,749,1332,627,1177,1216,8.146138839589078,85.97616028671972,1,1,0,1,0,BENIGN
249478.54019627048,24.72060737388768,65.66569566228452,300,1072,707,592,1296,669,7.854591697311664,62.77924782003404,1,0,0,0,0,BENIGN
34320.1132890464,74.83752494281826,83.70077958031172,444,676,432,415,1069,1047,83.56459377578702,58.28409419940833,1,0,1,1,0,BENIGN
63485.61371298942,26.203500450687457,37.3315406365941,1150,798,472,24,894,831,64.12657532228862,427.0998317335292,1,1,0,1,0,DoS Hulk
220855.88042617505,88.17173063953962,87.45764767182007,1372,1438,47,626,451,140,35.165605584517955,63.58989155688466,0,0,0,0,1,FTP-Patator
123004.76518437322,89.18202114066128,21.33465745601265,20,1082,1105,93,1329,733,16.57104870716264,80.605334573149,0,1,0,1,1,BENIGN
6422.201247407274,19.644131522278585,32.53904235612395,1015,182,1132,304,426,25,88.41704198928149,73.78470579089803,0,0,0,1,1,BENIGN
15935.106340465576,61.38459450077243,15.07369930311684,710,658,262,184,117,97,98.85377576285121,35.45951567768591,0,1,1,0,0,DoS Hulk
787.2497723973614,8.771764171996432,62.05591954189986,700,1470,1054,282,687,275,4.9971728442829155,73.11299986056335,1,0,1,0,0,BENIGN
99674.67068014915,39.15370996016292,41.986959087030684,1443,1324,357,1178,1021,572,55.41133820902018,71.99476671750017,1,1,1,0,1,PortScan
59361.578701023376,71.33217295012723,61.32833468418987,151,607,567,685,579,891,26.130358490581507,9.89905366887026,0,1,1,1,0,BENIGN
14418.78005901035,65.94232468499163,76.16749053941835,1183,1377,479,862,250,1266,83.2386833549704,15.024736458912614,1,0,1,0,1,BENIGN
316851.83433152223,62.47006694066079,54.570301603294844,858,1236,866,684,402,432,34.60730917748057,78.7908511180327,1,0,0,0,0,BENIGN
75429.88546284627,28.25408636624436,62.76303549017879,1466,1212,1212,665,920,8,71.46292891863398,55.89895782466019,0,0,0,0,0,BENIGN
27693.113030920475,37.8024949434402,93.52503143943329,95,642,1028,1037,199,895,53.95234215262771,82.16289905856623,0,1,0,1,0,PortScan
69435.50520525155,10.294614470028618,29.90643096088431,1375,346,1309,889,1169,868,54.15233815949703,18.474413490598362,1,1,0,0,0,PortScan
113824.85262732563,71.9022820433601,35.916393863395314,1098,811,1417,815,1074,932,85.79994311804214,3.061476470633684,1,1,1,0,1,BENIGN
7930.213477005081,50.38887967912735,71.77033617093369,877,800,1478,340,913,271,47.04044259245642,161.94175467117867,1,1,0,0,0,DoS Hulk
32117.51765850929,70.87656323456545,61.13055170553867,639,1160,707,603,1391,31,84.55995341444806,45.25700452830191,0,1,1,1,1,BENIGN
164488.6302350852,24.894352479687278,17.853290453971482,1382,1053,425,733,319,851,36.34268280375754,52.32927556099016,0,1,0,0,0,PortScan
61556.57215573472,32.443822863506625,37.614731001049016,1156,145,1050,1496,198,604,17.478294246430504,85.77011220526667,1,0,1,0,0,BENIGN
79093.01276058036,33.42153372601147,46.783801312471496,399,1491,126,818,1464,1151,45.54773776566151,71.62005298520636,1,1,0,1,1,BENIGN
56707.15168023112,2.57424097472162,41.93898379683893,1162,502,134,906,144,16,49.83557813770222,99.03906405290796,0,0,1,1,0,FTP-Patator
4489.270890015703,34.10478728306236,17.827480832204078,245,798,330,1131,1082,1496,47.83831976377915,7.871959137536388,1,0,1,0,1,BENIGN
18122.189742519364,80.33045735180335,92.44300917842622,1314,967,391,1354,142,300,80.83304118792822,130.22107253992132,1,0,1,0,0,DoS Hulk
58976.35674222761,89.72984957497385,76.23187616939758,111,1214,7,539,1246,41,56.46789414600971,8.435559382056967,1,0,0,1,0,DDoS
23469.1808249024,51.821831563592745,48.13558321078523,1193,470,612,438,1123,51,88.84440717588029,538.4580465781378,1,1,0,0,1,DoS Hulk
5127.121953612685,45.55016952192202,68.00610283068366,1263,689,1284,987,1049,187,51.41854949159421,26.686077080632597,0,0,1,0,0,BENIGN
185565.60463874307,3.0824618699370254,89.72826721355219,1360,1368,1222,665,1455,150,22.471508288200425,68.36329400971047,0,1,1,1,1,BENIGN
397350.11031952396,87.92043375853827,13.61741423615712,1161,0,597,383,525,1267,12.949584026275263,13.269088845665532,1,0,0,0,0,FTP-Patator
157572.69365677424,1.3010213425872719,25.03730507069777,1259,109,385,581,121,1150,86.83628209446209,10.31913995621263,0,1,1,1,0,BENIGN
192267.6602269478,94.47500802102118,54.2701247256645,793,893,471,159,1488,408,5.617279890221171,46.01654699929478,0,1,0,1,1,Bot
27704.172270921135,48.92162486880907,79.90103713523587,1026,1087,178,431,264,343,11.760961191976227,37.58983532633239,1,1,1,0,1,PortScan
323467.43548587884,34.19344935747266,3.625489544152738,115,755,449,1419,1030,590,6.365851891764107,82.9164915995099,0,1,0,1,0,BENIGN
21930.804684137824,92.421843484266,98.40181501963605,1495,52,1263,614,730,1121,42.37341971818203,83.75540750429987,1,1,1,1,1,BENIGN
302474.53182020516,2.4390993110096737,45.49066028823972,1154,261,814,487,1243,1091,53.26156163935934,11.742866787347516,1,0,1,0,0,BENIGN
526281.3931989295,58.14248948690871,35.9231140621723,933,1325,1206,1212,395,845,1.9874731022600733,81.23227798420454,0,0,1,0,1,BENIGN
124383.2781684682,54.89325244993376,29.272443783977188,1424,885,357,1441,912,899,51.55861668916043,56.416498237862115,1,1,1,1,1,PortScan
397090.9889426446,21.932040121138208,17.435670765087163,1224,233,375,342,1480,27,39.3759471290626,50.355827387670004,0,1,0,1,0,PortScan
84290.03625594062,42.88874313502106,79.15739089300278,291,72,701,1384,107,1052,77.3645182455898,94.76337624461472,1,0,0,0,1,DoS Hulk
30048.60724923195,65.22640059437703,95.54141647460965,341,1380,837,108,858,633,82.99566217462232,73.96307689945837,1,1,0,0,0,Web Attack - Brute Force
57446.834299280956,72.71311968819275,41.36447548453982,1014,950,537,848,635,211,68.49674363862054,5.963378239739603,1,1,0,1,1,SSH-Patator
90032.12637616177,0.07168587065797816,95.24206947534563,1239,483,781,300,1483,687,47.349553531662394,27.769176964959996,0,1,1,0,0,BENIGN
7588.9702213843875,93.68534300910153,82.37976154350342,584,1029,81,1391,932,71,21.61485950419881,9.54315347640231,1,1,0,1,0,BENIGN
97376.9603394951,16.45253723928124,48.10511274763183,1389,876,1381,1278,768,109,84.71148673025601,53.07676098409237,0,1,0,0,0,BENIGN
397272.02078753884,23.35804342223592,67.40261791261327,1492,858,184,1339,1032,1136,34.166914004441686,64.52300587095922,1,1,0,1,1,DDoS
21085.39411153337,26.347344569384823,43.4984179170463,1441,136,287,704,1390,1420,35.62918871949492,89.08551464804248,1,1,1,1,0,BENIGN
157308.2436156245,3.782013655203531,55.87234082125524,26,778,1085,1094,1148,231,91.60115471870448,73.38719209962635,1,0,0,1,0,BENIGN
238486.72389512573,12.305212359032492,5.804633701850381,454,1427,882,268,1185,42,97.5597255597913,96.11043989137667,1,1,0,0,0,PortScan
287708.9035892496,98.63499229441621,69.62634753005331,917,627,506,1232,35,264,89.81309563845042,760.9498328844452,1,1,0,1,0,DoS Hulk
322227.16944481985,31.521673737728605,5.282464448413671,579,554,1485,477,1027,45,99.82347235610811,29.807310329245173,0,0,0,0,0,SSH-Patator
73701.47220569543,11.530109033904933,81.70849469196494,13,742,29,175,412,1248,86.89088439014773,54.758481056316555,1,0,1,0,0,BENIGN
378573.8784859356,10.699126117462331,82.49469294605575,97,569,935,238,1110,1124,70.43575176200818,45.79396393200158,1,0,0,1,0,SSH-Patator
141597.12237241736,71.94599676699718,23.70772875562146,278,1229,30,892,482,1304,29.381939957147285,56.59687236373444,0,0,1,0,1,BENIGN
17634.517448085626,85.45686640326409,32.36627810358003,489,409,1316,609,911,237,95.29570488998762,57.20893394123924,1,1,0,0,0,Bot
64798.28321383203,25.695229950846986,48.13103785582933,984,1059,1196,858,602,600,87.66268316137537,70.21010854690262,0,0,1,1,0,BENIGN
126702.32789212519,2.090951233523497,59.66629069324815,960,229,1151,1465,1081,1269,24.07467924156532,8.304381464556432,0,0,1,1,0,DDoS
28414.20999797959,22.30900184453558,28.735366174199672,623,1250,85,491,1163,690,48.91624732418269,74.67451288817513,0,1,0,0,1,FTP-Patator
102336.15524613528,5.651569079675733,59.2486404631925,206,261,1338,98,171,975,7.005566062555014,143.74361323325724,0,0,0,1,0,DoS Hulk
109841.37455189628,10.339493663004152,29.778707322929886,1256,1154,27,328,259,742,95.33088632672171,2.620730492001555,0,1,0,1,1,PortScan
17757.254379850958,43.15081198476424,5.549072107106068,596,891,121,1349,24,1122,57.27683277214559,51.89055419614622,0,1,1,1,0,SSH-Patator
83260.5387708658,22.991837086163258,0.25275498319089484,694,447,1274,444,197,726,24.520054592816543,58.14769606621968,0,1,1,0,0,BENIGN
147677.46320413958,51.59458785254234,10.11510579184286,1262,185,572,997,578,199,29.239931362387573,3.4851070117028926,0,0,0,1,0,BENIGN
69094.0945159936,25.349375325719038,79.22507001640182,249,1209,402,294,422,1012,98.06563726298596,51.537111478002295,0,1,1,0,0,Bot
1217.6955887700333,94.05373011029477,96.14313123833371,739,1297,682,441,1141,1279,61.56142918041977,534.5702083654717,0,1,0,1,1,DoS Hulk
907.9563850904285,90.59439679262645,42.696619928121926,305,351,1466,794,791,436,42.068312410640374,5.249490126498113,0,1,0,0,0,Bot
44165.619182010676,56.6806105010466,51.268395344994275,1486,1436,271,890,5,493,49.98454617855381,711.5852851146759,0,0,0,1,1,DoS Hulk
260631.61770524018,35.44239919873861,14.684816907342613,1259,1174,836,30,1120,1459,9.855007237734338,21.028970178438733,1,1,0,1,1,PortScan
25964.777096391696,38.114688203473555,55.1031352680157,1314,383,112,1154,71,706,7.5022760072876,79.44592138252959,1,1,0,0,1,BENIGN
100611.612505522,41.185228314449695,14.465490200697683,1062,1059,1417,437,928,23,59.27077433003849,31.082212979989198,1,1,1,1,1,BENIGN
25112.62797305097,72.7579322134944,61.12143311988301,997,325,18,1349,431,1386,51.200403644031645,47.789253146421686,0,1,1,1,1,PortScan
38812.13685465557,45.16389955188379,93.32586675808538,717,464,604,1290,962,269,35.915319130344116,89.18508794188669,0,0,0,1,0,BENIGN
188415.17017541252,85.67299465058974,19.56985393030396,182,465,464,285,379,789,56.61139525113646,80.61794668525476,1,0,1,1,1,BENIGN
130512.53056263972,94.40947859303645,76.4563718057102,644,1118,690,290,549,737,7.267594943717226,78.18635785854552,0,0,1,0,0,SSH-Patator
10026.162303666899,33.59461533789339,2.3502422818324042,29,1157,1010,367,807,1251,94.39911714315463,16.043419761542154,0,0,1,1,1,BENIGN
55984.43507801786,56.06944813756801,37.5497241321621,1411,161,1214,485,55,127,29.371168778422184,4.814238669960879,1,0,0,0,1,BENIGN
2960.3659802252137,9.505653683256444,11.074850783050906,766,555,1013,554,614,542,7.177879067199888,60.57589506806041,0,0,0,0,1,BENIGN
65563.97546358057,20.0469047766359,35.24754415956994,1166,299,162,167,1126,1081,16.950427257410404,41.06916424888478,1,1,0,0,1,BENIGN
108599.42668955456,41.34657667101601,17.353691963888352,614,355,698,1494,215,324,9.547391448251686,90.9077276430474,1,0,1,1,0,Web Attack - Brute Force
12613.325343695842,20.620271590177886,37.33049901228874,1442,1263,294,1193,20,658,17.860450435968122,34.95932635631019,0,1,1,1,0,PortScan
34092.10323270345,87.65604907887176,41.75228061075303,1004,563,578,770,209,1129,41.67540548266119,41.05483509979223,0,0,0,0,0,BENIGN
50722.648428285036,15.828625605909806,30.05911227809184,73,792,1096,1369,290,1460,73.80508939355208,52.600054304891955,0,1,1,0,0,BENIGN
251988.356829711,45.566082155309196,65.66219494731291,1078,1022,700,77,714,84,27.234834745503978,79.64006656321119,1,1,1,0,1,FTP-Patator
499895.6075902351,60.56992404598757,91.88520512589096,961,585,1332,850,834,1025,43.59266219416439,268.2990541008025,0,1,0,1,0,DoS Hulk
4595.106218168274,69.18639081608444,40.059537410527234,23,749,301,1108,187,1460,92.87572878882364,94.18206571623742,0,1,1,0,0,BENIGN
143132.48803005746,38.306936972650675,19.234315647502143,1045,1190,1331,891,1174,450,29.582173932597545,53.99211127215382,0,1,1,1,0,BENIGN
46477.5824305489,86.90990687247286,27.072275819598335,427,139,123,660,190,1464,79.47197532647098,84.09772611744091,1,1,1,0,1,BENIGN
49833.42768841731,56.831915107792554,85.4000823496369,1055,1162,668,1224,406,1245,15.781687248236642,52.56184834560188,0,1,0,1,0,SSH-Patator
140350.1450995342,43.95077804475518,57.16397232701479,862,234,1284,588,213,993,17.83217462572476,77.19931957400134,0,1,0,0,1,PortScan
250624.99928371725,6.724063405203662,45.501103230695726,338,1026,194,1384,553,1048,45.61528734762656,5.142075248429467,1,0,1,1,0,BENIGN
301447.8786587206,46.4689468445165,14.96367215089267,511,255,841,761,959,1058,23.410225046638633,79.92124816830136,0,0,1,1,0,BENIGN
86067.29434454638,82.07358408157303,44.9727308323782,1093,370,350,564,1217,668,90.30280737942601,52.395942980994235,0,0,1,1,0,BENIGN
44179.9000649414,61.45410182213155,27.849200335738665,671,277,488,811,1273,971,5.075229112347779,44.94155881865826,1,0,1,0,0,BENIGN
154904.43095770988,83.21624537291183,94.31631278533492,1111,515,199,301,592,342,59.72725661438396,11.160966661186789,0,1,1,1,1,BENIGN
28901.814227877283,49.401167059930565,88.40701094157313,876,903,883,292,40,987,60.422939614951986,74.1562538908513,0,0,1,0,1,BENIGN
83028.28409517735,11.846170509448184,8.3902541828198,570,1235,507,293,369,1389,6.602592751944769,13.116365250413885,0,0,1,1,1,Bot
44406.841187665355,1.363984583588107,51.66534892612429,763,1239,897,108,19,1359,73.25642148708913,19.231781280399307,1,0,1,1,0,SSH-Patator
106894.98229877939,30.321954671859118,22.505834551467206,1242,269,445,364,1032,1456,46.8897544512196,12.642325570964829,1,0,0,1,0,BENIGN
27496.186888850967,69.79904714977924,41.07770895242906,712,475,79,599,824,951,72.30733734948085,0.6575607713656173,1,0,0,1,1,BENIGN
21268.95672844426,79.02599039416938,87.68479982514565,588,927,744,677,1226,456,82.692498593507,66.19137800671837,1,1,1,0,0,PortScan
250395.59817896868,29.575283462032942,52.751451988854484,766,63,697,1290,17,898,32.28993519906938,27.08440447716065,0,0,1,1,1,BENIGN
10736.66187037918,49.565392088324714,33.42152933707598,1293,459,1492,92,747,397,48.44858829354877,14.947045919080127,1,1,1,0,0,BENIGN
70513.45584098177,42.111890443408164,20.788835410499708,818,1039,1465,1087,318,898,26.076077976801137,31.997248251433263,0,1,0,1,1,BENIGN
24955.52688905251,41.05227843514279,80.03248594064893,77,563,930,427,860,342,20.151346352233503,49.90846915466772,0,1,1,1,1,BENIGN
3970.799371386665,23.134871320015048,62.451801536434715,9,1042,653,637,967,1303,0.05947580426574062,50.34125208842861,0,0,1,0,1,BENIGN
3668.35056113271,13.637110502945838,46.80654604262312,1491,1348,901,367,1305,1375,96.36315120798373,36.71960083319594,0,1,1,0,0,FTP-Patator
19264.074345832687,19.668855823121312,21.748435386297803,1359,907,271,104,1499,812,44.092846932964825,49.4932271041429,1,0,0,0,0,BENIGN
201568.09818707226,5.53323871633461,33.424637415713136,635,92,1366,208,251,1220,1.3069773058874024,42.734145779499414,0,0,0,0,0,BENIGN
33195.27066680494,19.813074182357703,95.98434267385186,1209,772,123,1011,339,1248,0.8938577568048167,82.26652469844858,1,0,1,0,0,BENIGN
300495.81125357596,0.9200897625379456,52.00899376058344,1144,809,1246,473,750,939,28.835256855119507,2.9613967491181947,1,1,1,0,1,BENIGN
87137.06491738638,62.72584006359783,40.069928124325294,591,1040,685,1084,967,46,1.3937678710118417,86.80301333230469,1,0,1,0,0,BENIGN
57379.06098150877,31.637540738768287,52.14220423483239,717,839,651,1369,461,1208,37.45146176585483,24.391525567862537,0,1,0,0,1,PortScan
86771.21011941033,97.31447114269086,77.89885058996087,564,487,296,11,630,914,6.293850143894786,72.17822150362505,1,1,0,1,0,BENIGN
72711.43589950865,19.371705077629787,34.010893650286874,1297,1117,1142,465,400,161,3.925159115030974,40.50396163405059,0,1,1,0,1,SSH-Patator
142203.03685493482,34.58285703095939,17.870612093260885,409,1033,786,648,370,294,66.938139407455,29.433296450478608,0,1,1,1,1,PortScan
33197.68483987264,35.78411586415332,58.49361183390478,357,748,1099,1218,281,91,90.68412894428846,61.53473729998845,1,1,0,0,0,DDoS
43548.68725226266,0.845149606246054,66.52041034810672,97,527,620,1097,389,1191,40.93865833022793,76.88844188631043,0,1,0,0,0,BENIGN
224520.62273805207,83.9207953039459,71.27180029585496,1006,1167,972,874,336,1281,83.67704302759326,44.99364531036038,1,1,0,0,1,BENIGN
292726.11169441504,3.199446014432472,88.19875907661296,240,553,880,385,1368,749,2.926546113574713,46.6553843065481,0,0,1,0,1,BENIGN
223080.62291973073,94.01798347292414,37.11741206891131,556,514,1281,1159,272,556,77.76900559701825,5.885648476767946,0,1,0,1,0,BENIGN
54377.5893497494,89.20743510936207,7.53548962288918,710,1493,350,883,1276,308,6.279999232289091,92.39959806278438,0,0,0,0,1,BENIGN
151579.04915515272,53.55219160859635,95.83485836309423,1137,376,1300,554,1019,1152,83.84394231973516,84.68966964462588,0,0,0,0,1,Web Attack - Brute Force
64690.451241168164,54.35955749112921,43.50119274374752,1264,483,254,1459,639,568,88.2366344872064,39.79927875424357,1,0,1,0,1,DDoS
68823.89499473695,65.37779229561563,62.325750967313134,155,451,1287,1062,1397,1184,78.59738423823143,76.49506131605584,1,0,1,0,0,BENIGN
22901.08667160451,38.7050011934887,66.63053231282923,351,786,678,653,817,175,82.0749024411289,31.32791757084592,1,0,1,0,0,Bot
89435.87635739941,64.72222833978554,54.65137087012035,43,1098,28,1343,5,1311,56.14845663323189,73.04217930127749,0,1,0,0,0,BENIGN
20596.18774743308,4.476838868848687,20.52575297362701,591,1063,466,864,1437,972,26.488494258265195,51.669171656406036,0,0,0,1,1,BENIGN
40281.566957291834,5.404762734972657,75.51430501161414,1335,301,1058,988,585,1428,64.32310026609667,46.076672221975144,0,0,1,0,1,BENIGN
193122.9845290355,45.723041961954436,80.37519743040816,137,1085,748,352,1079,937,43.95416490763614,5.6522997258114716,1,0,0,1,0,BENIGN
23202.765991310305,54.96223011060349,55.29755860174398,435,998,1317,513,1421,1363,0.5336560919045996,96.54219218088629,1,1,1,1,0,BENIGN
7381.693700302627,88.7817640335819,48.856116058484155,753,1268,601,1439,821,1018,47.6825706434835,83.74089698784204,1,0,0,0,0,BENIGN
7150.415706895463,10.466063390789627,11.393818312798532,142,17,1226,803,237,1291,65.11879245505455,79.33880679864465,1,1,1,0,1,BENIGN
282657.2293283546,82.26479271938894,8.395166149978383,1023,397,739,1393,489,217,1.388365969132077,30.491619765372423,1,1,1,0,0,BENIGN
70708.47345157995,21.004733729206958,33.956484556352876,1322,1006,930,342,1045,812,62.136033610815765,28.959018442373363,0,1,1,1,0,BENIGN
52663.674980166375,39.408364851003185,31.084615551739326,261,593,1091,1348,440,163,65.25319062168563,57.31930965946492,1,0,0,0,1,BENIGN
166536.6041661833,31.66024348274129,95.36564509632713,511,188,130,1390,1064,1414,15.810757823889677,84.62231962261487,0,0,1,1,1,BENIGN
180682.79988809695,40.0155272865399,78.36227424434298,672,103,110,335,857,1440,43.107418515650956,93.46284061686524,1,0,1,0,1,BENIGN
40375.31240628876,15.049549807258556,65.99242952590599,61,1367,523,1319,257,47,96.43326008891326,26.892902600780555,0,1,0,0,0,BENIGN
118292.27771663488,50.357007440355495,51.7648089017605,1446,1394,1311,23,1474,1217,88.41892277997825,607.4148003194174,0,0,0,1,1,DoS Hulk
147456.9733059262,80.16425898313673,16.736753072665135,1419,32,686,884,47,800,41.08214228582527,72.39027998934652,1,0,0,0,0,BENIGN
106319.88723472206,44.153401037889694,97.84566721842839,30,748,830,1465,502,717,34.984626802415555,22.639214518322394,0,1,0,0,1,BENIGN
16439.725102804932,49.061357589819906,37.504069824021,1353,373,665,103,138,83,12.408068097685598,40.74686302224243,0,0,1,0,1,Bot
208653.1282741948,84.87675852813142,10.692560244724481,948,1201,1066,1435,1225,612,3.5189084540159787,18.74742737136407,0,1,1,1,0,BENIGN
77456.23605709238,70.60581146380308,49.37988957157461,801,1035,874,573,508,1070,29.746277744207873,69.89050777683342,0,0,1,1,0,BENIGN
33194.39019404437,49.04544085197847,87.39980116130832,1192,740,1317,774,653,233,94.02833470822384,86.37851365451978,0,0,0,1,0,BENIGN
55378.216118776814,25.769564818917967,88.72910017773295,265,889,284,1317,1309,961,95.86134513336673,877.534354551655,0,1,1,1,1,DoS Hulk
3829.5075702702275,88.49267468449666,1.0965916056447256,307,455,822,886,1256,1322,81.25193405762762,67.0088870492707,0,1,0,0,1,FTP-Patator
13681.3115846664,57.702040169055834,88.62957447513998,458,248,563,242,1339,847,35.08248135198595,34.71523601743633,0,0,1,1,1,BENIGN
145049.90735121403,22.11476101106934,27.14842174998585,1208,447,18,341,460,146,14.36264328821112,66.10403768542544,0,0,0,1,0,BENIGN
1.1634823050432324,26.911975263801036,3.8972363968423074,333,1017,546,632,669,195,59.55334756056793,86.42667271708186,1,0,0,0,0,BENIGN
53882.3650213271,80.3133088936246,84.77902703628743,514,979,47,864,1344,905,64.65050072061814,62.585583393578325,1,1,0,1,1,BENIGN
73921.2440933873,4.414556208745546,86.38667559882083,440,1027,218,172,1198,1013,42.45735692456041,41.289194029586554,0,0,0,0,1,SSH-Patator
5618.3569156496915,99.20921870288201,59.623107984235006,672,1259,765,1439,1062,1045,69.16467955586403,91.98027507189988,1,0,0,0,1,BENIGN
361481.75362787757,13.035167971479177,57.44337572963584,390,172,1211,102,432,1217,74.66818856517354,83.52165932694264,0,1,1,1,1,BENIGN
25634.53451831128,79.60685253969373,81.31202726214194,934,1345,30,159,484,385,78.306166357478,88.24352402478118,1,0,0,0,0,BENIGN
36269.11761341702,39.47753167716829,78.63095527102799,559,370,258,1280,1081,363,50.22981113575072,90.31920210402944,1,0,0,1,0,BENIGN
36232.30247239586,49.221618328746686,89.0105473442704,253,790,1367,713,495,273,79.16407775597334,39.381230766031315,1,0,1,0,1,BENIGN
26190.603022539464,88.06505774645778,55.27474475967035,1358,748,307,556,874,1407,2.5476426269456787,859.6390075073351,1,1,0,1,0,DoS Hulk
147.4909230385058,41.291118958921324,96.76470927328087,1423,786,1094,575,600,207,68.04043667388696,57.03496712466978,1,0,1,1,0,BENIGN
130690.95710746874,53.74937536732345,99.61468309333384,1189,1319,306,195,1157,274,23.563395705047984,3.8158973554040077,0,1,1,0,1,BENIGN
340657.6818902749,4.929966240916994,11.65446099986326,1283,839,567,988,654,1006,27.052029168765323,63.58363565201176,0,0,0,1,1,BENIGN
25398.1030444211,0.23474738674531537,84.9543759554122,1027,399,1122,1414,606,495,9.130170660673231,47.06189242944953,0,1,1,1,1,PortScan
108781.23934605872,24.47998730017259,49.982225774858904,118,1081,20,933,155,901,19.23922635931793,27.515465918729742,0,1,0,1,0,BENIGN
135439.3941280624,68.05830929187672,38.75663382998321,995,547,1029,69,200,158,99.2008233002003,97.03831400470395,0,1,0,1,0,BENIGN
188667.72280370348,12.126489335913671,61.3072309882715,469,407,230,842,1021,939,41.53901305634753,5.507085829297409,0,1,0,0,0,BENIGN
54927.05793872256,11.376195880454942,5.596555726200703,1493,640,81,246,498,459,92.77653986886854,94.58773907070665,1,1,1,1,0,BENIGN
36087.07420593492,41.096060803590326,50.64611187670799,784,63,957,328,1425,393,16.289952819279808,15.926706063463813,0,1,0,0,1,FTP-Patator
39347.99193146354,64.78370386082265,87.08905700266666,1093,573,216,157,487,916,20.405884209851955,37.69881793005322,0,0,1,0,1,BENIGN
124695.45359924232,71.20719922479304,21.34615161389688,693,419,334,917,159,942,55.78133538150713,41.72351754193493,1,1,0,0,1,BENIGN
169706.4750630053,17.84506740983748,42.63898947694251,864,145,558,697,1234,438,34.95325408790825,73.10205186608138,1,0,0,1,1,Web Attack - Brute Force
20042.113164163984,7.958814737204245,93.94808877148755,775,1295,863,742,1476,1402,64.3915208574796,21.560920873670455,1,0,0,0,1,BENIGN
46353.023996678035,94.03970339455442,42.85638378056973,1393,16,873,584,1093,163,42.20465757204303,98.61018432275392,1,1,0,1,1,PortScan
232217.77491770327,26.066638256210172,35.836763233239836,180,97,752,54,830,638,81.15972374654619,749.0118527640229,0,0,1,0,1,DoS Hulk
164347.83687293707,85.33464976087238,44.05366481233782,1028,451,593,485,971,1353,43.15590711710837,78.99526383470547,0,0,0,0,0,BENIGN
419030.9538682376,86.34914504628183,51.945276651755634,1220,974,703,1266,1337,569,57.23491824382639,10.642877271489448,1,0,0,1,1,BENIGN
140343.3438320041,77.25225917625444,63.199134413146886,46,897,924,1376,430,146,32.10732000237287,47.631200950945015,0,1,0,0,0,Bot
49954.81228836644,16.88336066525701,80.06928009167311,633,1015,552,409,1405,982,70.4040987438654,94.56093504782889,0,0,0,1,0,BENIGN
89315.5023299958,82.18014592542004,45.210220576431425,1163,1266,1482,959,1190,959,65.47342089657141,27.00660715518065,0,0,0,1,1,BENIGN
108179.72204129242,76.92505592415867,81.74809350901403,1450,478,782,904,1414,767,39.70010327740577,14.53836549508597,1,0,0,1,0,BENIGN
8170.455545483112,59.67229901062171,53.372066135208065,588,200,86,726,1342,109,27.603210279059653,48.539445976418826,1,1,1,0,0,BENIGN
78635.28863524106,33.720203516895275,33.84805103679776,309,1496,512,1038,116,393,61.4104374820299,93.03930696512083,1,1,1,1,0,BENIGN
123553.51233568277,26.25086042665441,65.79508281194141,273,178,983,146,696,1205,94.31516492110077,48.679062443062726,0,0,1,1,0,BENIGN
18310.743031294467,12.188921208035897,71.77222547434914,839,507,1008,1048,202,442,13.264302402660155,40.483430291965895,1,0,0,1,1,BENIGN
151700.33059741117,50.975706690087144,55.80489756294875,1413,452,586,332,1185,746,79.91166183455604,65.02724367137766,1,1,0,0,0,BENIGN
87652.39671469427,58.52608755098465,5.661497313472341,458,269,497,1197,961,753,54.29917728080906,93.68839988505513,1,0,0,1,1,BENIGN
304118.5511110514,35.93389905157872,16.98828751608249,732,1257,906,289,461,129,52.55596951738591,4.905744920406607,0,0,1,1,0,BENIGN
4334.84105221125,47.53590676808685,28.52977208902282,360,485,955,569,943,1426,96.16841475759792,15.33955454766912,1,1,1,0,0,BENIGN
30832.8602809438,36.35144573692667,28.26256059514931,1017,577,742,790,699,504,60.58747975685568,13.275431004426041,1,0,0,0,1,BENIGN
92018.29951622438,64.10060573207012,67.34208002468705,1092,337,448,1168,200,719,83.0517827748518,8.533298229916564,0,0,1,1,1,BENIGN
35177.256910463526,90.12592077965633,1.8348661673632582,661,860,587,908,1254,21,51.447724887569656,30.210608064839583,0,0,1,1,0,BENIGN
125324.7660188759,16.39202620469449,75.56817770495199,698,756,259,1145,515,1040,24.985336725508933,22.930903312031003,0,1,0,1,1,BENIGN
142298.02649098478,38.14088099031234,26.534247480693317,1454,756,1223,26,1229,874,69.44902714581096,54.86912662093353,0,1,0,1,1,PortScan
10815.994603859408,14.08686039508613,31.00218462161024,884,1471,462,1089,1354,830,92.3176904444004,32.72894217257033,0,1,1,1,1,BENIGN
72124.72435450759,62.4943770407832,52.79098279439243,757,583,93,1124,605,633,84.12300956100755,40.520786145787625,1,1,1,0,1,BENIGN
71108.82749898155,72.88705094885958,21.592560093895752,1055,1380,1020,925,743,281,19.836360624008464,94.18646904998126,1,0,0,0,1,Web Attack - Brute Force
46089.44761872567,93.19127325974559,88.44713135755275,620,1072,1375,387,874,1250,31.688911906215022,15.565564126940624,1,1,1,1,0,BENIGN
270194.18337671756,27.887192626096493,8.536877932656529,181,345,1131,1117,346,1443,51.68806739736777,38.845732679480214,0,1,1,1,1,BENIGN
175739.46801280818,95.02112058654302,44.43823623010649,685,701,354,1090,348,372,57.16032952360652,25.70818405187818,0,1,0,1,0,Bot
119471.37417483797,6.32626718206748,84.942226945489,680,292,468,249,1183,1324,19.381411445852827,54.91659823577522,0,0,0,1,0,BENIGN
125290.62038255496,60.30138633645882,61.58438944212358,247,1173,94,141,1275,1008,23.00123400151646,73.63362265466444,0,0,1,0,0,FTP-Patator
61936.92442292759,5.713271934332997,29.232951584263343,619,795,867,266,1245,285,75.88310690354363,81.6987873417865,0,1,1,1,1,BENIGN
253823.80757120377,89.37741877619449,42.07602077764607,1320,1021,90,214,857,1139,73.03174167149425,51.52966945173656,1,0,0,1,0,DDoS
118611.7913334209,52.98090570700541,70.66943803425147,29,1283,1067,488,393,1172,83.92088146288911,85.49165915269425,1,1,0,0,1,BENIGN
130556.65773552831,66.93483507627961,97.32607433638994,1325,1345,1479,495,1419,403,93.29298072802311,78.50755078773174,1,0,0,1,1,FTP-Patator
197826.42708715718,83.15739259104525,89.31387183794335,1499,76,954,479,993,89,30.82611189026917,15.700406143373847,0,1,1,0,1,BENIGN
32030.387692877448,15.031062248396875,34.24328083823768,872,1133,383,642,977,1142,85.95949565705794,24.542875901999516,1,0,1,1,0,BENIGN
164543.2535124599,3.8591561938133845,99.81978792878576,947,816,22,0,166,695,66.60117912761864,67.1720528333421,0,1,0,1,1,DDoS
21721.193189903326,87.88811459128522,0.3504663531058272,1375,895,22,1032,975,907,95.77704238917994,97.47940197406079,0,0,1,0,0,BENIGN
42364.22441660145,31.49332274589325,2.762975580841509,984,650,1257,840,451,1116,27.20741560234159,37.612970060000016,1,1,1,1,1,PortScan
40888.66362702279,12.897890792716527,82.38405151711939,316,546,310,379,1161,628,26.967150163952557,229.80784064474068,0,1,0,1,0,DoS Hulk
384088.76222526154,46.84612370870865,19.946268683305203,736,1446,1440,843,859,1001,70.42934486927267,86.9129434295579,1,1,1,1,0,PortScan
194167.96763724423,59.83060756960188,6.076926839624086,1420,393,1356,1167,209,446,92.84107740382763,19.961195954288257,0,0,1,0,1,BENIGN
120787.9965984888,3.0970603422510123,23.714807323650223,1112,1258,574,301,767,311,82.45558247864346,69.74082740498616,0,0,1,0,1,FTP-Patator
129849.14234202143,27.489565825708773,42.61001539808602,1257,1353,102,649,213,1341,72.70395577933562,3.4249070355864553,1,1,1,1,1,BENIGN
82570.25796841309,3.2799874276896013,73.05662704334048,167,324,499,1440,1383,120,38.73091980573883,1.898051509790366,0,1,0,0,0,BENIGN
293917.55305092013,42.0335389195499,62.43355265512055,742,150,827,808,1258,316,71.7767334701974,45.15667139441647,1,0,1,1,1,BENIGN
68569.25413210559,89.51000290662444,23.762121756042042,125,878,188,1202,972,137,80.10955764308144,65.65401275499032,1,1,0,0,0,PortScan
47887.11656821708,98.26524114935692,50.32704481005844,572,1055,459,1301,1420,817,75.32856797906044,14.243445395876842,1,1,1,1,0,DDoS
17797.342794015174,63.70475535036275,92.62141053985687,119,271,188,1167,303,1307,67.6810798286123,763.8824530015379,1,1,1,0,0,DoS Hulk
154274.071788312,16.16376937845918,81.50077769837577,1451,835,350,338,1132,390,4.713125169070298,12.873648241197156,1,0,0,1,1,BENIGN
132592.92819722023,90.58493899993057,32.318978483179336,1008,367,580,1482,856,1028,65.97149331148087,53.37078078716747,1,0,1,1,1,BENIGN
48508.48428490842,51.62478232000605,98.22645613556963,1213,1339,113,1354,860,768,47.82946554829104,30.829919227708046,1,0,1,0,1,BENIGN
2551.6200954391074,15.374931210291809,70.86204004351309,1451,589,103,1293,807,366,96.15692715496856,75.22532767832053,1,1,1,1,1,BENIGN
182633.43161106415,92.17266694516614,6.244935566678178,559,587,619,998,1413,840,60.7189883377071,80.4116753563884,1,0,1,0,0,BENIGN
1148.3669104263554,75.7469050723103,3.516071328863868,1225,571,1368,1210,119,491,60.82272562352993,66.09123956247109,0,1,1,0,0,DoS Hulk
121638.20806602378,73.17052727231516,16.840794901002997,1082,1391,1044,665,1233,757,99.40551873697498,19.260456930746493,0,0,1,1,1,BENIGN
351516.5157939812,70.91807037944046,72.78558680501467,696,79,386,1195,426,1489,9.358778978090543,89.26441095693956,0,0,1,1,1,BENIGN
57565.099163695886,20.03398210964423,18.37389258424279,222,1195,943,403,944,1258,27.631628510035288,41.56128366008668,1,1,0,0,0,BENIGN
26784.46810487069,21.100669170752607,51.148676920883354,1034,257,854,1491,329,1385,65.60794389690257,47.673586537304544,0,1,0,1,1,BENIGN
122034.27641197981,68.8292998427255,9.326012018083174,792,278,1232,246,1249,521,31.523625603437466,168.02384166256644,0,1,0,1,0,DoS Hulk
169896.96010093254,21.972275011039688,92.0886157830195,813,503,482,558,634,1265,34.61501479291219,99.48947965009928,0,1,1,1,0,PortScan
79060.63631889006,43.86716968030488,34.396061358356754,309,557,472,777,1170,1465,89.26449397971086,923.047682839326,1,0,0,0,1,DoS Hulk
341231.7236403083,78.20018255939414,90.81320565606308,1011,490,858,110,1363,187,57.935390503979654,0.20246709822436815,0,1,1,0,0,BENIGN
5305.138804256164,78.3952518097841,94.48756419105443,748,565,941,987,563,403,10.28655828041546,55.073468265788506,1,0,1,1,0,Bot
70278.46689285737,45.326177252585964,0.6128647313680791,1057,1360,392,812,179,426,31.08625857326218,87.22673836031547,0,1,0,0,0,BENIGN
126745.92473497782,79.21899382752451,46.4135187198732,1018,520,515,1326,289,412,7.605837649941805,43.05336062339602,1,0,1,0,1,FTP-Patator
198515.3492430679,83.86217961980567,2.4656055706892888,1363,325,1211,929,186,153,55.612993344714525,43.681425857668486,1,0,0,0,0,SSH-Patator
19754.35601599549,65.47757512842603,90.86927663029059,480,1195,345,885,485,202,17.326819637598966,37.934715672628926,0,1,0,1,1,BENIGN
160945.53214040425,22.842585230842015,51.84075447345759,573,83,1375,908,1360,216,85.71151500251062,2.882833515532346,1,1,0,1,0,FTP-Patator
80454.15873998299,27.401178038554754,7.494401269849682,824,840,540,1496,1131,481,57.731402645649986,79.02833358537028,1,1,0,1,1,BENIGN
50509.81935027793,31.484115540873535,11.027672827656687,1116,1441,46,790,1149,1338,5.937564193109468,45.678520339109475,0,0,1,1,0,BENIGN
14123.531011449273,11.6804107733952,38.3509024492739,627,1362,1100,291,772,1024,30.087566362431893,53.10656384037258,0,0,0,0,0,BENIGN
200467.3710604255,27.315962036994513,94.02341928728895,1156,319,342,1275,1057,765,61.63376672361268,25.568511680663843,1,0,0,0,0,BENIGN
17111.246387631098,20.951922431253212,69.29091515680808,843,303,1214,174,1461,502,33.549831819382824,784.1184920668195,1,0,1,1,0,DoS Hulk
37075.627822243245,45.532874980860214,86.76188661891324,988,1295,542,108,1299,798,51.31766685939557,79.3748546704448,0,1,0,1,1,SSH-Patator
34255.44405277208,90.84375478722649,36.64566463399797,418,689,818,961,181,805,90.93622946827357,55.29208168517593,1,1,1,0,0,BENIGN
205115.760370031,10.448031675395807,4.321369954999832,1491,1137,1059,1363,1262,1301,35.00359705062783,90.46279258001638,0,1,0,1,0,PortScan
111688.72457261295,72.02679239473956,97.43176372044141,1467,406,756,847,1371,1217,33.5872862469788,11.588423072664188,1,1,0,1,1,Bot
159298.10583106408,68.72830044131277,1.7172990662369547,29,1049,1447,1037,145,942,81.97568413126987,78.66266646435993,1,0,1,1,0,BENIGN
28830.613219322626,9.575419866335766,94.7651653081089,297,1260,350,692,1067,768,31.875652291676992,55.85841423206646,0,1,0,1,0,BENIGN
98049.35749765662,92.25724049058,36.86774238491447,1084,1333,187,1345,498,761,7.795834414039227,23.101316703644926,0,1,0,1,1,DDoS
84803.8762122536,56.84722021568196,1.009040502188152,457,683,333,963,802,1271,18.09449542374949,13.23037826518949,1,0,1,1,0,BENIGN
178874.62741929173,36.372552113568425,68.91572317245083,303,232,482,42,1318,87,94.8800250796301,30.100704032283833,1,1,0,0,1,PortScan
236538.71012100743,75.65385834953067,98.05403040313541,957,1021,1239,460,530,433,93.32927925777213,856.315918101452,0,1,0,0,0,DoS Hulk
1223.1269408971248,25.736545840163405,96.56257228375925,339,548,1181,1125,210,419,22.48120907781478,78.7619349676136,1,0,1,1,1,BENIGN
112091.9000889536,69.35098370463204,16.093701120241843,447,1288,666,704,892,1276,55.35018730986858,64.51324258180401,0,1,0,1,0,BENIGN
5322.758404622275,3.971120757224722,18.1247806066155,1325,1036,1264,1032,1425,428,13.736810042300284,9.032700778367742,0,0,1,0,1,BENIGN
79597.46073698896,83.9408037609272,56.55389146196601,880,495,295,148,1254,1187,67.46776285115358,95.48306397433038,0,1,1,0,1,BENIGN
33916.1670569886,44.81708470213185,63.73048264283244,539,1339,1485,337,1362,161,18.530579600981067,30.544013237540714,0,0,0,1,1,DDoS
36640.29645294619,63.66929143579417,73.94179136658656,484,617,44,1002,4,506,4.979042292160396,60.69999833450584,0,1,1,1,0,BENIGN
43534.48496791171,22.123781980668365,18.10503604721475,76,847,494,223,310,264,82.48968072087993,80.31018708054341,0,0,0,1,0,BENIGN
97099.10051382612,67.7073712658448,95.90070867644344,514,1005,174,1133,161,109,32.54003827236257,13.285583445875805,1,1,1,0,1,BENIGN
40654.063478283395,77.22402758932766,63.873925628923786,943,383,1003,353,215,899,10.852240356009702,65.21967422558731,0,1,0,1,0,BENIGN
131938.01039927686,47.321318688439874,84.70469188705549,658,1016,1369,1107,785,1342,83.39039508622253,3.229599670421257,1,0,0,1,1,BENIGN
51839.98787738292,61.77269240617943,54.00657152841718,91,641,55,554,835,1155,76.23974775461484,10.178931150434112,1,1,1,0,1,BENIGN
7080.150641358879,45.63259238223986,41.427684758988256,465,315,340,65,1194,1156,68.37584504319682,72.3143634427142,0,0,1,0,0,BENIGN
153136.56485833335,89.40913692578455,97.7182906594996,465,255,1131,1411,251,393,91.12487098445293,15.508215557279414,0,0,0,1,1,BENIGN
33653.38929517138,49.78691805143192,58.212137081983606,1063,440,213,620,1061,619,48.922608687063516,44.35067233053783,1,1,0,1,0,FTP-Patator
56698.49126609429,84.18087090288189,86.68735827991789,689,1138,757,1158,227,683,12.80564975867977,24.833255077736915,1,0,0,0,1,FTP-Patator
115659.27870318257,80.13520582702486,95.329239636629,1352,298,1420,1109,908,551,6.1346409895119525,42.122950866994216,0,0,0,1,0,BENIGN
40415.020869049775,41.050482134835654,67.53546270086592,1308,914,549,83,1301,803,31.844101795965862,7.722024029147089,1,0,1,1,1,BENIGN
5824.970382389809,23.008449185747505,54.8938678518675,946,1147,496,226,284,1058,8.683083013741621,754.9005440409894,1,0,1,0,1,DoS Hulk
46827.87928521474,40.6082132559771,0.351085091065062,553,255,172,1283,648,721,53.550944034708536,7.904117739411443,0,0,0,1,0,BENIGN
289044.6249168032,82.62173757752201,4.001964073900599,1089,650,104,891,365,1395,1.4499017823157878,83.791449736047,0,1,0,0,0,BENIGN
102648.06606711121,22.763253581939235,20.085121605111635,108,46,478,1012,1091,30,44.37633015093759,66.26088641695613,1,0,0,1,0,BENIGN
111315.49686950415,52.44363458577494,18.600843185599526,1438,902,1422,19,1127,1197,17.846028985358544,41.65855756642832,1,0,1,0,1,BENIGN
100043.93567361384,80.60967479607474,25.475879519984534,91,462,433,1058,1424,816,36.826804386715814,86.64865434704919,0,1,0,0,1,BENIGN
22188.45179287726,35.34774751283788,30.493463769766084,1002,1373,641,754,1269,1413,67.5034074770689,186.13127867632852,0,0,0,0,0,DoS Hulk
54185.864551089224,64.22096370026973,36.00654935507283,367,1146,692,1466,191,105,35.096377105070154,26.456422741482545,0,0,1,0,0,BENIGN
139006.0638098674,24.56315740488145,42.053769006887656,819,30,990,940,643,1298,34.13398872002153,13.712366165920663,1,1,0,1,0,BENIGN
10688.712205436364,10.927944536815993,9.886633845601466,422,54,921,269,1319,1119,99.0750732839502,381.56869329003496,1,1,0,0,0,DoS Hulk
32552.6249643295,79.43842250928563,4.236193195278204,571,152,193,405,1167,1016,71.88147227262863,986.7331847340876,0,1,1,1,0,DoS Hulk
32340.4741308102,9.896862340870683,67.39444490730234,861,455,842,303,906,1053,51.38617118500514,16.102737780069464,1,0,0,0,0,BENIGN
56566.71840459809,27.13813950795846,53.73348248430777,1263,285,800,1308,730,793,57.93756509975795,83.09764858657987,1,1,0,0,0,PortScan
393063.2133279656,85.51094219974401,44.41442022201196,434,35,1489,1008,25,160,62.018263151881094,651.880071673072,1,1,1,0,0,DoS Hulk
6988.885849612298,34.64692870786672,63.443994116835235,211,817,1364,809,1274,1329,2.457539894084193,1.5814130611859545,0,1,0,1,0,BENIGN
73126.65687059473,97.30453495141612,82.76794072035405,1423,255,58,1052,711,195,8.026459052524759,94.48901929377001,1,1,1,0,0,Web Attack - Brute Force
19767.64606755113,97.97343347738597,42.76929091162046,525,177,477,390,614,607,64.91893513566518,97.10912652249847,0,0,1,1,1,BENIGN
352936.75852257735,26.82760204535567,64.11194650519793,467,1277,1126,1439,192,337,36.44688588483137,92.49007018615434,1,1,1,0,0,BENIGN
12025.252515554252,4.097822224989045,95.35722238351588,1193,507,532,908,380,1161,5.544404023192506,50.173965770703376,0,0,0,1,1,BENIGN
51684.53767797387,70.50632842053791,83.96244958615607,791,20,591,141,1025,789,29.75132460516261,22.037518247587894,0,1,1,1,1,BENIGN
133897.1882367708,45.098650264834376,42.600081050240945,874,74,838,645,1068,446,13.028342042139018,39.126467747048146,0,0,1,1,1,BENIGN
121927.06487031559,10.07528439595763,64.4716837814743,209,718,1345,808,938,1333,91.63138422263214,614.1915464162311,1,1,0,1,1,DoS Hulk
54944.28230199096,70.75228189780428,17.707092191593976,255,459,548,947,2,1202,20.292539255311503,37.88363809174498,0,1,0,1,1,BENIGN
42544.97289318204,3.1174909111921223,56.05221848950899,72,1201,1037,1364,929,336,14.369119739405246,70.81716508696829,1,1,0,1,1,Web Attack - Brute Force
50685.415143412596,87.01966904922422,98.13282911384428,146,1405,1479,244,1472,1257,62.61688170886166,795.5755477765184,1,1,1,0,1,DoS Hulk
30690.058827003937,13.865252911330373,51.83151152025223,1363,1060,220,765,1158,1272,52.19119302768327,20.939289864805765,1,0,0,1,0,FTP-Patator
22983.204287133747,12.7311878746725,92.76382991901473,316,1143,875,875,1314,131,57.593245403579196,40.494190828280054,1,1,0,0,0,BENIGN
65978.91918683801,17.567229796858452,40.73349205032607,605,629,1414,911,277,248,43.59481480403152,95.77443760260599,1,1,1,0,1,BENIGN
31270.420595393512,96.02663584920666,99.88448271846312,574,0,677,1028,175,1478,46.716931093212956,24.9806801262638,0,1,1,1,1,BENIGN
33892.15646337138,69.3169360253846,57.92200352275578,1177,935,1196,919,281,498,77.87975558471295,34.6447488594429,0,0,1,1,1,DDoS
106931.38993831842,80.13715354636368,4.226899423593455,1278,310,661,938,1143,62,21.992218482566738,3.566050385197228,1,1,0,0,1,BENIGN
345895.35693063156,39.7634985732753,58.67547966913881,1374,1231,683,448,1197,818,39.65293028312341,33.23660411036013,0,1,1,0,1,FTP-Patator
92542.53269426673,33.631272750495555,27.457269567959663,546,1177,1104,265,1462,1415,95.78253849279493,37.09313981041026,1,1,0,1,0,BENIGN
8010.379885994509,23.448400678316993,3.248132203589471,834,761,335,1262,458,256,18.99857011860452,9.983555962682233,0,0,1,0,1,Bot
7859.267448855107,48.0648028312409,82.08533046946633,311,682,224,249,950,1271,29.377359504186707,0.14422499849572334,1,0,0,0,1,BENIGN
302460.965743243,55.18287335341685,27.572963698075593,807,314,870,954,340,1287,19.156692428599055,57.540548436871006,0,0,1,1,0,BENIGN
35281.211471835944,63.17748436527554,79.65485540464985,764,306,34,1314,696,466,2.0495496358135634,30.15266013287188,1,0,1,0,1,Web Attack - Brute Force
9658.467632080676,25.71185039986945,28.821758295586697,133,618,187,542,725,848,26.982992504167036,1.7823837260092068,1,0,0,1,1,Bot
91390.50477588241,94.86540809029907,19.432635387377427,947,1120,1247,631,120,360,4.646744596223917,85.99443039671795,0,0,1,1,1,FTP-Patator
97723.24713005839,16.975849820713584,97.39355741044274,1152,6,642,1102,574,879,15.468512640663334,58.4409677066641,1,1,1,0,0,BENIGN
104555.92808231317,96.56531747664123,36.164532775501954,435,1035,962,906,275,1416,36.268207006761465,17.116835049182043,0,0,1,0,1,SSH-Patator
31115.819666956595,1.4856122507503788,60.13762114431604,1303,513,967,520,968,178,2.072121706895824,865.2466229409765,0,1,1,0,0,DoS Hulk
1522.6013884891113,48.11256918168456,60.998149281447155,357,348,493,1473,986,948,75.29565659307166,25.358597047298037,0,1,1,1,0,DDoS
335284.6441207963,33.336783811656275,56.04734821735018,929,916,310,883,28,498,79.55890137695468,22.744573153625602,0,1,0,0,0,PortScan
28887.350951926583,44.91234139302508,91.46957435212147,882,1030,520,733,684,676,41.14138024183629,89.4634056997269,1,1,1,0,1,PortScan
112709.29024461609,57.0664578980789,67.44410713668685,251,499,368,143,1267,291,98.46659793742694,179.45787945947365,1,0,1,1,1,DoS Hulk
122632.02244500762,43.558915801270906,40.373300410493016,134,474,1498,1143,320,587,67.8993914807699,87.89857931690744,1,1,1,0,1,PortScan
94162.75581918197,41.4846850301595,86.2380384524274,522,523,745,943,642,817,74.3721747980749,80.2973301247801,1,1,1,0,1,BENIGN
37528.619848408925,73.27234154133066,18.10628991159644,803,1080,30,564,351,98,19.230042366613343,30.977754082923337,1,1,0,1,0,PortScan
31621.359103256596,68.58762750864646,54.42367576104174,659,589,1255,1199,531,180,83.74376228217135,3.4397081153135556,0,0,0,1,0,BENIGN
91047.83632203589,83.32712820358479,95.05503719437563,318,232,997,69,1104,952,94.50463980215062,82.57310355131696,0,1,0,0,1,DoS Hulk
201062.94174939903,24.995898123949555,62.53976298804127,79,790,496,632,1316,1426,23.631016657379178,10.952826776957746,1,1,0,1,1,BENIGN
293245.1960942563,60.952850975406356,81.69684504748761,1214,1053,963,888,293,373,68.64642943863801,89.07988351604781,1,1,0,0,1,Bot
11194.414515742714,58.51947853928539,65.35607255451929,1476,366,1198,1226,457,623,74.69410486633313,404.0359780374756,0,0,0,1,0,DoS Hulk
16821.5846863097,36.973781087268875,83.93708635378904,1367,55,297,800,746,252,30.516917180954906,3.252975728649432,1,0,1,1,1,BENIGN
289563.8259698919,48.605754190268094,94.44878798452436,1053,9,1388,179,732,862,47.50090025722964,55.654846205567964,1,0,1,1,0,BENIGN
133383.56138087227,31.378214330572874,27.29217275327368,413,146,1109,592,1083,121,9.75390935807241,20.799225060699168,0,0,1,0,1,Bot
214552.8566344447,14.18443976169852,16.966108125671887,367,363,576,566,542,441,17.309480395950793,23.512604260801893,1,0,1,1,1,BENIGN
22643.977054999206,21.380121066273283,48.39907503325399,1006,252,1112,690,379,244,6.157052364719473,16.084173491807864,0,1,0,1,0,Bot
88572.7267264709,10.55136464012011,70.18624268242158,992,939,53,1133,323,870,56.01654905452938,762.0214623987172,0,1,0,1,0,DoS Hulk
120777.86855710813,68.30695751901241,22.71912531822161,595,1276,1384,1447,1085,826,62.52628972772693,0.06128938052726296,0,1,0,1,0,BENIGN
113978.39863491777,66.07273931091515,0.4101450430167075,1017,1466,1499,664,944,1069,91.6119583433733,43.89841638968451,1,0,0,0,0,FTP-Patator
52450.491150394344,95.06063715798729,34.293511583670536,700,735,228,405,1169,451,54.21848106236015,8.687116640248338,1,1,0,1,0,BENIGN
1551.4623464414974,72.96784136472412,96.88593354677884,1044,339,778,985,842,295,26.061137080809992,55.23746010045535,1,0,0,0,1,BENIGN
87449.17510906712,5.204583875613144,69.49674606058467,548,1376,984,636,361,1164,5.94735465911188,34.599234616134254,1,0,0,0,1,BENIGN
29182.60323785145,88.42451739289542,40.13254439412239,245,623,372,1114,52,1089,88.49530527508368,2.8351580776428187,0,1,1,1,0,SSH-Patator
59829.93733477003,86.26751629457257,19.257609734684035,282,704,468,1317,401,482,47.88580785280534,46.09742311550441,1,1,0,0,1,PortScan
316015.92595005437,44.332032077269865,35.6089673754747,613,322,419,1416,680,308,73.73219894423212,57.05854978648025,1,1,0,1,0,FTP-Patator
50921.91109697122,58.586305052792156,16.983943330124795,930,1163,531,1060,992,1483,1.4649348595588974,24.765403166271717,1,0,1,0,0,BENIGN
183134.2273514442,97.60783324725189,10.63058213129514,805,860,1423,516,868,592,48.81389226644176,76.55118970710588,0,1,0,1,1,BENIGN
20892.093117129654,53.23043638481663,90.67423725725538,231,1468,987,849,706,1018,32.572262316649855,37.10487657942833,0,1,1,0,1,BENIGN
111614.66144629726,90.53218283760897,99.76503383754735,315,94,1207,907,1472,397,3.0331272613826843,74.93465141440143,0,1,0,0,0,BENIGN
377256.34756856645,8.303875781018643,16.41144395957903,837,552,561,315,1106,468,77.56728070724583,57.901572900876765,0,1,1,1,0,PortScan
10746.617642062763,19.105186870868284,5.452255887827972,1359,1443,89,1195,378,616,51.290165289361326,86.9253067986885,1,0,1,1,1,BENIGN
835.4746125244858,44.07549434413178,32.973110714621235,410,789,1406,1429,645,391,33.31802429911309,54.69247909822715,0,1,0,0,1,BENIGN
56842.43568250689,58.47568083373047,46.16591807614153,244,1173,368,1285,1481,96,80.57984839073993,18.5627193320706,0,0,1,0,1,BENIGN
9719.999573861,81.62278518628003,20.48212470758545,386,552,1097,26,932,1213,44.69234518501665,82.25911942786863,1,1,1,1,0,BENIGN
137985.2552895761,98.82621151431869,30.142491179855845,688,1374,1292,54,80,940,0.34979563683013026,78.30352501747905,0,0,1,0,0,BENIGN
245980.82328963157,38.885149647411644,20.08707356916577,357,115,14,248,730,859,94.44476320383255,97.23558147343266,0,1,1,0,0,FTP-Patator
56919.82557212377,4.741563614008493,77.42605684324514,1021,631,1352,272,513,194,25.56827404623855,9.3581919107537,1,0,0,0,0,FTP-Patator
29936.558249531925,80.11715032953248,71.25779432472608,613,1260,1415,1282,1332,957,83.05755220633414,59.12311623058493,0,0,1,1,0,DDoS
56987.403253334545,60.43807190828081,63.49515157609817,797,269,1457,190,920,1357,81.6415384081273,49.16689839434824,1,1,1,0,0,BENIGN
128535.57519560594,19.854285886820165,38.721785707920475,21,860,343,574,762,82,16.23739313607313,67.08721154801653,0,0,0,1,1,BENIGN
909.539960722861,49.48284566214202,90.90409413142359,18,290,1218,856,493,250,47.400268121477666,98.01798481232298,1,1,0,1,1,BENIGN
89026.7272289478,74.23102455337244,96.953254153502,1310,1457,1059,1469,1259,1093,4.019897849849297,53.22720771157557,1,1,1,0,1,PortScan
95008.45778521457,77.04117870686437,17.3639312625412,275,8,916,615,940,1315,35.4551672888462,68.57386349464292,1,1,1,1,1,FTP-Patator
101525.0241353168,49.9618411998762,22.301264141187804,658,629,204,1416,1060,339,73.09788433696201,34.72134437220428,0,0,0,1,0,Bot
27710.10230264016,30.521453012885914,52.563102800036965,897,863,775,1431,740,1408,23.706947011035762,29.897048767168254,1,0,0,1,1,BENIGN
125194.78326323365,97.37425820384935,9.125056928224529,551,474,1080,1017,324,699,11.712793074230998,33.529656568366704,1,1,1,1,0,Web Attack - Brute Force
9584.0955605836,66.33626109564929,43.64483988231128,678,536,1133,672,1079,1481,50.712355093500896,3.860789359694139,0,1,0,1,0,BENIGN
22223.18875893984,40.82375193462987,58.179126477771014,602,684,685,682,1144,1164,53.69863843736321,28.47406454125949,1,0,1,1,1,DDoS
209939.97617805208,28.04632242046524,52.20735711373331,1095,1034,717,108,313,1163,67.5828931321158,17.294639380720213,1,1,1,1,1,BENIGN
134217.47086453292,73.11029830035622,33.090858307802606,364,612,224,651,1234,1098,75.91377468025907,457.4279798355568,1,1,0,1,0,DoS Hulk
1384.0898858926482,24.21834455937677,54.244580607720685,794,776,1409,980,102,99,69.58095312646552,460.82476389873136,1,1,1,0,1,DoS Hulk
28551.94264836808,17.17099889736882,95.88009542588478,1358,1350,63,1126,438,1198,84.54122082948507,76.52298312265036,0,1,0,1,0,Bot
24131.577425847263,52.98338889620703,20.601740429137607,651,594,947,225,816,732,22.290646428203985,502.291647892029,1,0,0,0,1,DoS Hulk
31581.59142692778,28.998739264414187,65.48313583940036,589,275,960,352,746,322,56.976674621649614,46.3081588323241,1,1,0,1,1,DDoS
28443.371445712244,62.890514492361504,4.339669415605185,198,369,1375,1183,37,9,36.00953574213251,23.162631170049142,1,0,0,1,0,BENIGN
6456.65703233147,11.793867487423348,6.641640448143493,16,344,1486,1427,812,1012,96.21123570016422,85.24800101446773,0,0,1,0,1,Bot
61422.60553421355,65.49411045673216,55.1828224223585,217,367,319,1347,1437,1069,44.027952341482376,9.100090568471908,0,0,1,0,0,Web Attack - Brute Force
131950.88966992704,28.329652799770223,10.493918032794946,740,1334,356,144,1247,1336,95.97139331335566,982.295964979286,1,0,1,0,0,DoS Hulk
93326.32656949174,0.024293443451273156,2.2346788426857334,649,730,92,1488,1016,1261,76.9065654059106,47.60749958514982,1,1,1,0,1,SSH-Patator
111740.2734303147,12.693605767417637,17.151299764802218,146,14,694,914,1316,805,71.84638620686991,18.59869995957237,0,1,1,0,0,BENIGN
8463.149682819496,93.3615377835094,56.48491709995744,1233,757,1323,1155,154,907,49.15637119218269,35.432805576848295,1,1,0,0,1,DDoS
302599.9956634014,86.73546391153579,70.33409545189325,669,687,1412,1116,1055,1054,44.33781342556021,1.537018270878876,0,1,1,1,1,BENIGN
182319.95731582894,23.360903203623685,20.247856414138,1437,3,433,272,1257,129,52.65481875184069,16.652267925823683,1,0,1,0,1,BENIGN
163521.89994881977,77.83719045454912,66.82594372081745,664,1399,1125,533,488,1408,29.363306292695324,335.33981931267715,0,0,0,1,1,DoS Hulk
173151.4053654731,60.857159317397425,18.247633109922933,855,1392,840,1217,1356,1048,90.45099398384667,554.4152787519873,1,0,0,0,0,DoS Hulk
269875.1193196384,97.09047114498695,61.34574266312571,329,1488,1401,1193,1040,1284,79.43306552653664,129.48084464485444,1,1,0,0,0,DoS Hulk
78581.95678500352,37.36056595340591,41.195967989579884,894,532,1361,459,1437,1421,80.13958543250439,67.59632961831156,0,0,0,1,1,BENIGN
22349.613579934703,68.14606125171713,65.37995093336167,1375,985,1023,940,239,563,43.31535954494361,84.42764899891799,1,0,1,1,1,SSH-Patator
95915.54567975782,6.353572242391858,99.50527524792473,1186,1160,897,1034,1309,1353,7.108894824421707,57.23396104739059,0,1,0,0,0,BENIGN
135821.81862348356,39.6247346816406,93.7816965232562,100,833,883,180,345,148,68.30773179262786,296.90144722522416,1,0,1,1,0,DoS Hulk
133909.55323734006,96.38176611881805,0.4281757836103628,326,362,777,1255,1398,1432,37.44135839714118,12.139232548587142,1,0,0,0,1,Bot
73699.25411967152,53.89808744501205,88.54387643623058,326,1239,491,28,15,578,87.04303124508253,1.5535062983948023,0,1,0,0,1,Bot
7091.477358703707,28.787950333484456,6.649079517476652,1178,1391,1083,531,586,1019,78.03384384498635,73.18023329982867,0,1,0,1,1,PortScan
46380.35907562944,12.027096312860685,95.3046586159845,9,116,812,1028,949,118,14.532814198975608,62.84793683127238,0,0,1,0,1,BENIGN
253535.74587032665,70.35283401815305,28.18256790996847,352,1202,391,139,259,1457,60.171573053851425,47.62834060353739,1,0,1,1,0,BENIGN
87814.97113730817,64.48560434297268,38.20348304112709,182,1269,1142,1051,360,227,69.22139259271843,10.199555222013789,1,0,1,1,1,BENIGN
77290.91380348863,37.39387136037746,9.163820517572784,454,127,1494,97,1422,614,56.813757982436144,20.70251812639662,1,0,0,1,1,BENIGN
31314.144858586384,95.09413518658343,11.22727583289096,5,1381,1351,261,459,239,51.40421761552613,815.1723036866422,1,1,1,0,1,DoS Hulk
45957.64535531472,2.2202812987850318,72.67405652293196,1356,77,20,18,930,912,22.786307500594127,47.98514680203695,1,1,0,0,0,PortScan
225709.64600590058,30.37238516318258,94.43322357482916,1356,740,1120,11,1108,1255,23.590684442118437,96.28328596193727,1,0,1,1,1,BENIGN
109800.16177460652,92.10694862995814,61.074849495430946,1281,1316,512,536,1086,965,76.80081386425546,99.99721473679824,0,1,0,0,0,PortScan
154828.17930749603,32.09354383194404,71.5850015526811,210,773,907,1488,99,1313,1.868978556355716,80.07071263655878,1,1,1,0,1,BENIGN
60576.91464212985,25.225283385517038,76.19697445971535,50,81,714,258,754,1177,77.89100627055763,25.818360990709444,0,0,1,1,1,BENIGN
99492.06573550218,53.42204099312473,26.28142745529417,1468,341,943,23,294,158,52.67987365391391,23.111496218012164,1,1,0,1,0,Bot
28552.920319633817,82.3801749920538,4.5229630920214925,1009,1361,349,1031,1185,562,93.6222652384836,25.36343204238226,0,0,0,0,1,Bot
122234.32806039842,10.314676087836105,0.18727439191685846,376,818,1155,227,928,475,99.7321547722923,98.67850788165526,0,0,1,1,1,BENIGN
55791.95613223623,94.30207096457362,35.06492829540186,639,577,545,375,1201,547,66.34845651089614,33.53404780682916,1,1,1,0,0,PortScan
58437.44199039752,79.5072881181164,24.14642281992161,769,95,598,1146,1467,1036,41.2257194420137,70.6446743644689,0,0,1,0,0,BENIGN
104788.77810532037,18.125025555155194,6.231772504918565,1074,1168,31,1113,327,852,47.508590856069446,95.9017709811361,1,1,0,1,0,BENIGN
275326.65471097385,71.20079611981626,17.952829249366676,153,576,258,1479,1351,217,20.421542765150768,81.959614676862,0,0,0,1,0,BENIGN
6614.658309229908,38.495872263755714,12.44988982679478,581,520,475,223,763,754,9.923432399148101,59.76038091306527,0,1,1,0,1,BENIGN
174150.31652071516,40.22946780763187,91.48783806173704,787,1420,824,735,1065,734,57.87633933021351,16.89655246717321,0,1,1,0,1,PortScan
34585.24481461356,78.32900924388665,14.026721345916894,790,995,971,256,241,990,80.54950979666006,17.49382446783464,0,0,1,0,0,BENIGN
58684.21292278964,96.27848079807322,53.764846398767915,1333,356,919,514,1365,780,26.17665177292132,49.24230855683833,0,1,0,1,1,BENIGN
2215.6991989469393,12.665587284719393,59.310595511216455,1422,185,32,832,1114,221,41.96528102453498,95.1944495874243,0,0,0,1,1,BENIGN
35817.04585696388,42.06302368788194,54.34894577086338,133,542,898,1171,1051,287,55.47736617769807,90.44936957506548,0,0,0,1,1,BENIGN
69842.35614676293,48.09416080843035,9.905643421598798,219,150,387,1410,458,523,90.78978199700572,166.19205545441704,1,0,0,1,1,DoS Hulk
5781.565284795499,37.63118169549976,31.87983617505512,162,1342,797,700,666,698,13.863122766205604,287.7197447748409,1,0,0,0,1,DoS Hulk
67549.53535639746,36.3189123716225,5.127033246315326,970,1082,455,910,1408,680,23.688316872966265,58.88113155559752,1,1,0,0,1,BENIGN
261881.24511245784,5.226866756159653,39.566991409631605,647,9,1167,698,219,323,91.85304517857847,47.74304922529649,1,1,0,0,1,PortScan
11137.100709082459,68.55386205626233,18.8598931271592,568,856,223,437,858,617,3.9535593154691795,11.936280937651233,0,1,0,0,0,BENIGN
144579.27117388012,43.62144171200454,56.16325332843798,945,1147,216,36,263,1199,65.61156340598586,36.93071869983194,0,1,1,1,1,BENIGN
52707.53607973251,19.479380264392677,69.28083938491005,688,355,155,105,120,860,63.952588321795155,95.47143676552966,1,0,1,1,0,BENIGN
106471.45091201231,81.60335023020684,53.21198602047065,114,1369,788,614,1069,40,38.3254433632564,95.14422247445027,1,1,0,1,1,PortScan
30142.48709145652,80.25607481516279,43.42366966113958,1495,793,35,231,1303,1348,46.816467900711814,55.94258810265915,0,0,0,0,1,BENIGN
17374.912039518327,48.63916280888938,38.73334208566924,1172,236,635,866,1138,1290,85.49179514805613,635.2613046772276,1,0,0,0,0,DoS Hulk
17490.427012821892,29.845066114776053,84.16917680970037,1264,332,8,1169,1191,392,16.49820633467791,22.19062808589576,0,1,0,1,0,BENIGN
7309.980660067168,63.80927257964524,21.936806506527006,122,16,1063,1040,434,1136,23.15674782789271,74.19527264206313,1,1,1,0,0,BENIGN
20536.09836776891,28.815213577740305,73.42183395288689,803,1447,1492,1182,1269,1307,51.235041143989044,5.249618713488136,0,1,1,0,0,PortScan
109129.7263786332,23.600793032371204,75.7482324740119,838,323,178,959,483,202,40.974542300003016,22.06821881639309,1,0,1,0,0,BENIGN
213445.2152258195,73.05146540263266,41.92000072707345,1092,22,958,1305,1398,852,57.43724975451836,0.5883687665008352,1,0,1,0,0,BENIGN
168268.45626614074,4.0325239720950705,29.730059922563935,825,930,500,277,279,773,92.08391860937958,38.570125875126884,1,0,1,0,1,BENIGN
115560.91116364571,9.476847103459395,47.05414860459752,62,458,372,124,1045,1167,91.71020177378367,850.2611987020917,0,1,0,1,1,DoS Hulk
11701.91738106315,0.6788174023589777,9.32139258926985,732,1483,1091,1443,713,1266,23.001833971499174,98.25064771099696,1,0,0,1,0,BENIGN
34134.65214844297,15.294318647542616,4.593003222908997,1039,520,969,1343,67,781,30.21446128488404,66.77559753805572,1,1,0,0,1,BENIGN
37078.38297159636,6.899000871045946,11.16031994518918,1413,718,1447,674,742,34,16.20686812970299,74.48666854264324,0,0,0,0,0,BENIGN
28762.46692962019,99.58023677799186,18.714503146222615,589,556,514,714,1081,52,92.77903714639264,26.274957821494006,0,1,1,0,0,PortScan
72361.80576173268,28.880996995408957,50.4176820338043,947,1444,363,666,1287,502,39.78641301981952,52.03326934888148,1,0,1,1,0,BENIGN
76690.9582939844,14.926801266924727,84.91366361611222,1281,402,776,1347,1446,1379,44.97051448836772,73.65778988253649,0,0,1,0,0,Bot
44143.32379172577,24.099625799591795,23.564233199968697,216,1354,1474,912,1021,149,80.26407807774596,49.72758259667791,0,1,0,0,1,Bot
43662.94487848321,93.61255715401346,93.51620107467781,478,456,773,394,290,436,51.29734728102919,8.854639211404592,0,1,1,0,0,SSH-Patator
176349.62509770875,52.016022302439566,95.49079089350035,1137,1050,328,772,168,449,11.975548222151211,74.08641931643092,1,1,0,0,1,FTP-Patator
155728.60162690782,36.48180963078569,95.89046048452052,1403,396,793,185,1485,524,43.78487094426966,21.956439187475198,0,1,1,1,1,SSH-Patator
36787.43259567037,87.33914579092193,83.75627346763238,976,1211,961,465,555,266,63.05240432786318,9.76976709376558,1,1,1,0,1,Bot
245095.10485028333,39.499027054903245,36.38250407977206,236,139,369,1080,352,85,71.92090877570364,47.8057948825382,0,1,1,1,1,BENIGN
305367.9593846005,33.50085699576958,7.268391100262306,475,520,596,457,1263,308,64.5351852782894,7.460907779961312,1,1,0,0,0,BENIGN
39562.746978779025,20.728252254973555,56.88187317664949,597,745,1410,1000,282,264,11.91807192323633,62.944366698165375,0,1,1,0,0,BENIGN
43761.38071241865,37.77968239094115,55.86814439372338,128,91,1137,1231,1472,491,30.434452516181832,64.04732503132452,0,1,0,0,0,BENIGN
70447.94557708601,31.6684356016926,84.99757671095955,509,76,570,73,1089,1040,73.35646449632152,25.670197313300925,1,1,0,0,1,BENIGN
283226.76044813526,67.73039592981411,99.59910509461052,164,851,1061,1108,1350,1212,88.01901943360747,96.45344218075935,1,1,0,0,0,FTP-Patator
209005.31108927872,28.958270467072712,50.81573065601476,276,1267,376,631,455,521,4.718641506225973,82.445158674649,1,0,1,0,0,SSH-Patator
10821.788581405426,57.71997464225615,34.520403103978424,256,844,1422,1037,958,1189,4.2229108069977155,10.95869578997275,1,1,1,1,0,BENIGN
49878.300023404765,6.589216503197271,18.5901711556267,1155,666,1226,839,1004,877,64.34045293390623,74.8512127339095,1,1,1,0,0,BENIGN
80602.74314681737,19.128915669651438,0.4799824817370735,991,958,1225,911,476,1368,54.8046154163281,35.30746876098344,1,1,1,1,0,BENIGN
69943.18327840682,40.74052716113488,50.911369248887915,569,988,99,793,284,1242,15.533905051771402,75.02885216489588,1,1,0,1,1,BENIGN
21550.166000817746,93.69492539086954,55.55186667025958,1280,796,1421,48,30,93,54.829158169696036,80.07947923526089,1,1,1,0,1,BENIGN
195769.6736955853,37.72519857156954,82.49384798173975,140,87,1473,1449,447,1181,97.44873435008509,15.137805606046161,0,0,0,1,0,FTP-Patator
112991.96381880567,66.4074121199834,50.45769678928006,685,914,815,965,213,33,63.0900220396625,66.18419848379025,1,0,0,0,1,Bot
181959.35162994408,25.508722242139815,91.64683486660566,686,1317,117,358,1048,800,44.91411560497186,86.27299604893086,1,1,1,0,1,BENIGN
195732.5006805428,12.703357597323173,62.80834765714355,1232,94,420,241,1396,415,82.75324879395754,32.33736240506734,1,1,0,0,1,BENIGN
137973.93071697513,5.853660008005013,84.03362382210831,715,1276,1266,1076,396,523,21.282248565215156,8.032830418096438,0,1,0,0,1,PortScan
57840.98472380772,30.541349854275136,14.830173480774711,1022,550,540,1092,336,232,41.43264308269132,27.267479939198758,1,1,1,1,0,DoS Hulk
94301.14594270498,15.766102679690796,85.53361303023146,1074,398,1250,55,935,604,52.77678918108474,110.00096039672857,0,0,0,1,1,DoS Hulk
17478.848907330343,17.40104480161242,67.51438544438484,1282,766,1236,878,967,106,50.453989205075544,0.42059212830138915,0,1,1,0,1,Web Attack - Brute Force
111977.08122495569,76.075930838695,17.023303243833055,177,1077,929,1479,854,1216,92.09724692111524,32.69459423928283,0,0,1,1,1,BENIGN
19754.068939390214,1.5838070944874216,18.976355814601085,921,242,698,254,902,1491,29.26681072466758,29.93285879624481,0,0,0,0,1,BENIGN
118400.54537024762,55.78101257354344,92.65006190442213,542,1133,112,4,671,521,5.650372072961963,11.034126768741814,0,0,1,0,0,SSH-Patator
26084.303111006462,37.94613805934648,3.2215360450372876,1379,623,372,1075,1303,636,91.6377204513742,651.1178781027979,0,0,0,1,1,DoS Hulk
12505.462234616283,50.65499999085472,46.25349432957061,1341,700,298,328,768,786,21.706765713834265,991.9063578396099,0,1,1,0,0,DoS Hulk
18066.43189430485,56.28302372146029,31.347528993410158,962,1244,1042,97,622,1018,37.90279739767074,90.09264148445885,0,0,1,1,0,BENIGN
199.41221597106258,31.336769445727818,66.5077439998428,363,563,775,1184,558,1302,53.08916245180772,25.285059967705493,1,1,1,1,1,BENIGN
126847.44118462641,29.51088601842853,83.96293875689919,1078,161,670,1429,547,1151,97.58804705482135,76.9981632971547,0,0,1,0,0,BENIGN
131826.58709838014,73.34018493349058,36.03781215565696,1179,34,10,980,922,340,53.52684416285981,93.6863263285019,0,1,1,1,0,BENIGN
72346.89746270512,87.12769881211571,42.69020873228372,1067,965,7,1002,1221,696,44.7743306548479,90.63642370455484,1,1,0,1,0,BENIGN
17597.708684075493,19.25816324585279,98.19177845014141,592,36,1176,782,553,58,58.36384795176467,88.45495213112883,1,0,1,0,0,FTP-Patator
8725.25015240209,9.761876053514895,78.39165096792028,541,845,1158,576,478,1205,97.08081599171378,78.64505121775935,1,0,0,1,0,BENIGN
1931.4292317149664,89.77958063920259,89.72041309317915,321,828,1396,326,843,585,81.79445987564404,29.299147611104747,1,0,1,1,1,BENIGN
18121.99761150679,34.989546364739866,43.87622206516297,647,622,460,242,69,242,16.89681363119221,8.356306621079224,1,0,0,1,0,BENIGN
221508.29071496348,55.13173906628141,23.40762039841152,13,1393,1258,366,504,227,80.32600149042091,48.78193528459553,1,1,0,1,1,PortScan
27646.105316183544,35.95431445200035,41.18634653864517,1380,1200,254,773,109,559,84.10990598038885,5.479113435633687,1,0,0,0,1,SSH-Patator
43737.58746010938,12.58023363460513,71.60919178315135,617,520,585,723,1405,517,69.06941039584663,99.84736845350288,1,0,0,0,1,Bot
11131.765141096672,58.933164494772804,10.943040483597933,358,1298,1351,1465,396,554,65.72334591672643,35.83096830647384,1,1,0,1,1,PortScan
25149.326466168302,52.514085176962965,27.046910561650883,1341,104,361,1177,1432,1168,44.08770008478042,95.83399183888942,0,1,1,1,1,BENIGN
73235.50010191643,20.299355919119723,4.6635900461590385,1098,155,1397,233,350,126,64.16953871194538,77.31209919009157,1,1,0,0,1,BENIGN
93586.27276617398,45.186904465227784,43.23477383381316,193,335,1002,651,994,334,73.75749721522578,41.129095369079984,0,1,0,0,1,Bot
28150.427992378696,79.69475040156459,82.74457359796132,362,1049,787,332,788,757,12.282024807429902,118.31141271603961,1,1,0,1,1,DoS Hulk
5946.571278768153,59.04261031078914,2.46636882980108,1119,295,208,494,420,1431,25.732996018343567,23.719309034471603,1,0,1,1,1,BENIGN
49599.098502337576,9.691732706699485,67.5323526807166,1063,1378,266,1138,921,120,19.408187896629403,67.30445761494025,0,0,1,0,0,BENIGN
26683.864178505584,54.802149722913505,93.24958745137396,767,885,655,368,110,700,84.12118369060143,82.99352033787552,0,0,1,1,0,BENIGN
24788.962947202297,70.27382992895869,23.692786151118227,396,68,996,1356,208,1308,68.00025915317677,97.94404918313178,1,1,1,1,1,BENIGN
321545.1761506007,79.27034057807514,69.36348407276482,106,1350,553,1153,1462,241,45.077853957517654,13.21621840137045,0,0,0,1,1,FTP-Patator
95789.55481509968,62.91175786342668,97.51019011002003,1040,150,735,1201,1201,77,82.60557504884682,15.594734538493604,0,0,1,1,0,BENIGN
81391.11519309452,15.265816454078374,96.22780601524632,526,856,420,94,930,449,71.67813399925107,42.439476690146364,0,0,1,0,1,DoS Hulk
53746.92735779751,71.01732665901606,23.492919302914327,1010,576,307,1340,424,1493,91.35930815452969,26.03645255021887,1,1,1,0,1,BENIGN
56026.85844634721,67.73418460815164,10.03310532120687,783,661,136,906,327,1204,7.680699609791574,82.10674388113107,0,1,0,0,0,Web Attack - Brute Force
77849.81270198163,2.442688294063322,14.828253789591594,524,1343,1442,1124,10,264,50.915738154123524,19.825685673090764,0,0,1,0,1,BENIGN
119214.24169238051,41.174766759024315,70.20356684821422,1066,756,194,1219,1275,681,70.67479035762551,547.8647498950689,0,0,0,0,0,DoS Hulk
121115.21683350459,33.29502469623733,72.57588754532756,625,451,1118,801,855,294,20.749318680484574,44.64071980060199,1,0,1,0,1,BENIGN
18837.25162262277,66.94120642536434,67.4236561628199,349,569,1281,207,1258,964,32.7126231971364,32.5826242340136,1,0,0,0,1,Bot
69337.27101430838,21.61358123109207,33.60783877422381,1053,1135,1048,606,253,889,41.897625131982664,61.83464134544641,0,1,1,0,1,BENIGN
53095.70666740723,59.08719229742585,16.977693975812215,1464,634,1255,472,128,246,79.43256182705892,50.23257893301955,0,1,0,0,1,BENIGN
204428.26532666184,91.32059618141723,58.076109195225314,1005,1485,1355,1031,99,423,49.35762010571951,33.47631734845821,0,1,0,1,1,BENIGN
99809.45677237099,79.78023722086077,48.36804457578665,541,361,605,135,289,1082,49.28700328477893,68.8850885120005,1,1,0,0,0,PortScan
76036.46285072289,92.14577362165303,72.88341471223035,1478,202,1013,609,1249,832,43.08876185521453,27.996819103853987,0,1,1,1,1,BENIGN
12261.365679360686,97.850596693269,44.136007868562146,961,486,861,910,1148,1481,22.85890892963154,64.3183339794481,0,0,0,1,1,BENIGN
93048.57291327357,1.0670127006162766,33.863969468646836,93,3,220,260,1461,10,92.30715356127646,95.72458683415509,0,1,1,1,0,PortScan
12466.102880534774,62.27412763774775,29.34785773590144,1318,1152,296,1170,645,346,31.78011206566754,72.89519791815164,0,1,1,0,1,DDoS
41129.19143687304,41.283939775890644,21.147032004974655,898,1049,1226,457,664,851,56.74656607699006,41.839955963632804,0,0,0,1,1,BENIGN
15413.297226742525,85.98544903351217,26.57463761866614,88,800,1010,1461,1370,1028,14.87797355223065,74.7559321202525,0,1,0,0,1,BENIGN
117789.46383162885,25.181470200913168,9.483043884410137,502,976,342,1436,697,1393,43.424339209904716,809.2418168001501,1,0,1,0,0,DoS Hulk
23098.93918794464,98.10294891150761,34.685701092888955,766,26,592,231,182,1481,90.38035161692177,325.8404669979754,1,1,1,0,0,DoS Hulk
49734.91296616848,61.370796954374725,3.65698123629582,213,1065,1228,100,350,244,99.5465238510592,705.1322156582887,1,1,0,1,1,DoS Hulk
226024.212088713,79.35374022288309,18.64138471663268,1445,964,891,146,1401,248,36.17518567334671,43.43961960734147,0,1,1,1,1,BENIGN
22855.363873015354,8.559955282276832,74.67704446194291,525,63,76,716,707,944,15.39905463143355,81.85224817818687,1,0,0,0,0,FTP-Patator
70888.0429494969,18.345788475886504,32.546898867662264,191,1048,706,506,1488,434,31.445152673039512,29.537759517536077,1,0,0,1,1,BENIGN
54347.22066342404,75.84036730342032,66.82370169773438,693,71,1065,557,677,1443,32.72417683870194,93.77596700244327,0,0,1,0,0,BENIGN
1829.029331656515,2.198652203932361,71.68841755972774,641,899,1478,103,801,104,64.45087942823177,57.478693726397346,0,1,1,1,1,BENIGN
157386.86344559243,81.68779858937827,58.11853427321135,1247,267,1205,335,339,241,49.61567244945603,35.33033139357153,0,0,1,1,0,FTP-Patator
7154.5311529372,1.3949018691911452,95.86977413653985,554,94,756,445,1164,1295,76.84597282656304,41.93712687118221,0,0,0,1,0,DDoS
64293.90145675242,65.71188390612733,2.1439866623113257,386,394,1218,733,110,518,70.13032844974812,34.779861331403254,1,1,1,0,1,DDoS
82252.33209326529,36.50939202318059,73.86526505881422,680,868,589,443,260,728,25.13087239252463,14.624633585715529,0,1,0,1,0,BENIGN
99000.84710640919,61.149485271919914,95.8786643940408,775,363,387,117,1211,1067,78.42556898857781,68.49239688746921,1,1,0,0,1,DoS Hulk
116677.85960571894,69.60314069891137,86.22717293529392,1497,1338,926,928,370,1049,84.7461866914816,32.177869513826096,0,1,0,1,0,BENIGN
29205.47969219945,34.24752191863042,16.789269180501332,202,116,636,722,1381,180,59.83901897540017,45.86904410781899,0,0,1,1,1,SSH-Patator
1002.8898364548043,10.796244811083556,32.68203062517321,1009,163,140,566,1296,603,92.76677092485761,36.1816939436019,1,0,1,0,0,BENIGN
128534.07259893985,6.964586774826564,17.24518398764654,446,876,1050,87,603,427,78.29481227345502,1.3919503667312205,1,0,1,1,1,BENIGN
76713.09128726943,58.89360225625479,60.13083638147041,899,789,1338,475,448,267,59.5395906873199,57.90062459524785,1,1,0,0,0,BENIGN
180860.68113128853,52.06553537341115,71.21879819794923,1091,576,1344,294,1440,857,90.61659973133301,14.481647989094071,1,1,1,0,0,BENIGN
172254.1455331446,74.22010091211325,31.70737693630582,1115,305,447,719,860,579,60.0358480240539,21.100527856161598,1,1,0,1,1,PortScan
185358.91364679212,50.97355100039371,53.95065739842955,777,771,292,1404,1411,875,52.11911273373402,12.074853428120047,0,0,1,0,1,BENIGN
66377.22009982694,42.244579003087914,69.09205700711951,177,199,1259,994,1361,150,35.625834041110274,520.4327300285169,0,0,1,1,0,DoS Hulk
40590.77998369884,39.808717823623084,42.13398166110483,828,179,714,1306,1334,599,88.28633305944453,9.51592924140201,1,0,0,0,0,BENIGN
156809.54258319293,2.6446902597667465,85.40155304554592,558,357,456,843,1352,94,12.272717087282158,25.63572491839128,0,1,0,0,1,PortScan
60019.27060322706,33.55572016966571,77.15499352878172,1026,739,891,685,1070,381,47.35027142174564,45.1708717619993,0,1,0,1,0,Bot
20265.757471542904,97.60201575244942,6.466554385057066,102,1275,838,638,655,514,53.741333187502185,16.77088851718712,0,1,1,0,1,BENIGN
193084.23771734565,87.35555762270889,62.1125299090829,1296,1322,653,1179,148,929,55.474910676977686,44.624136170183306,0,1,0,0,1,BENIGN
214182.6664834698,32.93780670342177,23.53255509597496,115,429,663,1203,349,1451,65.18898304852432,342.73512571739195,1,0,1,0,1,DoS Hulk
62793.96760045075,58.77954050663722,55.75182646672753,858,1027,764,960,322,1448,50.57956242538156,86.05971773696058,0,0,1,0,1,BENIGN
7871.828968795786,84.7296745535494,95.68884426329663,463,652,1090,934,864,198,25.681814763992705,79.49032126282893,1,0,1,1,1,BENIGN
49073.88700351495,44.12743367500687,87.90620045522502,103,677,175,889,1143,7,85.69443961394998,99.28545834655316,1,0,1,1,1,BENIGN
162728.45172494382,1.795786375015096,40.451640311513174,258,253,509,913,1004,804,65.75253278355284,52.89117329654475,1,1,0,1,0,BENIGN
232048.4623499767,7.451046181864007,29.151385834435338,1331,940,1114,1110,397,326,85.81878137103061,57.53970935575501,1,1,1,0,1,BENIGN
22749.39286200851,51.039272134870664,23.440574440825902,1390,1119,704,405,645,870,27.604349098037673,94.66458481157328,1,0,0,0,0,BENIGN
6932.179560363473,96.94393756758784,53.25148697565201,928,166,1189,1290,1220,1044,63.70568949028217,39.95922146875185,1,0,1,1,1,SSH-Patator
209842.42028041428,69.32095422188678,11.424845325805633,809,1354,601,1087,412,254,71.41737450763951,55.568268450819225,0,1,0,1,1,PortScan
49332.12874446259,7.091619143856953,54.92750081282486,641,964,837,118,1462,1456,38.340516036783846,37.908549572547365,0,1,1,1,0,PortScan
78036.43189371355,18.936087579186278,0.13336394907920157,806,853,1001,340,36,1050,81.22441182069012,54.58607058980929,1,0,1,0,1,BENIGN
344407.8120529211,77.132314321685,32.38496307458448,1022,1085,1461,312,186,519,0.2508774842296724,8.076643251753946,1,0,1,1,1,BENIGN
6888.365735912734,84.14397599562447,21.993431383058127,1325,173,50,162,419,929,59.491975021422164,78.37940933437314,1,0,0,0,1,BENIGN
104502.79419847496,61.76945861885908,97.12187899607821,559,1276,685,292,724,529,61.35684703521305,98.52799474290438,1,0,1,0,1,SSH-Patator
7699.489809012497,64.44231696298166,72.7242319569979,26,1484,265,689,1483,946,53.38430930386354,65.74040243955393,1,1,0,1,0,DoS Hulk
47075.41963972017,2.8337450383384644,34.96533804622377,507,623,1110,1400,1133,499,63.00484869194495,80.10397302314743,1,1,0,0,0,BENIGN
162869.48691221478,82.85302595815085,9.284508653062051,526,1238,605,1424,186,1256,16.722685702327023,24.17348004950337,0,1,0,1,0,BENIGN
56822.918427952,78.82752081708297,51.6800594690624,774,1262,1075,672,470,1419,68.47814818023757,19.75470532769813,0,1,0,1,0,BENIGN
587185.3459960934,25.903514410334715,21.34478813260423,1388,414,1202,1423,1101,1330,33.57889628366652,69.33703982734565,0,1,0,0,0,BENIGN
81884.48455577072,70.8676719965507,53.64295458983578,952,738,1301,398,1397,509,45.20537425759178,4.4132248556581715,0,0,1,0,1,BENIGN
38737.299089464745,21.48546064249981,83.53623541788924,297,674,1262,908,809,423,33.31093639962687,46.323934725236036,0,0,1,1,1,BENIGN
24860.409500367,4.033016105151299,61.57925521013854,776,125,584,486,329,149,47.39362034994854,0.14444659153213246,1,0,0,1,1,BENIGN
43158.40589003817,20.113654259037727,63.37884195450022,360,940,338,1047,1148,1415,62.156922651174774,55.43940286464739,0,0,1,1,0,BENIGN
46606.46352937562,17.86288767542995,54.103028906281146,503,252,1095,1082,1339,667,83.83434708955511,46.20816677316233,1,1,1,1,0,PortScan
7118.850626264504,33.77479967348472,92.72656326314092,587,196,373,748,957,945,48.3435057640221,91.54826066806724,0,0,0,1,0,BENIGN
46135.98139707214,41.84494971754581,93.19026844206033,29,412,579,239,319,1070,32.32238276036033,72.02719027844154,0,1,0,1,0,BENIGN
62406.62164664813,50.853889149770794,51.27232010735522,1462,1479,516,310,474,311,48.79418789253843,12.600617187894125,1,0,0,0,1,BENIGN
128279.14778529211,47.675387550832816,30.575948714350442,1363,775,1261,320,825,138,68.88036640705155,35.45399597519473,1,0,0,0,0,BENIGN
106923.64683753079,27.067460596528935,45.95870058794439,125,1077,1489,671,513,1428,34.67007167257956,931.5797696788118,0,1,1,0,0,DoS Hulk
123362.70274066667,2.9170668574074465,18.655791219561568,595,1362,120,571,333,921,41.42820747234062,72.53341472740897,0,1,1,1,1,BENIGN
839.8853712116788,60.51016222371507,63.634431531808936,1389,1382,1436,413,1094,13,56.28398170087364,59.4275114986289,1,1,0,0,0,BENIGN
24547.5308630343,39.57448298473544,50.00923357822332,1466,1174,836,1345,464,770,29.400926382735005,55.90715907869017,0,0,1,1,0,BENIGN
108377.5761471237,29.86721573875497,10.33004778132799,262,1123,569,401,1399,184,20.90846595444418,39.80984664038773,1,0,0,1,0,BENIGN
66162.79094100244,86.69410428305123,19.764778111961533,935,233,42,58,723,1138,14.039228386326197,58.520146266897754,0,1,0,0,0,SSH-Patator
532.7642385473204,74.67433077981597,47.96319561995268,871,1085,1220,52,7,109,35.26099831260743,77.16644148675904,1,1,1,0,1,BENIGN
163216.74954914048,85.77655483724422,88.75889907188584,1245,195,71,1087,163,742,4.834290643805705,12.753767635636748,1,1,0,1,0,BENIGN
148196.67289838774,49.4982794712461,56.639072063109744,1,541,90,632,780,280,58.34825267095015,96.98306396481246,1,1,1,0,1,BENIGN
79500.08811622349,13.093125212677748,68.15350002084708,393,1129,490,1142,1318,542,17.59093659975245,23.936486908897447,0,0,1,1,1,BENIGN
6877.5029976427895,69.62214361212725,33.90285497439097,305,294,748,285,357,85,37.73947923300428,44.774268143737494,1,1,1,0,0,BENIGN
145463.7655909979,20.607377993717524,57.141139304423426,1169,644,997,17,80,137,26.922281539837257,2.2715624647781985,0,1,1,0,0,BENIGN
87638.17645917181,44.12296690917168,44.73798226380674,529,1474,382,1028,773,1489,63.038996634174936,55.03459229584854,0,0,1,0,1,Bot
152307.66420252807,6.5000788948888495,65.91299126231607,527,155,804,1415,1298,76,85.03456614668663,38.186684726162376,0,0,1,0,0,BENIGN
139330.68609070432,82.53084024229824,5.057556607901037,1331,405,1489,159,920,1160,63.3301042988345,24.975587227299833,1,1,0,0,0,PortScan
162456.2067851931,12.594064104750057,49.33002162389592,964,895,1177,141,898,974,54.25049286733938,98.55242537823557,0,0,1,0,0,BENIGN
72982.79003508778,90.30975070493096,29.599262514396695,670,725,169,396,921,775,66.90837393220421,42.814114267227446,1,0,1,0,0,BENIGN
15120.030768442408,86.42306022615571,32.61850612779092,1363,737,1295,1041,1070,1016,2.9990637760199834,41.42963635938971,1,1,1,1,0,PortScan
111217.62852941026,46.4582764439246,96.09174315580614,351,796,917,579,1415,96,12.284466096211977,46.31032644809762,0,1,0,0,0,PortScan
96883.16069352844,74.43682043039907,18.269481271138275,809,553,1133,1137,824,994,9.492723597104424,11.615377906616132,1,0,1,1,1,BENIGN
135577.75216283964,61.94450738181533,31.12452525785969,208,374,150,533,1017,797,9.8197165748784,39.309610981494515,1,1,0,1,0,BENIGN
18618.622226351217,80.30756423377449,50.98925757308718,957,454,430,910,1102,1032,26.0483715196548,33.64042591055614,1,1,1,0,1,BENIGN
21688.219446083687,43.180510078591205,86.30269481496236,204,201,450,460,679,82,53.20522603832052,46.512445876255434,0,0,1,1,1,BENIGN
221100.47441814587,78.580848424435,41.667008320637045,624,1475,642,285,1046,46,11.46815786567471,85.66211668412821,1,0,0,0,1,FTP-Patator
138620.555887121,46.245681706514794,74.3865280888171,720,1210,779,1028,1251,429,93.51162411893893,19.278539455910682,1,0,0,0,0,BENIGN
238845.33639455604,94.09657878427939,85.63740982148023,635,853,22,128,437,1113,85.42568026544154,60.77393257196226,0,0,1,0,1,SSH-Patator
142177.78026227807,48.637210082514756,31.001635582184896,1038,723,366,955,1321,512,97.1644353832982,3.7637089751928143,1,0,1,1,1,BENIGN
90920.41659771153,46.261927193372955,39.27501835387099,857,1391,650,670,945,1437,4.2500045088490594,31.679250210002095,1,1,1,0,1,BENIGN
106170.02105589255,78.50718615635127,35.65562236883563,1451,339,819,498,1283,512,85.14024470893163,47.265761909269244,1,0,0,1,0,BENIGN
219937.82101996534,82.15776917608379,83.28558086179211,475,261,238,275,775,657,80.37340754414895,7.427915079755643,0,1,1,1,1,DDoS
86466.35352040354,55.44891143211708,4.434686195360116,297,542,433,1106,675,672,90.21058646024605,54.39679346235009,1,1,1,0,1,BENIGN
100073.6287931406,17.97978134950754,30.842108882868004,556,550,703,1141,9,646,52.79441676598087,310.32562107208,1,1,1,0,0,DoS Hulk
17016.77733505429,46.77582309575795,67.94085575951298,1117,1329,1150,28,157,797,78.78890707756734,99.28100135923128,0,1,1,0,0,BENIGN
64230.43058166896,96.80725029096784,56.54434995653427,106,637,941,1004,867,76,5.128687934265241,63.09695021856714,1,1,1,1,1,BENIGN
126018.03008714285,75.29861930391851,43.628935929369426,1442,164,540,1381,783,80,7.587778948398882,24.417519601571737,1,0,0,1,1,BENIGN
31600.294692998556,81.11626038791321,53.99482272213844,1301,757,632,649,1181,553,11.853224094958826,10.267324544753553,1,1,0,0,0,PortScan
22596.525423179264,3.282549881924013,19.758458582831828,127,620,197,1180,319,635,91.4788863298208,4.071977937153948,1,1,1,1,0,BENIGN
37662.521697529926,46.78594626341599,43.07166216080104,458,1111,481,30,1225,741,6.116934938844887,9.07732643752116,0,0,1,0,0,BENIGN
27641.330813434568,64.66211336575553,50.1702984176349,37,1223,1202,842,120,1225,10.014952669911093,68.00595270289335,0,1,0,0,1,BENIGN
24196.027699254995,83.00326836280748,90.11891219546017,197,1294,868,1309,138,845,93.0410402629527,85.49922759943401,0,0,0,1,0,BENIGN
55312.58681164362,4.927365358277147,26.083516280397635,356,50,522,335,673,1470,10.739258183227818,15.673311471107787,1,1,1,1,1,BENIGN
238421.29567688884,85.24388856418732,86.78285021649326,6,488,650,569,1362,106,86.97562987253738,40.21344535527545,1,0,0,1,1,SSH-Patator
70736.7099558632,54.84009367419117,64.42414008259819,1355,197,958,312,1283,964,78.92707880622864,35.42353431958916,1,0,1,0,0,FTP-Patator
20815.689044425853,19.731397057605992,2.0340831067600984,518,1046,436,598,1456,1315,4.028198853215425,64.45180911880726,1,1,1,1,1,BENIGN
8009.535088844639,31.72552164497,72.46313368993937,193,664,856,1146,43,685,2.184739688963,18.26778817236695,0,0,1,1,1,Bot
119124.13448538465,28.192955175156076,3.555187754905509,315,1246,313,864,1182,940,53.43883835135932,95.33193104475114,0,0,0,0,1,Bot
48256.015660982695,53.08590342884758,99.73811268138131,1024,1244,18,370,815,311,99.71754037667672,72.85563818906564,1,1,1,1,0,BENIGN
172502.24411216058,5.168567991113182,87.26366876911979,1085,662,1183,804,1378,598,87.88301600989865,95.50718788846451,0,1,0,1,0,BENIGN
107737.17798567642,15.853615849992353,29.734374754004566,342,265,817,313,97,683,31.002543337128465,27.736924495336645,0,1,0,1,1,Bot
159081.9567208323,81.26930433757823,25.741123019670543,600,72,121,27,238,632,38.630923411540344,58.77156378585556,0,1,0,1,0,BENIGN
31738.011185437193,13.260399074681107,38.14410821056089,1041,76,71,1178,474,667,38.79059962381011,73.22679371103355,0,1,0,1,0,BENIGN
117882.15082024154,23.339626945812697,35.616696531444305,619,543,1078,965,523,598,73.41788159050148,710.9562227677338,0,1,0,0,0,DoS Hulk
30660.938213368085,45.33706056041573,37.23378183853811,1394,880,459,1253,556,1449,34.113275266238354,2.134609942836352,1,0,0,0,0,BENIGN
279800.4659351054,51.71208881133305,31.82765461194804,821,434,168,1029,1415,414,14.779706137526071,99.8289163489885,1,1,0,0,0,BENIGN
101163.01863237578,76.36104796141586,62.11334068483314,234,1088,581,472,8,1158,74.71074085835504,92.8059972768785,0,1,0,0,0,DDoS
39231.959053585946,44.73324266661878,16.426366372062397,1092,356,1172,1341,1412,771,45.801561824510465,11.975208127261073,0,1,0,0,0,BENIGN
31404.228651634818,78.98646210355388,84.59812924460131,446,935,628,1248,1233,1387,7.677872368646699,54.35667742951704,0,1,0,1,1,DDoS
21186.56182926957,61.834630704545745,81.24024840313153,609,17,25,1056,1077,383,79.00522684920608,31.455645531941613,0,1,0,1,0,BENIGN
118626.70107574805,11.309973942382246,47.64832078552704,7,675,1271,88,615,1055,58.53112639502292,87.88940159242865,1,1,0,0,0,BENIGN
24681.60635375204,15.633143839283859,85.27299652785476,461,574,720,1357,151,539,48.93693252687843,69.75196305881542,0,1,1,1,0,BENIGN
90461.72971291463,43.70337254497708,24.71450700302933,999,750,1250,39,409,486,67.33431671472798,22.351715673239305,0,1,0,1,0,PortScan
30738.834100909902,39.68893930890396,1.7565455703966948,1334,1459,1033,680,9,1388,50.536768282036626,3.386114536729079,0,1,1,1,1,Bot
108461.75084116822,74.35442696372945,61.9207925029823,133,995,1118,374,956,263,64.84201479884992,29.17418026147741,1,0,0,0,0,DDoS
168707.37152896344,58.07371397973519,45.79094069647154,384,1464,120,1321,551,1165,86.74885453653216,3.8137272807838074,0,0,1,0,1,BENIGN
150519.16114338842,38.81330810022493,56.71645462958706,55,1032,125,997,555,29,61.351436811112535,14.13107129983623,0,0,0,1,0,BENIGN
143066.987412652,17.076028345038562,89.9339409018403,992,1493,548,392,879,898,65.96004978542749,63.613804161371135,0,1,0,0,0,BENIGN
20791.31323319335,22.683710232549515,96.99255735659435,1383,631,1092,1041,267,129,61.38560694206747,74.50850681180249,0,1,1,0,0,BENIGN
9253.74690050798,57.550101846905896,63.4453139755603,1137,1371,296,131,1013,1093,53.11797776332966,46.80169000057594,0,0,0,1,0,BENIGN
120047.5023657181,42.34388048997925,76.40555898524384,1111,371,685,289,666,118,17.197241097547156,60.02878706941286,0,1,1,0,1,BENIGN
45941.5424719779,51.492750886067206,8.380843348716427,137,969,972,805,450,326,33.567764355886546,15.588503626600946,1,0,0,1,0,BENIGN
56624.359964128555,17.067743530223368,16.07155848915056,1131,1198,1068,208,593,1093,69.31089673581222,31.67951705327071,1,1,0,0,0,BENIGN
3164.4541461303806,66.29062523445658,73.32048049529766,534,1153,634,326,1220,207,42.54761067017772,71.2883847277754,0,1,0,1,1,BENIGN
30053.289067824746,85.2538740855967,43.13654563880019,143,1316,381,991,397,90,40.612901191102324,36.4891116085095,1,1,1,1,1,BENIGN
3425.6515227579785,25.79395067869006,44.59652704044057,868,352,1050,502,920,119,75.92692841305579,34.881122358778946,0,1,1,0,1,BENIGN
211350.12239367893,49.15142258318266,30.86076816354366,655,223,704,278,1075,981,0.5568860623661243,19.399263702604564,1,0,1,1,1,BENIGN
27891.61829949456,97.55273290209018,60.735638347774376,55,953,496,1405,1492,206,67.89944802453385,59.482487606524124,0,1,0,1,1,BENIGN
81494.69038555038,33.32417405507277,18.51650454162026,619,367,851,787,1391,405,48.92265104900153,80.9538606019198,0,0,1,0,1,BENIGN
3975.935168054596,59.50463449237612,62.69162793138956,1029,1113,1159,1006,1397,767,37.67625812463521,46.94450286056357,1,1,0,1,0,BENIGN
109915.46096145082,9.019570020024437,17.37988571352397,541,655,706,951,1082,546,34.05366115735896,11.55392564710892,1,0,0,0,0,BENIGN
39012.43994323304,60.601500247944315,6.382603470971359,446,1095,1072,1332,293,123,17.287549531516955,83.83674319094496,0,1,1,0,0,BENIGN
228199.04946609674,8.963177330461791,33.0357688699061,1408,432,120,276,787,111,33.42520827486031,7.139710460153337,0,1,1,0,1,FTP-Patator
219031.22232037413,95.92354353238221,23.11403420098477,1330,1371,1240,1099,951,1009,39.14184721103729,47.17273732012006,0,1,0,0,0,BENIGN
39347.322654213596,71.56626520723114,88.89916385563323,873,1286,625,297,868,1230,43.74489194248349,261.07733615724635,1,1,0,0,1,DoS Hulk
231224.05138111796,78.81597881357064,5.49534538686266,638,1294,525,1401,109,982,67.23006386775275,93.63181563200847,1,0,0,1,0,BENIGN
556167.7236148373,70.41043607716368,17.661369257412286,1325,508,1066,432,106,613,45.357101942300496,73.75431979485396,1,0,1,1,0,BENIGN
174534.73539422618,58.97290360764658,54.87196055830494,1428,507,751,1009,1012,944,79.62843042233506,56.64089829679203,0,0,1,0,0,BENIGN
186350.049185203,44.99127810855054,48.10671908474736,610,616,95,1135,296,1409,63.973799737837446,66.77554406893562,1,0,1,1,0,BENIGN
28636.12599209348,85.83733797610624,4.585201837470154,836,419,26,1095,838,705,18.959707949408934,53.27272628124905,1,0,1,0,0,BENIGN
85967.97985106654,95.6835667543063,0.7252428015144474,779,1095,835,316,1118,146,27.717317277051347,14.760094521940992,0,1,1,1,1,PortScan
6962.44072573011,49.90361729040813,98.80679419611499,836,73,1265,1044,984,131,7.924918644138545,70.90986799965383,1,0,1,0,1,DDoS
9972.966184805467,93.1535049155262,65.88347003588382,509,573,486,1211,844,731,94.57217549233222,49.26739522694914,1,0,0,1,0,BENIGN
680575.1219889282,58.33329099885175,36.54061309015568,1096,145,239,120,1495,849,88.65504812292666,63.43092713227341,0,0,1,1,1,BENIGN
39547.40594095893,53.83841868964332,47.04322476632413,811,45,1327,1365,78,103,8.479622545093711,4.5201663977269995,1,1,1,1,0,BENIGN
137905.6267629112,45.44827329553567,26.655012045428695,563,1128,66,652,1273,552,57.407601584746004,14.203479256325313,0,0,0,1,0,BENIGN
164333.11177315947,20.928776153011984,34.48737836932098,264,1132,1304,303,729,567,96.04018188608185,58.93704759319903,1,0,0,1,0,DDoS
195209.21151433254,0.37196608180591895,64.90444672682139,1250,1340,1215,935,338,761,74.71427899461557,45.942890308294935,0,0,0,0,1,Web Attack - Brute Force
604414.7186043233,24.150622685606127,88.28117988673708,1216,120,1142,1470,56,1265,49.18121939706727,22.6873668953654,0,0,1,1,0,BENIGN
27640.78463965971,50.97231716035652,18.413002308118486,1397,1066,1175,720,919,926,24.110298890663483,24.07609205335548,0,1,0,1,1,PortScan
4118.750595694294,37.99599522597526,84.03615053853187,9,98,1415,495,146,661,27.90370750812956,631.6583125559425,0,1,1,0,1,DoS Hulk
52965.430609138275,44.84852280026338,12.155662951826907,301,705,230,184,745,1354,73.62379546713606,58.96702692907397,1,0,1,1,0,DoS Hulk
13935.479557395638,98.06482195640496,21.49922235883912,1382,310,350,887,1040,943,78.05752732438467,43.425834422357326,0,1,0,1,1,BENIGN
2268.1173282547916,35.027237066932756,3.7175288049645983,804,1237,760,807,367,847,52.86933243514326,52.310350472660936,0,1,1,0,0,BENIGN
44695.42425253329,45.21829393601079,14.081186209299945,1075,1486,1194,331,708,895,12.094870151670477,30.81426027423341,0,0,0,1,0,BENIGN
153126.5804358061,13.351555135281956,91.73031454640505,98,422,862,712,1212,1172,93.38683736265946,820.5498284923362,1,1,1,1,1,DoS Hulk
83512.7170803246,4.795773243698765,45.94387466183786,592,1412,1155,575,247,168,84.4762734566735,5.676958256884346,0,1,0,0,1,SSH-Patator
37509.78791544164,77.54095145924947,7.7665861778353555,1036,1135,356,349,149,556,14.053877902742284,865.7827852469508,0,1,1,1,0,DoS Hulk
106230.54479496666,57.06831750719786,95.97268380389613,1413,271,1065,837,713,984,5.672758362885222,72.32629928877708,1,1,1,1,1,BENIGN
26398.921839175495,76.0704806043895,87.899230775865,356,824,1328,319,1236,1107,53.58676827497336,44.625437893319685,1,1,0,0,0,Web Attack - Brute Force
1448.5861372039344,14.986279888655163,75.46825208681412,927,1125,1029,536,216,519,28.4142617729526,92.44673902125078,0,1,0,1,0,BENIGN
144542.19963349102,57.18287711826909,93.34727919475579,10,209,328,411,1029,106,28.324970941456794,70.22382964947168,1,1,1,0,1,BENIGN
97748.3083988966,25.364247434137553,22.012942083576416,80,738,1193,905,669,884,8.722159275041175,931.0453496590437,0,1,1,0,0,DoS Hulk
143675.69459094215,22.806181690001992,83.63692930100864,1284,792,910,1179,860,1288,95.33858352713874,47.258977941556616,0,0,1,1,1,BENIGN
3971.637332766473,1.1526014052985256,68.99911963543062,5,1045,337,532,1418,657,83.01664596598445,45.29731009953861,1,1,0,0,0,FTP-Patator
181473.92606929003,13.034072356907188,86.97592495676884,1481,759,1092,501,303,30,11.383459187591683,53.07426314461787,0,1,0,0,0,BENIGN
96633.796091396,30.926811149969534,79.69115657426298,372,158,881,1177,1434,246,87.65987676508303,6.542670398580263,1,1,0,1,0,BENIGN
82872.71860742521,11.687876059093904,34.6495063176825,480,740,538,913,402,925,68.2956055963137,90.84942513366362,0,0,0,0,0,BENIGN
97980.05772521859,98.58584404109375,77.43985370172555,221,342,736,1091,859,23,32.54411318286087,667.7170516418507,0,0,1,0,1,DoS Hulk
199829.111693322,30.863264852395066,26.245630298489033,1104,1423,442,1064,379,497,87.12505544151318,61.75856779093686,1,1,1,1,0,BENIGN
88415.39606919448,13.032394670232817,32.859216302805486,514,1477,923,526,451,853,59.80221877819584,92.64635364705636,0,0,1,1,0,BENIGN
86976.5940983819,19.908231282795775,10.790571722297615,1083,698,919,1192,1252,303,84.8669844334386,993.6371776083867,1,0,1,1,1,DoS Hulk
467550.2210787053,58.77032283414765,93.50766159804688,220,1166,50,710,693,1421,46.92679244872524,16.339339065847692,0,1,0,0,0,BENIGN
141358.40281196995,6.404352386478851,29.100336340028154,348,396,148,749,144,1426,50.06510401618275,74.89969849050236,0,0,0,1,1,BENIGN
58392.298833458924,86.24341301411569,52.062246517145184,227,535,1115,955,49,315,29.10100294109561,579.9451744883861,1,0,0,1,0,DoS Hulk
122893.85376562178,96.14996792371473,39.13328364661927,289,140,367,111,1447,277,38.76926919447082,46.09971885902796,0,0,0,1,1,BENIGN
49303.55950481086,24.674742066738087,95.99281205835015,292,960,579,462,1123,541,56.77520691282214,97.76126016471456,1,0,1,0,0,FTP-Patator
25990.539120417445,45.00952685908594,33.50491709384824,809,239,655,51,342,1166,94.70592237086173,85.02630111551132,1,0,1,1,1,BENIGN
90845.12334188311,2.213445102949707,77.8545821422689,1216,291,75,254,881,788,60.011775996813476,69.67499840934693,1,0,0,0,0,BENIGN
263362.1504116234,64.07102247272215,85.541615463118,955,816,1109,1181,889,1433,14.737819178039357,38.26761671901395,1,0,1,0,1,BENIGN
264704.24058655614,41.39260580525889,43.560649748096594,1497,81,226,299,1036,355,0.6996185476486727,66.60408041546843,1,1,1,0,1,BENIGN
41840.6403770263,27.005846610155572,37.81718144529312,1280,559,1386,957,761,1226,85.098785550868,53.16941235594036,1,0,1,0,0,DDoS
75009.31924870727,20.683711061660848,74.7745820932628,387,869,958,426,847,249,36.432542336615306,24.936844974269878,1,0,0,1,1,BENIGN
23779.52381875633,65.40230776587605,91.28959803062341,614,170,591,989,923,102,31.496593963983287,45.03813231456741,1,0,1,0,0,BENIGN
543324.6192014816,41.62170310323145,75.49317330722383,1421,976,23,306,1195,1491,80.07311229423819,21.22119681017124,1,1,0,1,0,BENIGN
396954.1312324312,17.9659289029912,22.71263655918656,365,579,27,98,1382,34,94.53642990898355,50.04202932051845,1,1,0,1,1,BENIGN
104842.00498860961,68.91090814868241,88.83077474377053,657,525,120,120,1129,1347,74.80450883519563,72.02380759451205,0,1,1,1,0,BENIGN
163175.54037065763,56.507228303669365,38.75816674368331,289,541,852,1053,188,531,17.38473129114323,3.6646223819128965,1,1,0,0,0,PortScan
125561.76035847879,85.86720549294962,57.62294117779343,1332,109,623,229,1073,558,39.137829359104224,76.53797093186519,1,1,0,1,1,BENIGN
89933.09136890182,11.74758988764929,83.1435619292711,1301,1235,889,650,1272,1291,75.93985524347406,1.9993992008343286,0,0,0,1,0,BENIGN
5482.372639196747,78.56666019444562,18.83947674004922,1487,1461,1368,1277,409,1076,90.69258146705734,51.72777029593253,1,1,0,1,1,PortScan
60653.71787904519,67.3516786817259,78.45101356775531,188,321,30,1427,1414,784,99.86000639496602,57.34767071501634,1,1,0,1,1,PortScan
112327.27809391316,11.501093682809781,59.61627979106775,917,899,1250,1054,1402,17,51.15609071381858,76.12434596277909,1,0,0,0,1,BENIGN
113175.01750976329,69.48207298717207,89.33416418276082,1201,713,869,1185,226,1127,82.25248183419498,76.10288233408168,1,0,0,1,1,BENIGN
46700.43211463479,44.15472888798304,17.197040184354297,923,83,1273,1455,212,151,4.6631642777384075,41.74554458429062,0,1,0,0,0,Bot
284201.5744951548,94.49847855558431,42.068223704092844,987,955,49,1179,1004,1015,28.582474975496797,6.637251089843465,0,1,0,0,0,PortScan
18315.033882305845,14.161135061789931,83.28430928668375,374,375,725,1346,1369,872,37.15134033474893,69.35001527758172,1,1,0,1,1,BENIGN
69386.63315181398,64.2833390815738,1.9231703456760174,759,1076,388,628,418,1437,97.5523845281894,51.09860073924182,1,1,1,0,1,BENIGN
117403.85921414738,38.1980045462946,11.220136676564286,1477,1279,943,1214,1107,1107,0.3393648214860545,33.305845666310155,1,1,1,1,1,SSH-Patator
119447.07782097186,95.68146705908778,99.05652127567348,216,585,1311,1199,918,1331,30.80207377625931,23.487378275299044,1,0,0,1,1,BENIGN
104594.09709820719,32.997489529027646,28.039417859035055,1065,1243,1014,947,1220,1174,93.04122596129038,11.975821311047575,0,1,0,0,1,PortScan
32198.12389614336,96.21859094918001,97.55431937239534,193,99,474,516,776,548,30.667823504401127,29.51424972086053,1,1,1,1,0,BENIGN
16984.756397095727,90.1485851100749,18.253155100867392,1350,128,755,844,220,378,22.506676581457686,45.8489625125293,1,0,0,1,0,DDoS
101043.74874923896,27.038323531065632,36.109444300733564,1396,917,602,832,175,457,73.00885114359835,477.60916817925226,0,1,0,1,1,DoS Hulk
91454.7542460641,80.35417768264277,75.28694445035707,1488,218,925,819,583,352,74.53388929998653,58.2738931414786,0,0,1,0,1,BENIGN
19766.58936465737,99.56042018035059,65.77784072381785,162,476,1029,810,1345,375,47.21778826475085,36.246856935405056,0,0,1,1,0,BENIGN
122125.17138184886,25.266300217128233,58.11223999290556,275,1481,792,761,534,207,94.69174698654234,91.98978692387965,1,1,1,1,1,BENIGN
60728.511528777926,43.67771693233197,52.98991758050076,363,21,411,1362,724,459,20.270707954184186,49.5869613082618,1,1,0,0,1,PortScan
110189.94603112151,52.018073656675966,84.34404436647402,774,559,661,318,1417,1427,91.34158339795975,42.37250401184556,0,1,1,0,1,PortScan
181625.96409227903,29.49311358038643,23.49485628333927,479,628,1347,110,323,529,75.55080765252957,4.816796835148307,1,0,1,1,1,BENIGN
18600.24372223012,1.526483964602976,44.24709269935184,688,1018,1422,806,84,484,36.82083408540474,59.90150821328838,1,0,1,1,0,BENIGN
1933.0504120641033,22.012924419752665,15.545229215645728,459,1352,1305,1496,1019,121,80.69086197233739,60.28689360667185,0,0,0,1,0,BENIGN
151005.6877070906,28.193688434175847,59.594159573070435,1288,338,190,1040,886,793,13.320217641375386,58.3289630030703,0,0,1,1,0,BENIGN
94083.30077192397,44.35997013181871,25.054442427132017,538,178,785,1243,1450,1143,13.09824931932273,88.75969176082205,1,1,1,1,1,BENIGN
120277.2090878001,17.110247841340186,33.38420643433858,973,420,584,486,1291,250,92.9937203247406,76.290083258929,1,1,0,1,1,BENIGN
182111.60373501084,87.32543566916726,47.125071662352816,1409,1006,958,810,111,1322,9.47805078454117,86.74056195924268,0,0,0,0,1,BENIGN
162359.22887795354,70.4911132731336,2.6770585703127847,84,48,499,1328,627,46,0.4079606849404671,5.94225569099307,1,1,0,0,1,SSH-Patator
324214.82115081913,8.520047755966198,9.193793592083765,1339,766,579,516,948,1322,38.9030491584902,31.812643225484194,1,1,0,1,0,BENIGN
76773.08202762631,65.00924511399315,68.59292207082196,242,29,815,1152,749,895,10.385097443212777,31.87119436947047,1,1,0,0,1,BENIGN
67039.91553276018,65.36564764056205,42.89699807175072,1492,84,1457,834,1421,244,86.30364932442511,65.70450577686199,1,0,0,0,0,Bot
51397.59138744405,95.62211736436277,86.47902219998954,879,788,1086,623,51,723,92.2693513442933,44.86150487045102,1,1,0,0,1,BENIGN
16687.07884606378,0.30208713561612477,69.46720036441995,1365,328,1476,1047,83,217,48.24263643564127,77.74726032520418,0,1,1,1,0,BENIGN
85005.18592211518,24.79324498058072,0.8100941647322446,1200,609,1465,1155,711,762,42.54715330100369,38.44305666556947,1,1,1,0,1,BENIGN
32436.337969260847,92.77914793753155,61.671233076713484,1153,433,1330,555,730,1367,53.90392769440919,22.160757731240878,1,1,0,0,0,BENIGN
254220.75819010014,93.21339153982831,9.372486605971641,656,587,779,1344,740,1337,22.61946248449862,29.09510682942784,1,0,1,0,0,BENIGN
87512.67261114472,72.05864193706374,78.09331797904943,1106,1272,942,496,828,603,29.796586142033597,18.246972615081436,0,0,1,1,1,BENIGN
89854.94937326826,76.576332104754,99.1507688278502,1383,1157,1149,887,424,289,10.09771704840048,19.789269176290002,1,1,0,0,1,BENIGN
43838.8164165674,9.148295792964712,53.11987942415115,87,689,264,381,1044,601,44.64500911113633,21.683891543065148,1,1,1,1,1,BENIGN
5338.9544699168855,51.38758347782336,68.27795001941304,741,1388,6,215,55,995,61.169162253365926,1.6094711507224524,0,1,1,1,0,DDoS
3225.852154060481,23.15829912889994,23.731416089475154,984,424,1436,755,1314,1220,93.0223734391602,71.60880347625455,1,0,1,0,1,BENIGN
55049.402031340585,18.121804361361725,43.75977437537936,470,1438,1229,542,811,695,73.90731706267583,39.96023422711355,1,1,1,0,0,BENIGN
8835.632986675682,81.03032991233326,85.60953322363837,1377,769,1202,915,806,1439,72.30637335531867,2.2671331881828904,1,1,1,1,0,BENIGN
93355.63168130258,13.503813668054743,16.742294774625122,415,511,1491,1034,1008,609,30.799896209410214,370.0075444658403,0,0,1,0,0,DoS Hulk
212840.496823145,46.86516369963852,26.55356056137621,1074,1408,694,81,654,305,88.82932975100445,90.5368127115412,0,1,1,1,1,PortScan
214485.35451518142,93.8578239586033,44.543367528603014,681,1411,991,993,1006,535,94.69556966799976,51.12443169674448,0,1,0,1,1,BENIGN
107600.59781094082,18.583205556534253,71.22488918440139,1086,1011,1466,1179,907,1243,93.2262936542037,98.67520113463506,1,0,0,1,1,Bot
23728.283080935125,97.79934237382346,37.58839547956738,1112,1472,917,165,1396,756,3.8803026524385054,539.9594318780562,1,0,1,1,1,DoS Hulk
198775.12246541207,99.4287985761059,92.77322797830038,1213,563,1251,207,7,1013,60.435063630402155,96.2798999051064,0,0,1,0,0,BENIGN
217237.6774660524,55.561715468240294,9.445705126871918,898,302,747,23,123,353,64.3225105725295,20.18007288044127,0,0,0,1,1,BENIGN
21896.925700721094,17.014274017715792,37.08041975448475,600,98,145,806,1124,734,29.506516021650352,28.993481271936762,1,0,1,1,0,BENIGN
133722.26585696405,31.610488794089562,70.89541234284219,1371,1329,1319,886,989,234,99.24121831579298,69.99701101797613,0,0,0,1,1,FTP-Patator
33760.02410770677,42.44928326765351,22.598676566149244,1199,556,240,690,834,305,29.11874588185589,98.68216169994466,0,0,1,1,1,FTP-Patator
162272.73894179918,30.932422435822293,65.6413134229673,1387,41,856,331,1116,1133,21.661165818105577,825.297411019376,1,0,1,1,0,DoS Hulk
589176.3984102353,28.063557987651578,16.421695822734595,775,990,286,1001,1408,313,48.41456504431918,55.37052766757511,0,1,0,1,1,BENIGN
3048.601746202351,97.22297092163575,5.598028486168638,900,467,951,240,765,947,32.31473797703435,8.51526143589153,1,1,0,0,0,BENIGN
227658.47094790317,15.336482741574564,12.101571674864886,482,439,25,835,1103,1036,92.40294598699442,36.437910999979394,1,0,1,0,0,SSH-Patator
97453.05544575631,73.33279087168623,92.99847831341347,1142,326,451,180,1321,826,44.007673131477276,8.642570059659061,0,1,1,1,1,PortScan
362619.08617206773,0.041028943917487126,55.175088293955135,168,568,105,1316,30,166,41.01495546725834,31.128136186650444,0,1,0,0,1,BENIGN
62550.63220133939,59.61826694023769,79.63457754796491,146,32,239,1106,377,52,62.58621301085001,25.879210066532455,1,1,1,1,0,DDoS
187985.60713286727,91.59430039540524,33.26545009050512,1460,411,1441,89,329,1209,8.111467125112338,38.85552966367184,0,0,1,0,1,BENIGN
6442.553402568435,28.793409409321903,59.26586478854466,438,811,331,438,1322,275,75.67329468165218,83.7276589989919,0,1,1,1,1,BENIGN
40838.79505710341,18.55259752577192,49.49521337049916,887,1137,911,542,281,446,76.83988218048714,15.037667131038013,0,1,0,1,0,PortScan
6936.780364152464,65.1679794878427,94.5737959402294,1212,507,1065,192,1035,351,47.40258347276677,30.606394885360753,0,1,1,1,0,BENIGN
370269.9856597469,71.26014072983932,74.75746360541103,159,55,644,487,638,9,95.56979410004283,26.111724432160756,0,1,0,0,0,BENIGN
169812.65530907296,68.80305189519814,73.0542631496579,813,1375,34,611,871,409,57.93391107957477,29.614164713690784,0,0,1,0,1,BENIGN
191424.86548671397,31.931688002137403,4.635326943427954,401,1352,875,1372,698,146,69.52364542449908,36.06234748070922,1,1,1,0,1,BENIGN
278006.0267792967,25.22024021593309,54.96696690036911,585,545,1370,1112,68,828,92.43449555031013,24.431174993363847,1,1,1,0,1,BENIGN
8894.43196873209,95.59187999620443,46.699145390181485,863,1293,383,954,840,629,66.63453434247924,94.25812722231231,1,1,1,1,0,BENIGN
48710.51787210219,92.32995082699294,92.78422666061945,1041,195,810,1146,22,851,43.182600772554714,42.01017139126546,0,0,0,1,1,BENIGN
7368.409635684104,45.731660989282034,25.734198818953224,139,412,1311,1397,336,427,2.4771175633148346,11.411326519726817,0,1,0,0,1,BENIGN
23672.676380501274,84.61938661543734,26.983345329109433,1138,636,747,1070,426,487,72.82993156318093,46.76586100273209,1,0,1,1,0,BENIGN
26054.143697640793,45.2323477634296,41.13462488815004,327,1102,958,1456,844,1400,96.48660116010451,18.443190186135872,0,0,1,0,1,FTP-Patator
63319.5182169968,42.43890180725104,24.336971340637604,224,1106,1056,145,208,1135,47.023512353599386,21.613064250132,1,0,1,1,1,BENIGN
31274.304839958233,15.676294759929466,12.918391780874948,557,741,94,1026,214,583,33.97686377882641,28.504141764483272,1,1,0,1,0,BENIGN
10644.789199031333,42.64060564919728,85.74148466508008,438,136,1019,1337,634,655,51.925942641377844,12.475985602594674,0,0,1,0,1,Web Attack - Brute Force
18331.13533939617,53.7416938599807,55.82765244039158,385,538,204,326,422,615,72.84372056846593,72.11189325800001,0,0,0,0,0,BENIGN
15931.883591295435,2.2504327428686466,86.13627189565668,520,688,833,987,72,214,0.06904744820492859,79.19464747312489,0,1,0,1,1,PortScan
361476.6832999243,44.41130051754064,83.11347654036959,1276,718,29,1104,822,991,88.72117227318536,39.428492191560004,0,1,1,0,1,BENIGN
142417.28043015546,78.13562183952003,28.20423547896711,619,932,265,152,785,509,88.63628596783218,68.89925394335452,0,1,0,1,0,Bot
343459.2811184291,68.00460563742699,54.77374443242739,1121,305,22,401,937,510,54.129793360870885,38.89542901706956,0,0,1,1,1,BENIGN
57935.51856472514,63.5156988863935,8.321770274007045,786,1334,608,819,1297,25,12.237876617560794,16.407732363636395,0,1,0,1,1,SSH-Patator
32624.063278218757,90.95554284372025,91.52518840307584,1094,387,38,487,1256,192,67.18057946136213,39.71680613312783,0,1,1,1,0,BENIGN
160094.01073184703,1.803200982523001,40.42627150651531,550,724,172,66,1064,102,13.784566296331334,556.9873954816394,0,1,0,1,1,DoS Hulk
39490.19720502683,55.70475861922341,39.36761838890214,446,914,759,88,288,1228,50.75471514326807,40.99431407688891,0,0,1,1,0,DoS Hulk
35579.44369921287,78.73488484097071,30.275537061795323,1113,548,1436,1158,554,410,9.3629971981117,65.44843906823702,1,1,0,1,0,PortScan
26462.460698817664,54.13353827012672,46.06637447107038,1453,505,413,201,1293,744,58.90653382975013,74.26079690047855,0,1,0,1,1,BENIGN
13889.31448469217,32.389555258037916,25.175938654544805,1242,387,691,427,438,50,31.806932511798735,85.99702577085611,1,0,1,0,1,BENIGN
29633.68317562342,13.625056509197787,37.48522727968046,106,292,614,939,1337,1154,83.09914147375028,10.277056024930697,1,0,1,1,1,BENIGN
43900.0819171165,88.75630718161914,79.99470485848819,1499,178,208,1202,1417,342,79.99461262084148,0.009359385827234501,1,1,0,1,0,BENIGN
112084.01313491106,47.076239238760294,83.42555035851719,915,671,21,338,27,1423,99.8473875474441,73.26636902216234,0,1,0,1,0,DoS Hulk
6460.768856366412,87.81151969857014,30.418247762851614,1477,1452,4,78,269,201,25.750317470436478,92.41168037861081,1,0,0,0,0,BENIGN
23636.423527484152,58.58521224331683,46.90144305527879,903,1335,650,377,1490,299,6.180109277958035,76.5555721041261,1,1,0,1,0,PortScan
165560.56297563988,67.41921166150007,87.38197762800523,543,79,213,164,73,145,44.30032651488448,83.5435646761167,0,0,0,0,1,BENIGN
15890.420412443287,80.426115437845,5.267333182969713,1149,1037,919,748,673,769,8.340333496657081,51.70137971659723,0,0,1,0,1,BENIGN
41953.12944675591,65.91555446001344,88.91449619957854,1170,1077,906,936,245,461,17.849971506576313,52.671987456387534,0,1,0,0,0,BENIGN
199995.71820367425,39.80548406789377,21.91843456523317,279,446,1162,154,409,915,59.73001413615524,29.85055898391845,0,0,0,1,0,BENIGN
16833.026635169877,51.363338392865096,67.85392442143758,23,765,671,1146,497,823,59.21308513442985,84.27530519681638,0,1,0,1,0,BENIGN
8636.086383903963,80.30455246758798,58.255169638460025,951,1088,666,1225,1441,503,4.332747772969037,82.97695830837843,0,1,0,1,1,BENIGN
66269.16835373416,37.36502963729842,55.29407481892521,119,1395,799,1063,1011,150,44.29047514182787,39.21713457221615,1,0,1,1,1,BENIGN
36013.73759277892,38.81214567684971,85.93602247528213,1320,502,316,168,210,1339,53.02186928672417,32.92670704714739,1,1,1,0,1,SSH-Patator
82875.69932812717,9.569011605800116,10.157214364466128,854,569,792,1093,791,198,26.802423781998662,73.8373271253025,1,1,0,1,0,BENIGN
162864.56581731286,91.45844352217478,34.7028025325636,1015,95,575,791,1246,428,87.2043181875494,2.6168138337933744,0,1,0,0,0,PortScan
14751.266313471897,9.103631494544173,53.825274634476564,943,1283,1179,1353,359,302,16.10986476464219,85.99488985183879,1,1,0,0,0,PortScan
86916.6441536363,64.82091774485559,81.12888539460398,1105,584,1447,1463,581,903,25.39018050062144,44.62479893141729,0,0,0,1,1,BENIGN
70422.5843728193,41.31944788027977,21.64430834116715,447,247,90,1422,1043,497,15.699441503275303,44.134424654286086,0,0,1,1,1,FTP-Patator
15557.69468113575,40.561939025544234,80.29298413742762,995,126,1065,1002,422,900,11.654663387055809,66.90778473873947,0,1,1,0,0,FTP-Patator
97816.21077519032,67.95518365726839,39.96384824939357,1493,498,760,353,120,790,87.8979184007126,64.57493603105314,1,1,1,0,0,BENIGN
31971.009457124444,6.709373262987873,18.89138564336954,1446,45,1318,327,172,104,27.785916506998188,26.597406605636674,1,1,0,1,1,BENIGN
66910.7109694989,59.37057829514346,75.89864404434826,1047,981,769,497,33,9,72.25240194678562,94.32786045140968,0,1,0,1,0,DDoS
8585.4581910108,77.20317859723548,9.089890147454781,1084,267,1360,1442,917,1050,42.79823597252498,98.63299793326557,1,0,0,1,1,BENIGN
61541.61715059916,82.82127578865942,51.47673740754429,83,93,0,344,70,610,63.58734807339168,52.59890142961851,1,1,0,0,0,PortScan
36595.13629547137,17.05303893937753,6.387578386188841,224,735,108,642,544,768,92.81761961722094,56.1380798170347,1,1,1,0,0,BENIGN
172811.5661144482,89.74190500781737,35.64178551577876,185,1339,927,788,773,326,84.46078670432495,55.43179634236236,1,1,0,0,0,BENIGN
5866.643774561698,65.61460918474422,60.10767990063927,374,611,1148,376,783,882,6.898639242023785,48.578740817826095,0,0,0,0,1,BENIGN
54232.88036950722,88.18548008206828,55.61155414872131,71,70,1087,1318,967,906,84.52025352792177,94.51870536778256,0,0,1,1,1,BENIGN
61328.55799895035,48.52807171101983,40.46554179046665,73,592,205,1311,534,737,45.18235152806971,24.47524489774122,1,0,0,1,0,Bot
129100.62771928367,54.2033345097202,42.90479939721157,1364,448,1438,1277,13,126,35.01457268798853,10.795817625538906,1,1,0,1,0,BENIGN
85399.12195648273,91.90382770286712,22.676955335076656,152,1390,849,433,1329,1139,67.23879254616284,92.95472843248312,0,0,0,1,1,BENIGN
110025.0641618203,89.99095433546718,45.58825884241029,95,619,1267,500,270,923,95.0207873099248,21.30383142111527,0,0,0,1,1,BENIGN
150080.45438400286,44.8160873369002,95.32548557208342,444,613,589,1108,1076,170,9.413549758813744,74.9155353542086,1,1,1,1,0,BENIGN
198197.35001578348,27.441263163568173,85.04529177837904,1133,1433,622,520,462,211,76.80770302502391,20.38733092321151,0,1,1,0,1,PortScan
37669.61760656641,39.31704345642642,14.52328690763438,1481,90,1239,561,522,923,20.350803075795543,96.01860156223589,1,0,0,1,0,BENIGN
77223.95349174069,38.77643285297497,2.978078732092093,827,876,964,512,769,188,38.01361228269988,79.11217703373094,1,0,1,0,0,FTP-Patator
183325.71822396363,28.686687498279394,93.35243127166306,1074,527,964,515,854,932,87.38230162632499,91.87181721148589,0,1,0,1,1,BENIGN
455173.6625285726,26.857960433296657,52.674974988074766,376,1133,652,496,791,386,54.57991840123394,95.0984820111659,0,1,1,1,1,BENIGN
220291.45338737805,86.10629364797194,53.783782314930775,764,774,1403,601,1347,776,6.745664795042627,8.44243842689998,1,0,1,1,1,SSH-Patator
46436.71642007787,6.986192068466169,78.07179957065223,1096,671,78,1014,442,1011,50.80485501367383,43.33888558249475,1,0,1,0,0,BENIGN
21711.9876648513,67.76111820995942,31.468897387132657,211,764,414,1185,250,725,78.96419016414242,64.81003370283095,0,0,0,0,1,BENIGN
67215.41589399756,17.28200514564523,48.190756883600216,1455,1112,1476,666,159,1153,52.88805877655933,80.24561041262308,1,0,0,0,0,BENIGN
135340.69372640701,34.45058933940632,96.86629131467376,723,1295,1172,364,35,22,16.688923897905227,24.147174441440246,1,0,0,1,1,BENIGN
67839.46773351387,6.154303413483686,67.21486869324072,1191,1270,638,1448,879,1202,44.50410750575319,91.46048593892884,1,1,0,0,1,BENIGN
66006.22980074906,26.997363685546205,15.374503199578593,774,360,790,966,1221,400,92.43453680396493,22.09763290981346,1,1,1,1,0,BENIGN
182158.2308609865,76.84210711172422,13.32267479843533,330,377,1061,363,1473,504,65.8203990094113,86.61764015406867,1,0,1,1,0,FTP-Patator
44848.29164564948,88.50153245472586,20.42647583330054,750,1229,1180,107,1401,920,72.98865065085893,51.271257966419,0,1,0,1,0,PortScan
196464.73223044424,22.152715190236705,76.67116744207175,1166,344,332,1037,1269,1434,78.59365074494504,51.54221718701897,1,1,1,0,0,BENIGN
52223.176206150136,46.354783925892185,29.537700384061605,1468,797,287,1046,392,328,9.06934241933348,37.40056154819912,1,1,1,0,0,BENIGN
39784.388208687815,47.03240479372064,2.1388846675079787,823,454,1135,622,1227,470,58.153655926996386,10.35052314186905,1,1,1,0,0,Bot
60511.78257517129,87.35753057597341,94.41743635056619,393,907,1114,320,43,1443,37.59151931853081,34.709006311953814,0,1,0,1,1,BENIGN
143736.43485470058,76.27990528758055,16.971341639491065,511,66,1072,509,314,411,13.915916367209713,42.6736714982473,0,0,0,0,1,BENIGN
13467.722353981308,51.30772183680499,0.9558186148068581,685,986,160,671,407,753,20.270955830402382,47.90210565529706,0,0,1,1,0,BENIGN
21867.755856222415,67.07472004717734,23.7131602383323,620,978,1425,1064,894,28,78.11604737247345,73.90952904101334,0,1,0,1,0,BENIGN
302505.45124385477,84.73550539093668,23.50287871181337,1351,42,319,303,205,244,16.14891052897728,35.20701104650586,0,0,0,0,1,BENIGN
19296.798225097118,0.9538954025544943,42.200525084572305,603,228,923,968,1264,937,31.241860722171932,406.5928603139864,0,1,1,1,1,DoS Hulk
83869.86813733884,40.28900310500486,92.03898315000369,1282,1467,363,1438,40,825,28.48733382630815,90.60986023221193,1,1,0,1,0,BENIGN
86586.9676098229,90.72431672770787,87.9184917779098,1460,233,1465,1473,587,1083,4.863036391456765,75.25672946335956,1,0,1,1,0,SSH-Patator
67260.84753145321,74.03130308439513,45.68945549824279,717,1222,474,1417,713,138,46.215844923935855,2.2855769503791534,1,1,0,0,1,BENIGN
103492.01372226418,54.284137433407466,41.08999049918065,348,496,1022,364,1386,356,76.59298421692087,81.20887577230376,0,1,0,1,0,PortScan
26113.97580185179,52.964452703513345,55.500908647485126,514,847,765,737,897,211,2.215263274889967,98.99439243503593,0,1,1,1,1,BENIGN
80444.14165829486,34.777009760443775,24.345401197176574,1472,1055,601,988,94,1162,11.255145047989611,93.9767741367822,0,1,0,0,0,DDoS
46549.10347280817,52.052053364151455,5.218499196636284,398,1287,311,1020,539,1391,72.01866795975678,83.59558994960898,0,1,0,0,0,FTP-Patator
108372.5428774483,65.53831994634533,93.92241361712067,213,112,588,1452,1167,485,59.358099067291356,62.91737473372672,0,0,1,1,1,BENIGN
15224.662762104572,41.83630384287931,18.669898487717273,561,972,1243,151,58,1359,71.5247614048682,27.8192122165261,0,0,0,0,0,BENIGN
84601.26592375629,71.4153146392174,19.84007292457164,1312,458,342,258,853,177,23.010395487713854,65.44306113800963,1,1,0,0,1,BENIGN
20489.894517069904,86.12322272603859,47.24603288539476,1282,1299,905,706,508,512,80.37687832974049,69.55924708758644,0,1,1,1,1,PortScan
32662.12061051413,15.468484818486116,49.16133448403307,257,1169,1117,222,512,112,47.98710601102767,28.155816103067053,1,1,1,1,0,DDoS
24680.862366950558,45.154702281742445,1.8434209700741944,1411,1380,1156,1289,798,282,61.03019741788571,25.532962440843963,0,0,1,1,0,BENIGN
20191.76479796174,40.80200912850811,14.79547387739707,693,5,171,229,1045,1139,9.215341720083625,39.692385909227035,0,1,1,0,1,BENIGN
174704.0160103516,68.74648040497281,37.81548185607417,1288,1363,625,438,737,543,20.50315833598213,64.1146969033535,0,1,1,0,1,BENIGN
33646.28313906887,24.986746525792935,68.3730693510539,1336,991,1032,149,1227,40,77.33578816103082,29.30622692823739,1,1,1,1,1,BENIGN
261899.29190405374,64.02509149522763,22.841845683193583,1063,493,681,909,698,931,22.39084411887785,55.56665221785336,1,0,1,1,1,BENIGN
350411.1736452182,87.74892417314881,42.30144462417626,997,1131,1344,1480,886,1190,9.252982752145867,89.92374018541828,1,1,1,0,0,BENIGN
84690.57004785138,41.81315997936227,55.73450647164668,819,70,1121,977,470,854,59.720328225210025,29.510032487924953,1,0,0,1,0,BENIGN
15431.867038022861,91.101569997922,88.8592494623292,209,938,1192,1159,283,1244,54.79365161617328,96.59737361275117,0,0,0,1,1,FTP-Patator
46928.10797548315,99.31637389334784,32.60705023271233,271,1363,310,634,371,925,60.7893928983293,47.33479786732156,1,0,1,0,1,BENIGN
159816.30302172873,10.609204994795206,13.355826586348352,1159,673,913,398,1355,312,61.83054963630913,10.09083376458939,1,0,0,0,1,BENIGN
45790.23123486684,23.305318798485864,48.927222589760824,598,1123,1366,621,1050,1369,50.01973458645037,5.503939372957367,0,0,1,1,1,BENIGN
9103.825760420155,95.03797514820931,74.67216016840621,1083,1350,429,142,854,470,49.377392056865574,33.867451429931506,0,1,1,1,1,SSH-Patator
81370.00983889578,95.83276864813868,10.985975705273344,1038,1056,857,947,128,1154,92.41655652894624,25.87589567298729,0,1,0,1,1,PortScan
186511.0153248133,9.77072753867585,42.46834916969604,1022,142,284,1093,1403,47,53.38817248797403,84.37133272032523,1,0,1,0,1,BENIGN
158927.450289189,1.499850037713668,1.7785141262483428,254,1267,1283,53,506,133,61.73002024138587,73.76384214169565,1,1,0,1,1,PortScan
19252.1164552017,16.110002325642224,3.3559181647251135,736,735,494,843,1118,518,26.696939193874456,88.45462868700584,1,1,1,1,0,PortScan
111707.55334398084,99.60127833822483,48.29533632166656,721,725,354,937,577,998,87.1093200802191,58.92534982118697,0,1,1,0,0,SSH-Patator
24910.805994845785,17.999961661068685,29.819729815092945,534,216,213,1426,1200,316,2.4368092659163176,43.54572475905007,0,0,0,0,1,Bot
24616.59631117443,50.254760672202316,84.51072990054122,1258,433,816,551,472,1461,55.72267622977745,27.056792808573704,0,0,1,0,1,BENIGN
207204.31637373578,84.8417726430511,60.21543061264543,1154,833,199,1050,1007,1458,38.385029519810864,58.310883442324965,0,0,1,0,0,BENIGN
28724.077349213207,2.040161068820634,45.39329617429904,1023,1077,1259,298,1298,85,60.39041955604769,61.80247782361531,1,1,0,0,1,PortScan
30550.30557664905,60.44889822584595,40.793537105429635,16,719,852,691,667,1071,36.017204977138014,39.294756374186655,0,1,1,1,1,SSH-Patator
65.36043140703691,27.702544886962432,49.72454801895633,881,941,135,557,1446,1009,71.76879117176469,93.659542182739,0,1,1,0,1,BENIGN
204538.05332887222,86.23349164397315,4.043883121266134,953,906,947,1343,319,489,2.0331442973430813,63.99545883495158,0,0,0,1,1,BENIGN
157308.09748645834,28.346114926407918,89.27933564206599,825,994,627,444,57,423,40.5889438769143,83.74812006015328,0,0,1,0,0,BENIGN
98705.91119225869,68.67557202819089,99.83031557339584,991,1174,916,97,272,386,83.12635997424137,62.03907473689561,1,0,1,1,1,BENIGN
138735.79823197974,67.42196324473969,18.148712485869865,877,54,1445,1149,1221,925,25.020071777943585,31.653678533170492,0,0,0,0,0,BENIGN
16493.191773662984,22.149354885964,12.038296477461973,184,1471,1364,57,1102,239,5.275087838032199,73.66191578787002,0,1,1,0,0,BENIGN
61308.64938250955,3.4799199868350117,14.357746344859523,1414,1058,341,176,981,1474,49.652407456516855,23.025453088366486,1,0,1,0,0,SSH-Patator
43266.06584843427,40.92495737853973,66.10270582343671,1446,860,387,718,40,257,97.653346052679,59.66093649986084,0,1,1,1,0,DDoS
9846.934359420757,28.91931519658697,66.14408384507747,1465,1006,3,1308,737,43,6.415856153513666,40.23663430194018,1,1,1,1,0,PortScan
66578.59080413012,80.89777496137086,84.79241622784109,1035,1142,676,665,1268,1191,7.005649274979331,14.988486880437012,0,1,1,0,0,BENIGN
253501.7279705927,80.03641884553453,75.18263884262532,79,1220,398,1050,1046,1214,59.51165649466782,41.324057552789284,0,0,0,1,0,Bot
4088.3578760998976,45.70239521926255,44.96896733693397,808,565,1445,1474,708,663,25.006771287812914,31.028082945408954,1,0,0,1,1,BENIGN
34455.0053403859,60.65122253232189,61.28553615653188,301,770,410,322,235,1299,41.02312336372253,11.22220817084214,0,1,1,1,0,BENIGN
23261.442908307974,60.42595159869252,68.82846703680079,1239,877,212,674,125,1006,83.05071529993909,82.38282286598586,1,1,1,0,0,SSH-Patator
27200.120069694396,82.71581484276234,51.27364702852252,1271,823,559,1273,777,1392,19.884868418251646,49.858255643458286,0,1,1,0,0,BENIGN
239070.12823846584,42.50024141231975,47.56509844516367,1295,513,557,1393,835,1329,71.9299936981433,34.63562722714204,1,0,1,0,1,BENIGN
63124.15992576712,27.544667979050907,64.50974456426533,132,861,557,845,139,753,50.448551326755634,50.49642497029508,1,1,0,1,1,FTP-Patator
62792.02956612405,26.503491814054748,55.747454897565376,1028,421,1071,89,878,104,90.49576924142717,75.45831175084565,1,0,1,1,1,SSH-Patator
142951.77469038652,53.61922792822041,64.39423053359104,755,516,1210,130,393,953,97.2962000293564,1.8295393219249556,1,0,0,1,1,Bot
16781.78901122985,44.91482027322126,61.28547739633638,628,1162,501,1052,827,926,48.49607856533959,54.67517605736211,0,1,1,0,0,BENIGN
66799.68270904792,44.01207709849362,71.91965605136546,1009,704,643,661,126,1444,58.46470591154669,47.91507832839679,1,1,1,0,0,BENIGN
56209.29783514891,9.113733908970723,64.2803508782876,772,808,530,1109,1137,1372,74.58425407375533,89.30701915150736,0,1,1,1,1,BENIGN
90859.71300409066,71.86037406901956,51.974248643726725,140,43,952,57,836,953,31.867414187200506,55.59716587878138,0,0,1,0,1,BENIGN
772352.952206246,21.37366879819107,68.17968112843865,482,857,786,1080,524,1342,22.674035052324683,13.732284253906734,0,0,1,1,1,Web Attack - Brute Force
146728.27234727735,19.695363020872136,44.9481965185428,1328,800,474,993,1251,1443,96.46851724430053,38.86832152851403,0,0,1,0,1,SSH-Patator
50727.47738643459,41.27583202773935,24.167122597260104,344,218,41,1417,145,694,43.26153912195782,62.106937205258546,1,1,0,1,1,FTP-Patator
175766.56392285076,22.77783416178014,0.141822013391546,1293,567,603,1048,1186,56,0.15908265157736912,4.593380705578487,1,1,0,0,0,BENIGN
18718.339236116804,58.38582673080154,55.99641471458432,1131,907,1284,189,734,239,83.77182985250835,88.46490973976132,0,1,0,1,1,PortScan
3093.7348898737214,37.14633393344715,59.0655226608641,473,257,47,958,727,980,59.966416129108566,6.77823407129543,1,1,1,0,0,Bot
22871.953383094624,44.89117225927901,97.20489647757144,1105,960,727,75,168,426,16.85585627203041,3.0591127846373523,1,0,1,1,0,BENIGN
41613.92083323083,53.716932160402884,36.147833409427555,1107,1400,1469,370,1148,616,3.0139693177078986,0.2015574100220241,0,1,0,0,0,BENIGN
71453.58101105604,20.353552248180485,39.41332428283118,1313,892,220,898,299,576,29.148243104173112,68.37444916328548,0,1,0,1,1,PortScan
95484.74309407134,15.57516228655298,20.17995813421902,1094,288,939,850,1273,1001,92.78870954736647,45.59200872226682,0,1,0,1,1,BENIGN
241469.8549791932,88.04219028736048,7.053429523732191,174,1493,342,505,937,139,93.34911700356123,10.281769422910081,1,0,1,1,0,FTP-Patator
71305.19925597377,43.372370283142104,77.28044928617406,841,971,1261,182,521,61,31.100348630211816,85.6208522655561,0,1,1,0,1,BENIGN
69570.17298959527,41.209360963253914,24.9681064339325,1486,102,154,153,104,151,83.59309928207168,20.272027409240646,1,0,1,0,1,BENIGN
5154.912692356864,3.561215027284148,60.890486103003795,1418,803,937,1292,617,129,44.18453232570957,32.63241589710692,0,0,0,0,1,Web Attack - Brute Force
3553.5526564714983,49.797630258739325,68.77730355454815,865,1172,840,902,968,430,65.43447491365944,17.772147384827708,1,0,1,1,1,Web Attack - Brute Force
80108.8717336469,55.416972161100006,47.12366872916477,1114,1107,1079,1301,505,1463,33.444387587109006,92.67562977226069,1,1,1,1,1,PortScan
57657.12967708981,55.88408709546665,87.63521130271916,468,1049,386,1363,301,1235,51.5972596270985,75.80667831720358,1,1,0,0,1,DDoS
182747.20079048132,70.70311693228844,44.37948409797288,1457,1198,893,1046,652,399,29.37794465503265,72.39533966442725,0,0,0,1,0,SSH-Patator
17516.27440045595,17.748183499101177,28.490862304176513,1272,1445,1338,1455,1253,673,6.111436235646273,4.3996030072793175,0,1,0,0,1,FTP-Patator
2528.874391132039,25.22231342306188,89.60155229616224,643,1369,37,525,63,540,13.937818619153886,522.7017042393655,1,0,1,1,1,DoS Hulk
59609.08315243777,81.07304652304127,86.15642842499565,680,301,1364,605,589,181,29.067449447323725,57.545243674474044,0,1,0,1,0,PortScan
27112.464860387325,94.7170616843394,16.4039947076413,954,1321,850,1366,231,1074,97.62537839761299,38.25208400826825,1,0,1,0,0,BENIGN
5088.745395069877,13.593274736732063,2.596101835392095,848,1158,728,878,1206,525,96.56721502499917,32.175625029764745,1,1,1,1,0,BENIGN
128952.44721100856,49.76495545052182,8.998555634962068,240,1078,230,1075,318,349,82.7663342484531,85.19428602187867,1,0,1,1,1,Bot
11832.53076111503,21.417625273958684,28.654739855381706,701,55,451,338,828,1081,23.250605109608692,2.3016591354532046,1,1,1,1,1,PortScan
93730.88225665997,6.007316835498244,97.22598017417107,339,1014,1365,1064,91,418,44.160214054182255,62.53548482770669,1,1,1,1,1,Bot
32996.3117211249,32.550333812613545,55.8516153160825,792,373,1476,517,960,1160,43.97828384907043,39.424691395776655,1,1,0,1,1,BENIGN
19055.058297267246,14.368762518421274,37.32617320292688,743,830,256,406,63,639,38.697324481818384,66.59506811432904,1,1,0,1,0,BENIGN
47763.511174466774,70.99330734342463,88.87160946127463,1494,919,433,137,843,36,4.4880305089745605,19.791754579503674,1,1,0,1,1,BENIGN
161669.30485158283,53.37254136714444,45.31363314784996,462,1362,208,1122,218,493,53.452737422431774,23.86593546286878,0,0,0,0,0,BENIGN
49773.43182437553,14.383447099031088,31.52386284010211,800,456,1224,340,703,358,7.281199212486089,586.853806676801,0,1,1,0,1,DoS Hulk
138937.77065919564,0.9241588405514367,94.12195287456574,1298,1378,136,1339,618,1108,80.19186807179437,97.99385462858012,0,0,0,1,0,DDoS
13408.731489113321,80.81570490242127,84.9517666192678,14,131,564,541,246,650,69.13071428447816,97.46835829863171,1,1,1,1,1,BENIGN
148179.88063188636,17.619440616424754,84.3668375419441,1064,492,855,224,963,538,35.27370066435347,24.89809838106858,0,1,0,1,1,BENIGN
27040.986607211682,60.621664222076596,51.22847430502131,207,109,1417,260,1496,343,64.71363822124631,10.235103032571057,1,0,1,1,1,FTP-Patator
113132.08174510562,33.692191307674555,78.9438398815455,1083,581,720,1270,1013,744,23.303700655909807,59.03432379299968,1,1,1,0,1,SSH-Patator
83420.75416502618,58.54859383150356,17.93533592645519,364,795,844,1102,56,170,26.525006495663238,41.99826080736283,0,1,1,1,1,BENIGN
264711.57526284794,31.565362698232402,57.32229575562437,1263,1149,35,696,1068,865,31.41335169254049,76.16867129707465,1,1,0,0,1,BENIGN
48991.661196656365,8.693956069225417,98.38459228475458,607,1319,1238,810,1109,19,79.70115999353298,52.798372527849914,0,1,1,0,0,BENIGN
6845.571810228017,22.29500085577536,29.095843051796166,159,1202,26,472,1061,302,21.06913468460845,51.05868059956411,0,1,0,1,0,PortScan
1934.1328972891515,18.80585664790756,79.43523292476752,396,809,17,76,181,775,56.278122748603856,646.4598682208191,0,1,1,0,0,DoS Hulk
175364.64518784254,42.80193524396439,49.047840720806725,793,885,629,261,163,996,20.046711442148503,12.641844484898412,1,1,1,1,0,BENIGN
74388.40774735606,65.82837834261574,3.980568322208733,499,1220,1160,1025,756,1220,28.50374250624149,677.1617296665676,0,1,1,0,1,DoS Hulk
149274.0140285175,26.380607494635754,76.30193978156674,208,772,578,16,125,326,23.548129298649133,48.85197006554536,1,1,0,0,0,BENIGN
26712.8877244031,1.206993530061795,16.85691443921128,1156,1124,902,343,1230,575,64.50046710732859,82.01470656344424,1,1,1,1,1,BENIGN
42324.790726652274,51.89373642647569,63.147356713275016,1404,936,974,1035,266,1035,52.67289444557803,13.87068337048184,1,1,0,0,1,PortScan
3056.6297972627212,60.57594893589721,8.566419404697289,432,572,1053,939,353,360,72.12991459055533,30.074704911640392,1,1,0,0,0,PortScan
325689.76958469313,96.28704940018096,94.68673974959648,608,1206,1096,693,1434,771,21.99434373329858,95.02463740155243,1,1,0,1,1,Bot
110222.25178123868,58.94708030932468,29.17238871803609,388,808,122,845,1145,295,0.9148535726037244,55.307287929002136,1,1,1,0,0,SSH-Patator
270612.83654016367,47.117255937814186,22.64646916773949,996,878,956,1030,609,1426,68.05095671303349,92.93009997539899,0,1,1,0,0,PortScan
30856.039220123195,57.34016258977038,12.91364040663343,582,1032,1000,245,468,1461,11.485395849507595,68.90351031118789,0,0,0,1,1,BENIGN
94536.84487618945,92.7900629862027,94.60021933390477,431,412,986,985,800,768,24.63052244239561,92.64313649351259,1,1,0,0,0,BENIGN
113475.76366812573,82.83781456016463,71.19037424413051,1297,829,1251,1180,132,1398,30.568615246122267,31.782628436048,0,1,1,1,0,PortScan
38206.55754648315,32.2978733363808,74.16608887180887,350,565,337,173,1402,758,74.6802092290868,9.053375836915723,1,0,1,1,1,BENIGN
188459.3667908195,23.725436365713726,49.94045613802446,133,103,990,845,1011,652,62.589181065742714,80.22417648980988,0,1,1,1,0,BENIGN
294051.44851815084,26.263361236607363,47.47277852704834,1089,1149,272,692,848,817,18.426543652582883,80.44687524623366,0,1,1,0,1,BENIGN
216156.40974373923,50.4421039715213,11.002124299147663,638,676,1460,1008,1019,692,59.78878106197417,61.88267946423144,0,0,1,1,1,SSH-Patator
134349.15173846713,74.40494512285778,55.984109558399176,1228,944,901,280,317,499,70.81479951106118,57.95702031618322,0,0,0,0,0,BENIGN
32498.89739966056,50.32192071829621,24.691649510879042,1321,269,38,1332,710,1449,38.88972027901715,91.49081706762841,1,1,1,0,1,BENIGN
33075.10925686838,6.779639582811258,97.71453328004058,116,465,681,989,1148,1067,24.5952914027852,17.649846702153095,0,1,0,0,1,FTP-Patator
330662.34850124305,72.3580700439981,79.65809400151474,1290,800,425,236,450,1132,67.89827729147892,616.5379713707671,0,1,1,1,0,DoS Hulk
1033.7746784078452,80.59701286709539,41.29920601928876,148,1141,314,156,1231,1121,61.08912001414972,4.977061082221068,1,1,1,1,1,BENIGN
125895.70184243082,28.949786511971965,15.134125869153303,1217,1115,613,1274,1323,1468,7.791215847082011,14.086493675762913,1,1,1,0,0,DDoS
122501.31499674363,66.41257392833504,78.5331691138784,178,1004,754,1022,632,1104,66.66796402337542,43.727234844329956,0,0,0,1,1,BENIGN
97468.69316163284,42.659190105439336,12.205376708131599,147,1110,156,1244,141,1241,48.851793283529865,82.12073693884159,0,1,0,1,0,DDoS
461611.44654179714,88.91193557274428,18.93337534970705,464,233,871,337,1003,148,75.33689569777275,733.1326907500593,1,0,0,0,0,DoS Hulk
37379.121768578785,84.52255581607399,21.15205177442274,975,912,776,1246,1497,946,19.07175418798268,97.40643910459944,0,0,0,1,1,BENIGN
41547.28142540341,52.54319983096423,55.68906382730944,568,1147,256,1234,858,1099,25.82164179013764,4.484864846989922,0,1,1,1,1,PortScan
8222.945004491383,69.15055458135944,78.70566539903663,1028,1226,854,336,568,563,54.33127390975212,38.13522188262349,1,1,1,0,0,BENIGN
58482.76927599995,88.33497010221039,31.431487872469223,525,1055,634,1157,303,62,48.17335278921991,158.79080157516088,0,1,1,0,0,DoS Hulk
30252.302491911643,49.57170100782755,8.46698142752894,279,356,455,770,656,393,38.63653710564966,3.696128404950172,1,0,1,0,0,Bot
42066.00215727315,31.325074048882197,46.45384635244192,498,1486,46,494,643,1390,74.60333144297888,26.439755629447482,1,0,1,1,0,BENIGN
179921.79562535265,75.36661379095813,74.81102411599355,835,963,1355,546,592,1278,56.47515636282824,24.447184418721633,0,0,0,1,1,BENIGN
274084.99836509826,22.00662547846918,22.166384308738827,435,93,9,1206,29,58,71.02718538941187,42.002771846219176,1,1,1,0,1,Web Attack - Brute Force
20546.704536450707,38.8531148006042,21.992454803937424,815,1431,143,160,1400,519,15.325496231911572,14.00812079005932,0,1,0,1,0,BENIGN
46602.584162883606,86.57272371067937,94.72270273467109,1239,1123,1454,604,1364,818,72.89882951455373,48.85675792261175,0,0,0,1,1,BENIGN
263988.5542104075,72.4422340269315,95.41537271191778,686,243,1175,386,1232,388,46.15281081002919,92.0098327314242,0,1,0,1,1,BENIGN
6380.115113017133,40.381100524749925,99.04657320615765,827,57,486,1220,1266,587,3.3767935684587025,74.81889315983149,0,0,0,1,0,BENIGN
9690.803662038801,21.47445024083574,80.765960157478,968,964,1159,987,694,1449,23.44915539964991,84.21773294932667,0,1,0,1,0,BENIGN
17768.15254560648,35.59683908322365,18.818416916794554,1160,1380,1049,1375,157,1013,2.5756391740577977,80.47285933215332,1,1,0,1,0,BENIGN
90439.38663703713,28.4104149227433,21.198152079926135,611,319,1030,233,145,635,45.68745219910437,38.9626336440634,1,1,1,0,1,BENIGN
16307.469685607884,17.608928794385392,34.0225241522392,594,1042,590,1432,339,523,32.58797605550854,708.9610362978351,1,0,1,0,1,DoS Hulk
344440.91497533774,74.33329135656567,31.813253133349086,1303,356,1038,1299,865,279,98.74495599132513,75.42562394229975,0,0,1,0,1,BENIGN
59188.118508608866,25.20698868501715,95.6527749078009,131,116,1455,710,91,1068,86.85041169568632,20.564810569923566,1,1,1,1,0,BENIGN
69618.77190159891,45.416747016776384,78.90739828816936,392,1159,898,458,328,564,82.56708603431493,86.02623666197732,0,1,0,1,1,PortScan
28323.678845704693,38.585944683610904,72.40087921615539,480,295,1423,1476,171,1204,50.111654903124546,45.774739852226354,0,0,1,0,1,BENIGN
63669.17127720769,98.20773786356308,18.596322405813183,627,524,206,412,701,1424,80.70874993507668,1.6359739509384408,1,1,0,1,0,PortScan
108445.38913974355,39.10922441482205,90.95255593623295,418,1124,909,1041,1054,1397,26.68696474627552,64.33841086138504,1,1,0,1,0,BENIGN
139101.40290675082,7.9982482796754795,82.78703795061737,1225,1403,1239,71,620,233,56.06494678465249,67.6763091917965,1,1,1,1,1,Web Attack - Brute Force
140188.76376332715,8.982575257208403,16.36418413279237,651,1178,1482,377,271,185,39.291806131941,55.17622966768333,0,1,0,1,1,SSH-Patator
86249.19714380527,59.07537213530648,87.11703319609725,657,1128,258,681,1118,804,17.13419115227297,21.241530084715656,0,1,1,0,1,PortScan
234716.17837584068,59.93635517382656,27.22475363704713,461,1151,1352,833,988,74,7.261343136840404,48.22780273560653,1,0,1,1,1,BENIGN
170050.02871341645,41.875899048265495,8.086974583210605,1225,400,453,1378,76,937,55.821838297161484,40.01274502455071,1,0,1,1,0,FTP-Patator
141489.18581217475,43.184369231202965,65.68223065142101,151,738,798,150,150,709,9.763913488020615,97.46860738439258,0,0,1,1,1,Web Attack - Brute Force
5721.132054820683,5.393258284087121,65.38046593843306,221,528,374,1284,141,232,71.80030966859825,82.46784347559381,1,0,1,1,0,BENIGN
690.1724421494768,51.654651038926225,9.49320095656181,78,556,463,1103,230,1191,92.14684787261558,761.8996050872148,0,0,1,1,0,DoS Hulk
23882.49609303227,50.47394753803517,31.885180893658237,1223,549,74,1129,953,534,16.210610971156093,18.107370300016314,0,1,1,0,0,BENIGN
108922.72479973313,14.954931855694454,99.28144622555386,98,1147,241,1426,127,1430,47.093857851022825,33.10400174212166,0,1,1,1,1,BENIGN
52966.444677110594,10.383938611092757,67.84266670087369,911,359,1040,719,859,1253,73.87745930598251,37.971183556922014,0,1,0,0,0,BENIGN
51484.41192801495,12.35724905994905,73.00751666033291,212,63,1282,129,695,895,28.683966103302684,492.6275323004795,0,1,1,0,1,DoS Hulk
215923.73111684347,10.102824649125852,21.291728560430567,1166,764,122,1194,496,971,92.07645196329372,3.0224512065471387,1,0,0,1,1,BENIGN
225916.98060308953,60.97081955367598,7.878207100391432,701,773,1334,405,1303,646,88.84655588699108,59.30092280746514,1,0,0,1,1,BENIGN
239882.36081577733,19.648265240291863,27.690168974093766,1412,623,110,1056,809,292,10.375435572967795,35.78565439721063,1,1,1,1,1,PortScan
37669.993602088274,25.143015218746346,24.889838519319195,1397,101,1279,535,130,1423,2.7399771531840145,56.1677145425915,0,0,1,0,1,BENIGN
117459.46421504821,17.35721441514397,23.45441007480531,1075,560,233,196,1484,37,97.64584829794019,8.978384256706939,1,1,1,1,0,DoS Hulk
31695.048581039282,95.7835304448503,19.275432188703956,966,1300,967,916,268,1255,95.64750247711311,321.4331389975237,1,1,1,0,1,DoS Hulk
21147.41952112136,85.46174631518355,57.475569065540434,134,1250,496,1069,617,167,42.22856044659632,76.86660560129889,1,1,1,0,1,BENIGN
20411.629481893116,23.049483735152087,32.810347584182175,410,1046,1063,273,961,1308,5.056332410597242,50.10815525270401,0,1,0,1,1,BENIGN
41871.39185772695,32.7566293922126,82.03450150475304,1493,843,1145,132,1283,102,61.88755527460279,788.8873283456383,1,1,1,1,1,DoS Hulk
56204.45696539887,20.989284230499717,18.3947417847384,1135,1087,1473,263,1074,144,29.341010738865624,69.89603925173866,1,0,1,1,0,BENIGN
177755.5846291423,49.187595946082375,46.46270708685445,784,1180,726,366,1156,754,93.67229869005543,85.49205751509771,0,0,0,1,1,DDoS
12770.96217498297,1.9610532474253595,1.3657836426079983,1067,1413,91,824,808,659,79.46619250543034,0.7443588552173641,1,1,0,0,0,BENIGN
132774.56709872087,67.13680088967958,48.16823224551921,1420,1172,1384,4,1028,365,64.95937841334435,26.13254918443939,1,1,0,0,1,BENIGN
75812.29475460696,52.31581498176416,5.583822087647439,260,838,1146,268,647,152,28.450384751352853,54.88017266010815,0,0,0,0,0,BENIGN
33960.06046120076,89.86389283011033,97.77235118726436,742,1386,336,850,737,827,70.12685794417175,94.10180766521825,1,1,0,0,0,PortScan
67888.84896425268,16.439268432841413,79.05921286504129,544,680,512,732,501,421,28.916826675920404,67.9790180132539,0,1,1,0,0,PortScan
35659.21899015459,80.41092460611317,49.01114766364554,387,1487,602,1444,1207,318,3.7630984151876046,45.65887862818485,1,0,1,1,1,BENIGN
90654.3281100516,79.19610144667158,8.658735817935026,1499,644,427,1369,408,484,50.8434587620274,13.014133050768306,0,0,0,0,0,BENIGN
56888.54841195724,12.718118921688692,59.244544079041425,1433,398,1456,68,1114,82,48.8684544788691,49.32153547574523,0,1,0,1,1,BENIGN
17961.186621831355,39.85592241441276,75.87637507018775,15,404,6,799,1459,1311,76.30059730262334,44.10869724560662,0,1,1,0,0,PortScan
12395.802056890228,17.01526411445169,19.07172530047453,661,825,119,357,819,1291,86.56738823544447,77.84432746887019,0,0,0,0,1,BENIGN
79119.15955394044,25.47205004575489,56.82083407874908,101,1155,386,1409,902,78,35.446848869426205,41.334864049654804,1,0,0,0,0,DDoS
232701.13322475052,26.324617483054435,81.4210898382868,1209,1220,1373,324,188,1399,44.94730102036709,31.883807483333303,0,0,0,1,1,FTP-Patator
42152.99899195753,55.623639402577275,76.82477776463163,950,646,640,750,980,150,47.04004196445282,8.971968246882088,0,0,0,0,0,Web Attack - Brute Force
132050.70221648266,41.14109317604655,80.29920178671529,930,34,1121,1202,814,755,32.422408437237934,4.65010639253668,1,0,1,0,0,Bot
107488.02004719742,94.77328040063054,87.93234248697198,24,419,1066,255,382,729,74.33869236251903,43.9134427522377,1,0,0,0,0,BENIGN
268172.3523973739,12.637014194700512,93.76821021594702,1095,376,182,418,849,14,52.21011852062995,34.686197950218464,1,0,0,0,1,BENIGN
172026.34301559866,97.36921348501988,40.552115520353595,17,1422,696,210,1345,100,91.39557743886398,55.53241695128591,0,1,0,0,0,BENIGN
83610.63240224008,23.063864021426394,56.87691025228773,569,219,564,910,1466,779,65.0310771895586,71.19284371150681,1,0,0,0,0,BENIGN
107011.37519038946,77.2873936381853,79.06595260456109,1016,696,1258,583,489,1411,21.18965588939724,4.000681357380298,0,0,0,0,1,BENIGN
228657.8549795433,33.89699261728214,69.71398139457831,1355,341,445,1390,1156,1058,16.480864874703638,496.2171097028154,1,1,1,0,1,DoS Hulk
51002.39195282881,14.308139541731391,99.55202282643788,1120,752,199,576,425,350,37.23843379162921,86.19718941819796,1,1,1,0,1,BENIGN
39570.495255169255,85.788918524624,1.367765110464414,830,415,947,165,249,956,34.69265402569732,45.516658614032835,1,0,1,0,0,FTP-Patator
1086.9948043014715,30.88608992364632,35.51332153157907,1035,1479,512,213,1084,282,40.71318248625102,52.12422109507744,0,1,1,1,0,BENIGN
175187.2098675577,65.88554042268422,28.102792627020246,1034,1320,989,528,1019,636,18.35910703044421,486.79184071667606,0,0,1,0,1,DoS Hulk
161435.3476062518,56.64436850866266,26.23158501655346,162,937,212,1196,1445,524,97.82226700264893,38.979291848341035,0,0,0,0,0,BENIGN
11032.226937987565,47.17563093908743,22.252978249888578,1306,1354,1401,1152,1499,164,14.570977286872889,11.011952392337243,0,1,0,1,1,DDoS
86004.59963188796,49.58194726485391,70.9123840815229,871,1006,545,2,1246,427,65.2648774224321,12.635621568252663,0,0,1,0,0,FTP-Patator
62358.697328323855,73.22379140922875,8.475947327532186,834,679,485,894,1461,1281,1.306923506458979,17.908924173769336,0,1,1,0,1,BENIGN
12636.750948930698,8.777291412344058,74.16088339433384,1264,1362,1384,895,683,933,40.69610383190131,79.25646408976549,0,1,0,1,1,BENIGN
394084.5772237502,66.81806619579052,69.34258420162735,856,747,167,1093,1407,442,30.918339909503633,27.53323005617132,0,1,1,1,0,BENIGN
24168.423171619906,89.58121013985787,25.080413250089638,1068,805,889,51,318,625,38.20246377394185,94.81237817754106,0,1,1,1,1,PortScan
6960.1106521412785,5.778819701986415,25.283378316516124,969,1321,930,436,1019,1143,49.807734477311364,81.01701665366289,0,0,1,1,1,BENIGN
90349.14421262091,14.065333923366675,62.886058534450214,592,311,1427,1401,224,68,60.037500152431775,68.45406681986812,0,1,1,1,1,PortScan
134272.41864990603,71.66319367020314,76.21711054836778,254,54,827,1021,422,273,58.35113447943,72.03936293957402,0,1,0,0,1,PortScan
3298.140208855304,43.72816482446176,87.64856130873655,66,693,136,93,907,559,63.0713670121113,47.63220867835116,1,0,1,0,1,DoS Hulk
107504.51054100307,40.354862081368836,85.21395638544757,917,533,1256,586,1214,848,84.45476825537905,56.83893669865452,1,1,1,0,1,DDoS
75991.08441883164,13.696663454423586,96.48829941638532,613,104,114,602,78,1345,88.67171556146513,94.10569099217298,1,1,1,0,0,PortScan
10899.489967668833,50.67700407177881,58.13848953365112,973,1198,1275,85,854,1385,73.72503005607976,39.11018339250894,1,1,1,0,0,DoS Hulk
18937.502646305828,12.654531119637724,90.86555613403597,602,293,1312,517,1003,569,7.894224292440399,29.101651851354017,0,1,0,1,0,BENIGN
83927.0195554383,47.66204563105404,80.85132732604107,1065,879,1072,741,364,589,96.12923915099344,5.151149213393536,1,0,0,0,0,BENIGN
35148.50256269303,76.36152989616566,89.46676243140136,383,550,1475,429,21,498,94.73980863470463,56.97415778661655,1,1,0,0,0,BENIGN
278572.63019839535,25.826435788716353,1.1626601285366633,1257,910,515,862,547,203,71.17037945453536,11.620062717052903,0,1,0,1,1,SSH-Patator
170782.4080405353,48.07861681797273,96.59029918658109,965,374,687,828,329,774,51.74390714019238,479.2501562243991,0,1,1,0,1,DoS Hulk
410847.63378712005,99.20159693968357,47.35301628464783,484,449,1019,42,1179,1132,25.061835833589218,71.99494367875448,1,1,0,1,1,BENIGN
30066.037945438417,68.66504233540373,79.81829895748429,38,1468,1295,1393,55,1288,75.6351139498876,16.443853493546754,1,1,1,0,1,BENIGN
349738.78311233985,84.13567713051987,12.720411933778086,10,1083,1454,403,1271,387,87.78601787162891,75.53644370782709,0,0,0,0,1,BENIGN
56428.59483130849,41.484760656054576,39.594109581397404,623,1415,1049,1326,924,415,66.51876008899379,6.02044619498987,1,0,0,1,0,BENIGN
42697.294527871396,76.78609231258552,27.146066302099094,408,811,1093,1205,260,900,62.90726328617707,14.96244802569967,0,0,1,1,0,BENIGN
5166.12852135049,4.050917294132184,29.1658770500937,107,389,292,168,434,311,19.300470457058616,28.01103631822235,1,1,1,1,0,BENIGN
5420.833674506548,12.291118254224498,12.325561995088174,1117,1235,1429,202,537,251,35.77965228941896,79.60990674120872,0,1,0,0,1,BENIGN
117769.20419577039,20.307059292006212,80.5763832543007,83,666,1257,705,534,1411,72.31362220325121,850.1368891234008,0,1,0,0,1,DoS Hulk
61235.82795438191,40.195192461521955,0.9242314581078159,57,1263,230,542,380,202,1.6898738851223394,22.03798143662371,1,1,1,1,1,Bot
25685.756803615135,84.57448783257632,31.25054569852025,1316,1145,1286,101,102,109,64.1264277188886,9.578382552549613,1,0,1,1,0,DDoS
95184.09858574385,34.62660507879305,17.441054321641502,1039,1276,937,345,28,81,76.6670301010248,84.79537823472516,1,0,1,1,0,BENIGN
29150.01764766147,65.46211935154629,58.90389406083405,990,140,1144,602,1080,768,33.47044862707816,64.9367437522107,0,1,1,0,0,BENIGN
86187.77254207311,70.93142948034834,25.425240261454384,837,1475,1486,441,1085,192,7.616776920078905,15.785543639868138,1,1,1,0,0,BENIGN
44505.15334189824,58.61823540883414,25.899845452809966,604,873,517,249,954,138,81.91193788839985,55.77167851507525,0,0,1,1,0,BENIGN
173473.03478796617,35.72419681701362,48.833814399531875,968,1176,1047,1206,1071,220,14.183682948502273,87.2371432885535,0,0,1,0,0,BENIGN
171867.34862566172,57.70533417135443,65.26890393409258,164,1331,705,1325,1390,1212,37.080110596977356,6.951494205176301,1,0,1,0,0,BENIGN
64884.40167417792,34.22655927897462,12.130470456516363,436,1340,376,877,546,860,70.72541050677799,8.37212336482802,1,1,0,1,1,BENIGN
43204.38789798166,8.387373855201208,17.551145246549616,726,1319,436,1303,326,339,81.69859876514336,27.360776066256808,0,1,1,0,0,BENIGN
45029.480487298235,99.28039781860144,24.71747445945176,402,842,852,1112,265,477,86.23819184885159,65.22623255986566,1,1,1,1,0,BENIGN
163842.6684365119,12.718245363251091,97.37482141179605,1409,1368,969,1448,728,958,53.04171916111156,17.800850947059853,0,0,0,1,0,BENIGN
39776.406162965155,7.2348383836057355,39.71524999429204,1161,596,498,1308,1199,1445,47.587169645586556,816.3672043171644,0,1,1,1,1,DoS Hulk
23453.237560803507,87.85307492071558,59.899009063102646,715,1305,1197,670,1067,1220,84.83172770180298,75.04301767949602,1,1,1,1,1,BENIGN
8849.066172868148,30.183466089289514,24.15428127159779,813,1231,599,1153,218,812,56.307709504747116,56.10048536279805,0,0,1,0,1,BENIGN
62865.82623108428,65.02969740735077,49.045952515748795,721,951,777,247,125,197,57.865072841523116,11.606770437034319,0,0,0,0,0,BENIGN
65803.50864648464,32.90057296622329,7.411917438595806,530,551,1333,651,881,1347,43.39733679938007,98.82198283121978,1,0,1,0,0,BENIGN
183827.7093112653,39.14542707944712,3.474214592232694,292,1119,69,900,1402,1283,37.28139719210396,49.003362956282494,0,1,0,1,1,BENIGN
25005.06939887871,26.21129720167965,46.87335268214602,1498,1475,204,1212,318,198,48.05408572898291,45.207314786727956,0,1,1,1,0,BENIGN
47963.590893067325,34.30440057930102,39.86592875184121,1022,372,340,90,1328,815,36.48474936961272,99.55690796673157,0,0,0,0,0,BENIGN
165237.5366366252,41.070040058654314,13.688031969182768,461,647,1055,567,1223,1160,34.35464499692385,86.3868263471336,1,1,0,1,1,PortScan
173513.49921511565,72.04160690923429,68.76014289207338,1396,1096,1066,1188,84,1369,99.36643420078939,45.63677340314813,1,1,1,1,0,BENIGN
48550.081427170975,51.15361942347918,99.29034908992645,1185,332,117,547,1064,174,33.62134940718481,41.88029859362721,0,1,0,1,1,BENIGN
61456.527463641854,94.3565217156977,39.56468211967125,641,392,888,1353,722,488,25.638374753266714,9.59093825669861,1,0,0,1,0,BENIGN
36138.01257506369,4.188039383877551,62.455863591739444,43,1129,14,79,1386,1492,35.39240898426266,926.5117463890796,1,0,0,0,0,DoS Hulk
269644.10253979045,50.306832263202814,96.29759423644857,1106,1124,1345,933,1292,315,59.07813406361061,84.3774847719198,1,0,0,1,0,BENIGN
12629.338260806693,58.42247888317181,83.15349724468753,891,1382,910,980,361,819,91.0990486623165,31.00024928799109,1,0,0,1,0,BENIGN
271431.11047419586,92.01969860742739,46.355222330268575,635,1352,626,869,366,379,78.7864250197761,75.33212875687772,0,1,1,1,0,BENIGN
115159.05339000007,4.915852362142759,73.74894844599194,538,394,1360,168,1204,441,84.22411390757014,76.27294262739242,1,1,1,1,1,BENIGN
75837.31970333133,57.349958493521605,12.813504025052403,861,34,689,1116,1254,864,85.90086106838577,227.9107172266149,1,0,1,1,1,DoS Hulk
3320.427150562829,85.3629928527957,51.210385546379925,518,156,773,623,987,132,92.05283964468674,61.365546993868314,0,1,0,1,0,PortScan
64549.32651471988,24.192772811923657,27.906027717993652,1434,903,1404,378,1093,980,23.50712329088799,25.502880341221136,0,1,1,1,0,PortScan
52382.323629066974,87.62923485239375,16.11636878961611,1364,1296,912,1232,587,1050,45.836603103743556,78.98860519359116,1,1,0,0,1,BENIGN
17580.540745327075,1.9043409274291823,42.62809062545349,710,966,119,193,962,936,38.51976665764465,15.380970248291403,0,0,0,1,0,DDoS
106830.50389153042,73.24546291337298,13.101455443361443,88,395,25,263,488,1280,38.18769946135004,66.89059986872773,1,1,0,1,0,FTP-Patator
354567.6737763038,93.3113221168653,69.89851081744855,1253,206,63,1270,1257,655,65.22836517021848,32.601171165176126,0,0,0,0,1,BENIGN
82596.75370352235,65.71976616400622,45.62400440533355,1041,620,459,1471,1452,1379,40.180306031774336,3.6182057535268486,0,1,0,1,0,BENIGN
125440.07765248352,43.902924398044796,53.11446325646638,672,1329,313,520,830,235,61.63303059172037,12.370464421089311,1,1,0,1,0,PortScan
7090.58993363171,4.488101647271803,14.6375938668157,863,804,804,918,665,988,38.22793637278078,65.4899138183594,1,1,1,1,1,PortScan
54071.28227430151,92.01138133226287,13.977166109349447,889,461,1239,478,1317,1382,31.1128182724423,23.991430322198237,1,0,0,0,0,BENIGN
12370.382479666217,47.02962226915748,58.34154352601241,1304,251,1479,1300,1371,814,35.30771784431808,63.103537258467156,0,0,1,0,0,FTP-Patator
94880.3168308293,2.899674433594801,98.50097478294462,421,1290,985,1152,1122,918,80.37570560137598,41.482216600128694,1,1,1,1,0,BENIGN
278842.80359045824,68.9821071328762,9.625058323772562,875,866,735,1325,875,1294,60.105103622889104,69.27134638762466,0,0,0,1,1,BENIGN
108405.20033830263,48.18372535762582,28.573142856578126,701,208,888,573,360,438,97.39977330166145,49.294862218548005,0,1,0,0,1,BENIGN
7991.268513412317,12.434531744241074,86.94591165378876,337,954,981,1383,357,587,83.26562263797327,30.8547097161171,0,0,0,1,0,BENIGN
43798.758439830286,21.42718093102596,7.227201225523694,265,538,578,842,1153,1494,48.578060833404116,14.581917985760185,1,0,1,1,1,BENIGN
79998.29604202996,6.449068045584627,87.58857213669513,802,834,1496,1380,1406,1334,24.237633509407587,34.109825242128025,0,0,0,1,0,BENIGN
51618.62263788674,57.429353970857356,52.428598337475115,1378,502,1382,1489,735,1240,67.39091114551452,63.48940779267531,1,0,0,0,1,BENIGN
179362.52716063068,62.202947925200924,40.82667739264259,359,955,1149,1195,63,610,72.66460273119357,74.04735051974353,0,0,1,0,0,BENIGN
168562.26803821806,50.574229835544436,30.968056435145584,1013,513,971,1111,1419,1335,46.417597979195904,160.33967483999055,0,0,1,1,0,DoS Hulk
94631.45189701983,81.71021330026149,29.71171581278419,216,579,860,895,180,229,22.99221324106907,66.42724088881171,0,1,0,1,1,BENIGN
46753.93802152782,86.10088213080135,30.580258244947878,320,1171,706,1106,586,339,55.723831786326514,17.92795096515123,0,0,0,0,0,BENIGN
29482.267097022934,61.56243966831266,88.48030809601958,849,839,1110,516,188,163,25.382925235944665,22.181934348998343,0,1,1,1,0,BENIGN
11190.893003536099,1.2756479707430546,72.37952301747855,718,985,1366,1023,1206,115,93.99983176304376,53.1317240280015,1,1,0,1,0,BENIGN
43834.63445134082,69.52296557477356,66.97230078311506,991,82,394,895,579,70,62.88842480337195,289.20230197607475,0,1,1,0,1,DoS Hulk
53302.439878569974,41.799921692035156,79.87491489520008,1235,1065,483,1345,169,849,29.193096166921485,661.5954412364864,1,1,0,0,1,DoS Hulk
112646.53850249828,56.5557483226387,25.7114663004145,952,155,665,464,321,1076,21.573068833452457,955.7766242415382,1,1,1,1,0,DoS Hulk
107341.19736562514,64.90806020188845,61.804281208175574,1226,452,455,612,1195,341,71.67232833851209,14.889220133739423,1,1,0,1,1,BENIGN
7268.697877993113,35.02366143270768,46.006623895795094,716,1307,1499,1164,283,934,70.77932802417529,57.05108323094167,0,0,1,1,0,FTP-Patator
50295.553338270714,91.70985051717942,78.24416352001934,984,1211,209,604,365,587,59.71322315085749,92.32991826731927,1,1,0,1,0,BENIGN
20062.264543779216,13.39748667497812,30.925611047328548,895,616,524,620,110,778,61.43010251792214,17.652897665161237,0,1,1,0,0,PortScan
17056.616928390107,67.15118072810374,64.31786168698957,1176,623,675,999,77,331,60.38690028256231,36.685090338485814,0,0,1,1,0,BENIGN
175621.17417196362,0.43595799565804283,88.22124118173134,1452,1497,1001,554,252,1102,36.01034468105172,12.361683498978715,1,0,0,1,0,BENIGN
4281.900463101456,92.46511054051808,40.21504761949287,286,506,895,135,235,967,93.74144100074734,64.20377183139485,0,0,1,1,0,BENIGN
54331.93322665865,11.25041332380915,6.662208736746145,756,1156,1003,329,92,106,47.92784642629178,66.91429276947012,0,1,0,1,1,PortScan
18416.764668961787,9.488423014757464,51.60508223417928,1344,1294,306,954,1057,81,2.032790014558983,664.182319435637,0,1,1,0,1,DoS Hulk
211469.75192395193,33.30076330522442,34.59724878070259,1459,621,1099,394,1427,1225,34.83613423883254,54.21270483633454,0,0,1,1,0,BENIGN
81427.6965207114,37.35662860390806,67.22253805471749,495,1096,1045,155,221,391,13.02825786475995,74.62608677977721,0,0,0,1,1,BENIGN
26315.940780008117,21.430007232287863,95.10329247486061,1172,1459,59,1062,895,229,36.338379104788345,3.5877296379979717,1,1,1,0,1,SSH-Patator
69801.35766138083,58.51216609271247,48.5608317996847,541,292,385,1305,1363,19,60.82624850357327,95.75134874453062,1,1,0,0,0,BENIGN
131485.3564472995,44.291409804196356,46.61902301555338,634,654,55,869,960,779,2.2664474521924105,22.209620792935347,0,0,0,1,0,BENIGN
317289.9351594002,3.4175589041087417,65.45848001914602,1349,936,167,537,984,1346,87.02005312278685,12.156196869174341,0,1,0,0,0,BENIGN
24903.33231532837,31.965206225530064,10.349750359356769,938,756,1435,1069,842,1491,61.030911846817546,94.11360429419315,1,1,0,0,0,BENIGN
217315.25955061658,81.04329135731705,25.350618892501465,1052,1460,716,667,251,651,29.537187625899474,83.04369163615833,1,0,1,0,0,BENIGN
272271.89759620634,68.97015348618686,91.89793255003985,1282,995,864,243,1387,1333,31.12051739242816,76.48704192916802,1,1,0,0,0,PortScan
248195.75370836895,72.48708535798805,66.99426133637662,697,666,1214,546,141,471,46.566817651615075,104.74570893898161,0,0,1,1,1,DoS Hulk
100899.37945340158,69.81169240835236,1.3444043983416254,74,59,481,449,310,591,24.80918060017935,80.75292136761658,1,0,1,0,1,BENIGN
99376.76730375315,31.097302138303327,20.462547255901985,497,326,1439,277,1408,73,0.4341927760946218,60.902352300978265,1,1,1,0,1,Web Attack - Brute Force
51619.10472483326,9.966392207677588,68.2837266028899,1439,1205,339,753,581,653,2.65574481792632,731.908611011845,1,1,1,1,1,DoS Hulk
139593.21853156542,27.2467184033096,76.43992025625742,721,798,795,405,1335,1459,35.77406719720199,97.80702798183924,0,1,0,0,0,PortScan
75777.9611922265,83.17853001851593,83.98595726740419,1363,784,891,770,1302,461,12.422167660860827,19.444117711800025,1,0,0,1,0,BENIGN
113146.01339820855,98.04707977830711,29.217680338204488,307,766,775,1069,345,1173,2.236367464708189,50.438196081853015,0,0,0,0,1,BENIGN
55941.71394027411,49.38470147415613,93.10285962775626,703,1457,1282,748,1410,314,85.92692700348404,75.3351946459115,0,0,0,1,0,BENIGN
131489.1195820636,0.970035492304222,55.29468935778924,883,518,1373,771,301,1273,27.413731364285322,43.36563507716983,0,1,1,0,0,PortScan
173995.39563927046,14.004481213422903,69.65390223878929,1264,637,600,1294,506,639,50.31225771668012,5.465308291820847,0,0,1,1,0,FTP-Patator
15833.505482968752,32.20805753162658,59.673886277990796,252,82,436,237,246,273,17.940908419162316,11.143889887552117,0,1,0,0,0,BENIGN
178934.06902791595,57.85853485929498,12.274005467462047,935,27,1245,1190,487,481,4.672497224376226,60.20919725456228,1,1,1,1,0,PortScan
77717.36316917953,7.509364580531397,96.31146593848798,1243,265,1436,1399,1262,81,74.48662994885814,28.500414639075654,0,1,0,1,0,BENIGN
186217.7056434934,94.33572987098816,12.287557989415266,396,1306,1373,200,927,1255,12.495685464678342,13.784064730259338,0,0,1,0,1,BENIGN
56440.52250976835,36.50836732844007,25.48819564111836,985,396,1082,745,1372,30,2.571690240365865,33.98919975245824,1,1,0,1,1,FTP-Patator
47648.93930273884,91.25842179248231,81.36278802229802,1359,961,151,231,790,745,58.72303282634098,20.098093204478552,1,0,1,1,1,BENIGN
246581.8778071359,78.05218027570217,61.859696150110146,1052,762,933,1469,911,1107,1.346757242144958,2.3939466574774415,0,1,0,0,0,BENIGN
28924.231239120247,75.54372725155811,83.8149165376357,493,979,539,723,1375,995,43.62859448103216,15.18139885671661,1,1,0,1,1,Bot
185926.12583419812,60.671957978223205,51.57361883740449,958,1406,224,1441,153,41,28.88360484778162,88.30779609176726,1,0,1,0,0,BENIGN
66168.83834996437,62.678381705184464,37.699323536663485,1177,810,1341,1177,1209,250,31.941798493775288,1.2037282502716073,0,0,1,1,1,BENIGN
72174.30582178052,63.80032352162481,92.18454995477849,991,580,562,1391,943,386,0.38990431140297765,77.38503035940957,0,1,1,0,1,PortScan
36884.62597889831,62.87213870255821,3.625231751479485,1254,1342,1302,724,594,995,96.43460803827953,75.34611058715835,1,0,1,0,1,BENIGN
85107.01011270651,55.37282313983612,85.61302203530458,101,610,557,86,1448,265,51.6963102483538,56.423768835898926,1,0,1,1,1,BENIGN
39335.55204399869,98.6414018482889,23.08177851877816,826,192,1497,702,61,21,57.25121330416838,20.844776570837066,0,1,0,0,1,Web Attack - Brute Force
4006.1257122726743,73.22905674256961,84.87363277539679,176,226,617,819,1424,1430,66.61224849120279,87.80592243002316,1,0,1,0,1,BENIGN
31745.231505151143,77.69463883925212,13.91966134168856,983,450,23,53,869,75,79.75217910497669,47.50755687939432,1,1,0,1,1,BENIGN
639.9476445828731,87.24628150836742,58.02189636905405,926,1205,367,1065,1082,679,60.79091163091758,17.320622904773543,0,1,1,1,0,BENIGN
383297.0960153524,21.563976272584917,88.8107919011472,231,931,998,1372,1165,890,76.21981054933089,42.90225924892261,0,0,0,0,0,Bot
337398.7252475144,8.380415909506079,47.35396468988905,11,1350,334,1253,465,864,44.87352943628756,19.49172277442527,0,0,1,0,0,SSH-Patator
50278.354393868976,48.28944365985986,74.65666738033929,1209,654,1456,741,1172,1374,37.12751404044883,37.60078411299246,1,0,1,1,0,BENIGN
130331.75780816855,51.40806956192732,80.46716178555585,760,202,2,693,1470,239,82.31339074821851,496.6877710101203,1,0,0,1,0,DoS Hulk
42435.148585714065,82.91817799499177,73.64942087167792,931,401,1007,435,1197,50,86.5310524173463,35.990088970204994,0,1,1,1,1,DDoS
111198.0720548938,44.37835792823357,92.53297368745983,265,471,1281,1164,310,959,13.780666978693379,65.7044274072701,1,1,1,0,1,DDoS
163696.35047353423,57.08530255443127,44.68342305199287,1158,889,262,1311,1085,475,54.266018696006114,93.59178040884385,1,1,0,0,0,BENIGN
293287.4752485198,52.70709385134583,17.312543916515576,756,178,120,1345,1190,863,68.36424304861593,34.814934764696346,0,1,0,1,1,BENIGN
51117.94794483153,3.8202783757391057,4.781106370247978,1054,1041,20,593,815,893,8.359873663196682,35.57395138364857,1,0,0,1,0,BENIGN
152923.2062481517,61.5214896596914,24.64598696375051,455,462,904,441,102,524,92.95968167427516,73.83024706022654,0,1,0,0,0,PortScan
30914.877641552608,82.80432857742522,14.319750388024211,258,834,139,166,27,156,52.010977271713074,53.059093152108474,0,0,0,1,0,Web Attack - Brute Force
463896.5239229588,15.750054807580383,55.79487414344805,1127,608,1312,565,507,198,64.54574173167522,42.88394396207411,1,1,0,1,1,BENIGN
2610.745173687319,59.433173392659576,18.4945337211732,430,925,205,1486,133,1023,17.824274809035366,81.38081884565025,1,1,0,0,0,BENIGN
92515.18925039456,59.36105444464144,3.8933707289371178,1405,1426,42,1479,58,1454,26.44346899554273,89.10360671914113,1,1,0,0,1,BENIGN
107735.77208048117,16.418496405635874,3.598982886866786,468,1416,849,72,1113,665,12.100121668120234,59.05866060471836,0,1,1,1,0,FTP-Patator
116489.81180973006,12.346357373073602,83.15694983648616,1230,935,1141,724,69,735,26.399872185388883,18.51032727555061,0,0,0,1,0,BENIGN
12827.389897000618,98.00519429764847,59.14499314430248,646,299,1028,947,184,1141,49.239676529179874,46.628588900197784,1,1,1,1,1,PortScan
278920.25055890327,39.371916965303754,35.808530189337816,446,350,206,269,1461,74,83.36295994572963,504.3706621481342,0,1,1,0,1,DoS Hulk
19989.500411636574,22.742172872352928,89.42280427402468,782,186,634,218,571,951,53.37234150203635,43.22073571108594,1,0,0,1,1,Bot
97485.62025540377,17.132454445437496,7.01966114077136,1112,1370,344,546,1497,724,24.44635982310961,26.243187886538433,1,1,1,0,0,BENIGN
25189.812890208264,66.7601713583235,98.03220727278259,194,622,1165,1206,167,1008,4.462107489072798,47.23218077238545,1,1,1,0,0,BENIGN
36703.761863891734,60.94452973272788,61.6291790254461,1437,1432,371,1101,577,366,62.19698359070045,44.65461520976896,1,1,1,1,1,FTP-Patator
79066.85951447728,64.35521229874175,18.346425396884847,1145,70,1255,307,1147,755,42.01598973666481,20.949352395193866,0,0,1,0,1,BENIGN
53989.99119392918,8.800602751145226,67.90690989769685,461,1350,1187,1351,1236,1201,98.435386681707,90.3430652336065,1,1,1,1,1,BENIGN
17462.19958079338,89.35345834984369,76.33812597835626,1139,1235,546,420,181,107,77.9759885411693,88.5340950847468,0,0,1,1,0,BENIGN
18745.84107710882,38.92663968090483,42.934278337077444,195,308,1387,1259,70,688,80.83628192733694,75.96164284505898,1,1,0,1,1,BENIGN
54153.36391128354,31.336940643035792,86.16326062455474,35,1131,983,848,555,92,1.2235022880396795,40.094657761228135,0,0,1,1,1,Web Attack - Brute Force
141585.90338737293,46.23614472477392,15.073240729647031,66,176,334,885,851,965,77.77953329040571,37.03419078921356,1,1,1,1,0,BENIGN
228243.5926218123,39.00660657476283,27.883758357760836,644,426,10,461,1218,99,19.46133106754928,71.64653773959645,0,1,1,0,1,Bot
8787.82932996094,86.35770031391459,9.349236158398977,1304,739,1431,584,1315,180,58.57958722883059,60.81192350030689,0,0,0,0,0,BENIGN
49939.76847166674,92.92609751978921,21.087784060735217,1034,530,74,915,1080,670,44.742157231571866,60.05983239467578,1,1,1,1,1,BENIGN
10563.340146874665,30.34532164496062,23.8728811911145,321,417,1323,37,682,95,57.160385057767996,12.411152749485666,1,1,0,0,0,Bot
1673.1677737616528,86.39358074599548,91.76331909217102,239,247,946,425,1323,231,13.34435294229962,61.82837802954484,0,1,0,0,0,Bot
108387.74297986395,78.15231295330672,7.81096887511562,1016,208,912,433,317,250,45.689168141114635,90.18630111233658,1,1,1,0,0,BENIGN
92243.31629545525,93.08076723447618,42.74151201877095,1083,215,1404,1382,1394,903,3.6944685951663114,8.581647067043342,0,1,1,0,0,BENIGN
17795.40448524371,24.575031218588784,53.2398687226913,649,712,709,1054,1106,18,4.0999348159630795,33.91712990707874,0,0,0,1,0,BENIGN
26632.879586794566,57.695915012097906,89.86930538021608,561,437,852,204,828,1310,65.77381307740698,50.90142914470724,0,0,0,0,1,BENIGN
2399.3304648808653,27.454458474044465,99.76962186612135,164,310,775,704,93,206,95.16983734721799,68.6009494831487,1,0,1,1,1,FTP-Patator
180148.98907711345,82.40944904843742,75.33881149198358,830,382,885,741,266,310,77.73929187047831,8.963492955625119,0,1,0,1,1,BENIGN
367657.9254625421,0.5324190571064258,97.07909905690295,188,980,735,1204,1399,102,46.915578057097704,87.28061932888443,0,0,0,1,0,BENIGN
14555.716962699085,56.48191628863961,78.71011325358738,91,1294,633,39,1184,158,5.587074009237291,4.054562040815146,0,1,0,0,1,BENIGN
26328.246377837473,33.9203431271918,96.32026409714166,288,120,1051,840,613,377,4.502014945710419,85.76896668072426,1,1,1,0,1,BENIGN
202806.06331272173,32.268370707782026,70.72707259444552,1098,406,1486,1446,501,1247,15.78922611080581,2.7651755865255145,0,0,1,0,0,BENIGN
260997.74492099154,64.4906323864917,7.976342545107107,1451,244,395,905,1400,713,97.58105039340266,15.352330432735572,1,1,1,0,1,BENIGN
54408.49382835793,85.1484449313994,40.19201869926765,1408,65,682,1180,1135,91,39.866106644116314,800.3238271536735,0,0,1,0,1,DoS Hulk
5194.874311459001,60.91953913933262,64.65972838024705,1076,941,1399,167,577,666,84.3407291872645,86.01644372037784,1,1,1,0,0,PortScan
4018.8688530854165,85.31729786467224,35.0718509454251,174,227,420,641,631,175,70.5142438948597,98.22658292862256,0,1,0,1,1,BENIGN
85319.82543531233,26.459711188102997,27.33839181137786,473,881,363,1105,278,1133,60.54286592160663,115.71482834367518,1,0,1,0,0,DoS Hulk
49905.37003688611,51.95018547649811,57.739926713309096,1384,136,1239,686,753,734,94.78261116537416,52.645111609063164,1,0,0,0,0,DDoS
2907.09216796071,45.0536539067076,93.35018767024349,269,193,1124,599,1456,178,23.041157061902197,7.715582653969055,1,1,1,0,0,BENIGN
87527.44977697656,1.1644899503096218,3.498187351615356,406,705,92,101,241,737,45.48896624691536,15.64076259638496,1,0,0,1,0,SSH-Patator
1136.6895662418233,55.68121431407401,76.92312035414378,1147,657,265,759,1245,452,86.47229656745954,17.449385790636327,1,0,0,1,0,BENIGN
154821.09221921847,66.1524324146175,72.2727278044627,693,656,205,717,782,1098,55.176130764224375,6.338825145908544,1,1,1,1,1,BENIGN
36590.71768722322,59.191440441907005,96.39534253882871,375,1377,1103,88,961,582,24.644513962611104,89.29798059283371,0,0,1,0,0,BENIGN
4109.078377546741,73.62798987834215,93.07112223325436,1415,929,36,344,1309,491,20.89164168422768,12.635551801435984,1,1,0,0,1,Web Attack - Brute Force
88758.72005714681,57.13395284530771,76.22325620441929,181,555,1034,799,984,956,75.28810010423011,62.934084301232375,0,1,1,1,0,BENIGN
50697.37425165611,6.675025485075691,52.04087646825987,35,1180,1113,1333,3,102,1.2788894252088734,62.57470645631413,0,0,0,1,1,BENIGN
364201.16453299834,11.644552408471142,20.426755323351987,1235,957,743,607,319,40,91.4192077402883,19.86452053662122,1,1,0,1,0,DDoS
78569.82277819277,59.64745775439524,54.52357183255744,133,1499,18,1463,1344,434,1.841798811520301,99.84112612357812,0,1,0,1,0,FTP-Patator
32191.358343668046,27.49791919736402,76.53519939196538,864,1039,373,158,1031,1357,63.09890468807041,34.73677731958863,1,0,1,1,0,FTP-Patator
123594.12760671196,7.964512903476583,89.56692126378931,923,1101,93,1137,1075,1303,60.474796144200724,90.50943709633947,0,1,0,0,0,BENIGN
31675.66754287018,42.960274344854675,78.9712009210549,689,51,31,535,1023,1266,57.8411151054781,948.2847322537451,1,1,0,0,0,DoS Hulk
234594.45897471602,55.43225980836554,19.526693519105397,490,513,139,162,1165,945,47.43430508667556,94.89888142996963,0,0,1,0,0,BENIGN
46955.88809727146,32.87459883496066,59.96863142280594,840,743,972,285,778,701,85.24303326886111,752.8375876017228,1,0,0,0,1,DoS Hulk
79821.56561460809,72.04337022257779,33.217345953135705,987,1084,1044,864,826,1102,65.93328702904843,25.3805005311983,1,1,0,1,0,BENIGN
5189.674360981235,64.37706081012446,0.9205667390642991,1461,1155,1172,54,279,436,78.18622814993935,12.0655351810258,1,1,0,0,0,PortScan
55533.71209164526,33.281836109167195,20.022093578866606,838,1405,1244,575,1111,707,11.552180597918982,56.988497715422184,0,0,1,1,1,BENIGN
178595.75708045604,75.48725289085606,11.322064993344927,1069,691,732,32,1183,1484,4.9898637457442385,36.003913109701045,0,1,1,1,0,Bot
163808.84748715226,64.86950425330355,84.27191235394686,667,542,753,557,984,1220,2.852850892977865,83.10390118192245,1,0,1,1,1,BENIGN
25401.3357069355,63.74453787179021,25.850625214781196,1424,409,1242,730,27,1054,14.720598547359277,74.49900526167515,1,1,0,0,0,BENIGN
25628.556953936422,55.342770078706806,28.46979688875555,1019,154,57,992,809,29,66.70078902544158,27.64682961734116,0,1,1,0,0,BENIGN
169993.88921743535,1.1389668088552796,95.99365717988843,431,632,1448,800,271,1136,49.40217557411708,1.7015233689728793,0,1,1,1,0,BENIGN
266496.8013182787,69.65071834768891,37.908672304885215,1451,50,1298,195,1123,985,75.2252256162071,23.731575895091193,0,1,1,0,1,BENIGN
10021.922286375342,37.604179110915645,0.9585640144394558,747,1023,139,447,1227,683,19.17303367421075,56.71155842422665,0,1,1,0,1,BENIGN
59794.3623578223,94.26097101586556,28.384614834613654,827,993,1046,924,189,389,36.69630419704616,7.899747221259412,0,1,0,1,0,SSH-Patator
41166.57106188567,81.79847710772053,11.929958060181246,516,1118,900,91,545,275,88.8497548549545,65.82725997166149,1,0,1,0,0,FTP-Patator
204553.07122513905,58.76944695313122,10.280856173585395,461,523,377,607,293,1243,93.57145460285334,67.16962847722998,1,1,0,0,0,BENIGN
8722.039666546805,25.218198181926944,7.748729013574951,965,354,921,1251,847,1299,92.17291549891718,16.939392235987903,0,1,0,0,0,BENIGN
23714.85938913611,20.371739327766658,59.32594701753773,180,1068,372,285,1367,11,81.83050442007625,59.631823408543084,0,1,1,1,1,BENIGN
139621.67762121442,34.03848376775491,18.934772362985864,144,801,1086,873,770,48,68.8235878597892,60.69714279612337,1,0,1,0,0,BENIGN
5265.616897537501,47.656794358001854,36.124279404101046,1288,1228,777,1258,768,9,91.36778940274637,47.7978146354054,1,1,1,0,0,BENIGN
67832.82861896274,29.606551003894708,86.20177161300168,734,839,1365,101,52,260,71.41815918326391,95.32458075288741,0,0,0,0,0,FTP-Patator
58358.81534227699,51.49294953924828,42.433813979627566,405,1454,166,139,683,319,95.39362487254938,10.816318029849958,0,1,0,0,1,FTP-Patator
40706.81607939376,16.537042551318592,91.56913500516376,812,255,1174,834,1070,185,2.478833203688846,40.662566870292,0,0,0,1,1,BENIGN
50182.01538710777,97.77128128254999,49.79380533956063,968,247,522,265,1010,228,92.1642085894577,882.9207722531611,1,1,1,1,1,DoS Hulk
75489.61814804646,10.792455496499386,39.88366148397557,954,532,583,1365,1445,669,55.57405361393748,38.631401745960936,0,1,1,0,0,BENIGN
17598.25210683183,93.1944139654372,75.03889270907015,483,40,500,572,702,784,11.179775182045827,42.46396090053349,1,1,0,1,0,BENIGN
84862.24532681885,91.35780114026949,7.3175098768002105,481,1482,895,534,882,834,21.491126973729468,66.82738804369527,0,1,0,0,1,Bot
163697.52550973982,52.5360481819498,8.94783829824174,1260,789,998,522,464,20,85.21592839149136,665.563549579582,0,1,1,1,0,DoS Hulk
142778.71213455,72.49102718360844,65.19737139229606,338,1300,559,15,552,15,50.6116954846516,2.2901958438765413,1,1,1,0,1,BENIGN
16711.7610409889,43.60482979725878,48.694071323924824,267,194,1371,560,916,479,98.28177234952365,45.56974261129538,0,0,0,1,1,SSH-Patator
16163.63423177122,63.00345775424382,79.04152503192103,265,1094,1295,877,1452,5,11.753110950497103,33.351184469840945,1,1,0,0,1,PortScan
31221.30006984853,34.05759374211187,91.62708373435315,527,1293,1453,335,1007,297,41.250346390012915,62.76952471467862,0,1,0,0,0,BENIGN
44796.7774073656,30.115901978544535,38.83668776715476,1115,1358,1011,909,1420,911,33.18744430807601,55.57023156952715,1,0,1,0,1,BENIGN
52501.850355389404,57.82297861695137,59.64100265846463,1271,307,232,1413,193,940,51.61354360649217,65.08616271136978,1,1,1,1,0,PortScan
113848.85331551512,49.81296741839804,50.06966277953099,1042,1450,559,169,65,258,63.343781886971854,65.3767386506004,0,1,0,1,0,BENIGN
5835.016952137922,57.95363691499811,98.16106556424329,871,1222,1231,912,554,1013,66.16294693816545,25.487186130763362,0,0,1,0,0,BENIGN
3528.8068542029664,28.6660581287023,83.10844073565951,1413,75,1476,118,600,1063,0.12958799117780417,24.646476456918485,1,0,0,0,1,Bot
49743.33074129739,36.695783181699525,91.17377082773535,1411,786,920,1065,1499,275,8.896043378156794,37.028239502315316,0,0,0,0,0,BENIGN
119456.28575330811,8.38979606289093,25.434008757760417,925,794,860,1012,1049,743,3.5063833655951893,241.958460536694,1,0,0,1,0,DoS Hulk
21497.12147065439,5.227637227220572,77.25264231625944,1118,229,1242,9,1122,518,86.45991463982773,68.2808077818667,1,0,0,0,1,BENIGN
102583.91190380263,25.345712967301626,26.547322499764892,429,84,871,429,475,826,31.32922531596556,60.28659752244591,0,0,0,1,0,DDoS
30087.28737222328,7.424685933054576,20.87425334283899,794,1185,80,1491,572,604,36.70634418763643,21.63870066420501,1,0,0,1,1,DDoS
217231.24564704276,10.37747086347407,94.42661596555509,940,396,613,48,761,1331,45.03712489466927,88.41048087996913,0,1,0,0,1,SSH-Patator
226038.75099891226,81.29284053939371,1.9304416717866646,1060,1394,702,206,886,948,84.93043972535757,46.0662615071135,0,1,1,0,0,BENIGN
35280.7011587779,3.88736970166893,96.53887036634296,1416,214,540,513,829,479,1.4166260962134913,12.705322329166634,1,1,0,0,0,BENIGN
26135.665243125615,65.89427939347428,14.92618969888062,1314,1024,764,1233,81,413,11.86182743798504,21.296558809158206,1,0,1,1,0,BENIGN
52984.53101530029,27.255774881540052,81.94380817932682,302,376,1274,1162,1421,998,68.51631221409004,53.98505631303454,0,1,0,0,0,FTP-Patator
27513.65446183705,87.15456807081264,27.59225530681031,400,411,737,36,699,1488,96.38925227075971,33.84240164555949,1,1,0,0,1,BENIGN
111591.2609817942,48.49922845774996,35.07023274307274,822,799,605,217,1416,1432,64.27864212970076,85.12219365944684,1,1,0,1,1,BENIGN
174907.17991613754,30.557645932782574,21.675771132198495,343,1223,1438,1479,43,1073,26.11234684675232,49.47354074021702,0,1,0,1,1,BENIGN
111807.68936885803,51.76389356894345,58.551404248107964,862,1206,1109,1301,823,776,51.986442878661734,91.52948004344037,0,0,0,0,1,BENIGN
173926.44465266,38.19580190452688,34.809554750787406,517,409,621,179,609,44,97.49804755814343,101.82648093835479,0,0,0,0,0,DoS Hulk
50582.508434186944,56.43010646698302,65.73930394946632,1400,1421,1240,129,1114,829,52.80765465677909,668.5931329947582,1,0,1,1,1,DoS Hulk
16997.841263755952,11.453286832634824,1.5647317942065975,164,215,1021,610,1352,1294,37.35076297282024,88.5784852352689,1,0,0,1,1,BENIGN
133922.35690718924,99.69905028125511,6.437488351503962,1036,751,195,658,1437,274,38.34255548387203,29.29304755572203,0,1,0,0,0,PortScan
44702.87918955937,42.55558776967175,9.966115273124865,24,348,994,358,719,1446,96.70335085917307,135.68759631528803,0,0,1,1,0,DoS Hulk
111252.10442012356,34.82306397073687,41.89936853102311,1146,830,1320,626,690,1058,71.89165267317058,45.6644737978198,0,1,1,1,1,BENIGN
31559.324643349555,71.02098483162649,81.4796172659976,128,653,945,1027,698,652,68.71728556220472,96.13342263276174,0,1,1,0,1,BENIGN
8471.906250393826,36.389940649533244,88.81779103783826,816,1021,43,1106,836,143,23.20543216907468,63.34619255033205,1,1,0,0,1,PortScan
490381.82305675413,83.32743050287577,24.481074006090076,1017,1064,392,1177,109,834,55.948463776357436,64.39769710302393,1,1,0,1,1,BENIGN
16984.156636460164,45.42707243604253,57.4369724239014,594,2,1466,505,218,756,35.67451985223135,67.15012545305886,0,1,1,0,0,FTP-Patator
445856.16450187785,71.95584132654349,76.83649926926005,1332,1117,1113,817,462,192,24.02015258539498,3.9761375593790893,1,0,1,1,0,BENIGN
378450.6717107504,10.745321644188655,28.88294299196087,435,1082,154,793,859,546,89.55522860141045,44.564980132439246,1,1,0,1,1,FTP-Patator
157899.65090618763,84.61191855551118,40.90077367362732,181,739,977,838,514,783,38.31558087626134,7.757201044170959,1,1,1,1,1,PortScan
107711.39295910264,73.57179867781099,52.397420268571395,615,406,58,622,636,177,28.27871624713978,315.85882937195373,0,1,0,1,0,DoS Hulk
86229.28425493259,21.17167784619657,13.48748464080477,743,17,109,628,1280,781,93.1720396608368,82.15990243368775,0,0,1,1,0,BENIGN
201067.35676349176,14.528600974578666,2.5982293725780314,42,750,478,96,1216,317,19.73463964561254,65.62699497270292,1,0,0,0,0,FTP-Patator
34170.12141942121,31.62923487256244,15.280580931828325,403,585,617,1305,626,1414,74.55047847165227,99.55726987353151,0,0,0,0,0,BENIGN
63051.274445140894,97.60705860319044,62.685362125353336,604,887,783,818,69,150,65.27471444642627,17.21544243726769,0,1,1,1,1,PortScan
96597.99696762551,25.683157456705864,7.361826153368167,655,331,1072,598,458,610,92.04844283722855,39.705423618542326,1,1,0,1,1,Bot
52965.2536204901,45.612720894663326,18.96963648501283,262,1012,1400,933,1405,1470,83.20471375672783,80.96402163229345,1,1,1,0,1,BENIGN
55771.888285596106,3.0020225717336313,33.78538856953037,69,168,1055,428,96,540,70.52952179396415,21.56916023934241,0,1,0,0,1,FTP-Patator
40090.25337516593,39.72275295662325,7.787006430636634,660,775,600,1149,223,149,31.457166069709565,153.72184632912501,1,0,1,0,0,DoS Hulk
83064.48666735942,57.132001543310274,19.169927116163443,1315,848,939,1324,830,1231,49.55690112705492,427.61255699382605,1,0,1,0,1,DoS Hulk
190095.75256026635,95.3124612507965,91.12697889835111,1237,940,991,542,1304,1372,94.44957613471799,38.37264901575015,1,1,1,1,0,FTP-Patator
22505.58511023859,51.67360449400644,1.929913222698476,871,205,530,366,1356,261,2.320263058149352,98.02059409033515,0,1,1,1,1,BENIGN
272468.3349435251,81.91073261776877,65.34319241743621,821,520,1026,1068,640,412,79.43318238200389,45.62515290266508,1,1,1,0,0,BENIGN
116824.425137824,54.712764256890054,38.44089309151849,146,1017,377,1339,1428,1112,25.181035045387933,860.9463431027535,1,0,0,1,1,DoS Hulk
173315.03134101565,4.07850134355181,67.26487394323712,24,1369,571,1212,495,1281,18.50169432937917,88.79655192338896,0,1,1,1,1,BENIGN
81236.02967116906,31.500827518977403,58.86917203634046,1346,303,1265,51,1209,491,23.222461442231957,15.787171409440926,0,0,0,0,1,BENIGN
151193.3330383703,57.55495078311033,22.349875435464426,1132,114,586,563,1061,1119,5.975099149684715,71.53048012484547,0,1,0,1,0,BENIGN
1633.3058503340642,95.05939659311244,84.72094875733886,692,663,356,1355,768,1000,99.19798242861678,27.760713921140333,0,1,1,1,1,BENIGN
170584.10255599656,85.91303597512334,49.19403826093567,250,86,684,498,759,1427,86.9869143225145,9.473896826262951,1,1,0,1,1,BENIGN
4096.664986292486,22.835561417884765,82.25360189134717,481,1118,1220,976,487,1462,52.105596863222736,87.47049111015869,0,1,0,0,1,PortScan
220648.77354850608,22.01098300191635,40.60125361882192,714,742,857,1341,555,36,71.51031785570919,29.243304096335144,0,0,0,0,0,BENIGN
482366.79505314305,20.117296711390075,98.4685553915239,815,427,1442,1433,991,480,55.659536292350765,34.53656701908101,0,0,1,1,0,BENIGN
34823.56015457985,92.24988963025031,77.04893585012962,681,449,658,322,488,179,81.15789444508323,32.398903651934,1,0,0,0,1,BENIGN
23612.5650647291,85.26661531017207,96.59502051125735,174,785,1296,1253,56,1348,84.47651915570114,20.029542295336988,0,0,0,0,0,FTP-Patator
144971.71906671586,77.48834322529487,51.43264789098588,1370,714,34,1367,511,581,23.27904281532013,43.450338202862405,0,0,0,1,1,BENIGN
29172.535674715717,39.27351142242276,47.369113229070045,1193,1,1006,1394,1271,1429,45.974777065024576,42.82928208024397,1,1,1,0,0,PortScan
200665.50029425972,50.43807042987668,75.54538093252579,1,1101,460,555,103,1492,63.4847734189571,40.875162571118295,1,1,1,0,0,BENIGN
10852.394977398257,46.43317447951528,88.02912630134301,638,1347,717,1315,556,978,97.8440830608275,91.62977471565793,1,1,1,1,0,BENIGN
13462.364191664372,25.339810755937265,96.4145795865558,705,742,1276,1460,59,1294,68.26893790961647,33.97516286958113,1,0,1,1,1,BENIGN
387047.59186803567,50.502804614876695,32.455190603249974,361,1121,511,1270,734,353,89.76350107441573,3.0378908344156685,1,0,1,0,1,BENIGN
112036.38425948372,3.0496547852754463,79.87045738426389,1319,109,1071,218,1261,966,84.61120509870877,17.84370062407763,1,1,1,0,1,BENIGN
187658.05338753757,13.181037349745917,21.06455976355367,569,678,1208,533,370,1488,58.206306367856406,72.14970765734738,1,0,1,1,1,BENIGN
39204.95662842343,88.65895961689463,54.557434674544524,589,1480,490,641,25,363,89.36553600618889,59.08586063145111,0,1,1,1,1,BENIGN
112850.59329816718,75.16797670314233,17.984814840919917,201,370,272,518,392,68,37.74217278252344,95.17348037411855,0,1,1,1,0,PortScan
90199.79306056842,42.286840905908704,34.73973617503388,1004,1360,1012,1495,605,307,37.92835304483114,69.44351071908832,0,1,1,0,0,BENIGN
92419.72061363579,51.715036228387724,93.13583672064593,1312,889,526,1373,109,422,78.0965643242669,19.424167339871133,1,0,0,0,0,BENIGN
114737.97006401978,36.999888595997746,14.609069977308609,1085,598,1151,43,1415,513,13.454366563501097,12.064421862730313,1,0,1,1,1,BENIGN
85651.15806121819,74.07798671606724,63.24008951351965,125,1045,209,64,772,218,30.582521745841895,52.075977531447684,0,1,0,1,1,PortScan
56047.53034927772,78.41871792320796,59.295427292740335,991,721,623,245,253,1068,60.857245087334235,66.52627361423423,1,0,0,0,1,BENIGN
32285.71165790651,76.32851902031591,12.073835270898648,48,304,1165,986,916,1256,42.00655988669486,165.63673796853638,0,1,0,0,1,DoS Hulk
146352.6788623001,72.26117248344495,32.59790437688122,845,923,172,1094,765,366,94.07237098882285,60.169301038271826,0,1,0,1,0,Bot
25653.54440990672,20.450433869279582,56.298150451526574,178,1295,446,157,1120,121,95.85060696191366,86.50286839296575,0,1,0,0,1,BENIGN
117880.65028200192,33.79699792404788,18.717860898849025,492,835,1142,937,537,494,50.25813088137892,72.75689280930445,1,0,0,0,0,BENIGN
26570.24996236536,46.98454349836749,80.06236564128154,1456,445,10,1498,1127,576,53.90618903656813,66.41910808818075,0,0,1,0,1,Bot
98171.00940501913,33.079299142765564,97.21565095347499,571,931,760,1048,614,883,72.46270918237711,78.93310545099244,1,0,0,1,1,BENIGN
137467.51943563507,75.4940200158329,21.475939996247206,301,277,1327,824,586,1172,45.72649252341735,10.408270905373096,0,1,0,1,0,PortScan
24681.38568001089,32.935352424995465,18.69119647905759,963,376,1177,1246,596,894,19.00984679404768,20.383145581119443,0,0,1,0,1,BENIGN
6181.508730450815,13.823208678533716,45.49350717974446,989,231,322,159,1237,1499,74.69691686229308,3.8099497025789075,0,0,0,1,0,BENIGN
14038.193897663728,39.90404520483041,74.77652771400322,1192,591,976,817,112,578,73.77858893529982,144.9779454267568,1,0,0,1,0,DoS Hulk
93139.6672432166,97.99144327823804,28.16006102352514,976,425,444,1004,1335,349,24.49811033917795,91.31823426695264,0,1,1,1,0,BENIGN
189343.61533710881,22.588141293357587,1.9879908697280402,268,1078,341,74,568,114,83.29165197810076,22.21449279173131,0,1,0,0,0,Bot
4604.060995765256,61.21586589432291,54.122062803289396,1387,440,220,137,954,627,61.36491964201608,66.20972163458629,1,1,1,1,0,BENIGN
132482.77749529015,43.29730498397063,95.66005677673076,623,33,109,478,895,236,23.630161031536545,69.15672491353784,0,1,1,1,0,BENIGN
41751.53909322173,7.102456764932663,39.12768554069456,99,328,409,552,1124,46,65.20391441687042,64.5325459419588,0,0,0,0,1,BENIGN
65110.040663377586,48.787660599805946,42.013455418310045,214,844,1441,1326,761,273,23.360952629056076,55.392104873586334,0,1,0,0,1,PortScan
264309.91847557534,70.21643286483125,96.8901717114038,624,453,504,386,937,112,26.52329540800178,48.61303474468118,0,0,0,1,1,Bot
40342.44487742304,51.321997582781876,69.46076116267284,96,1411,39,471,652,544,84.80093068031562,41.99208417808416,1,1,0,1,1,BENIGN
62611.85135472468,87.21060637465811,71.91719228421252,818,763,1482,1357,83,398,92.94915692398189,91.68986966182847,0,1,1,1,1,BENIGN
1377.6881677615843,28.893701665758265,56.27020053710676,629,1453,262,308,718,791,25.688265835821113,0.95143608771453,0,1,1,0,0,BENIGN
8512.085969485157,8.624917130396492,97.46092108632416,547,1499,1141,886,867,1315,92.80510370851857,5.348962602691532,1,0,1,1,1,DDoS
29920.36464560498,93.65656116580061,68.88664844255561,336,1148,1473,700,948,315,23.87988465023535,49.25124655026485,1,1,0,0,1,BENIGN
2824.7470458722332,37.8196349528219,89.50327516051695,358,522,1437,1186,301,1185,11.726736554258565,33.0510081804193,0,1,0,0,1,BENIGN
99797.62963455646,57.64055514536334,69.93788657332212,1313,481,707,999,1240,1113,5.822387807126117,40.823021310325316,0,0,0,0,1,BENIGN
55582.01249895719,79.20031261301959,73.5115824840396,1419,316,822,951,567,50,24.21132408326333,99.78485195589413,0,0,0,1,1,Bot
79439.43957336257,32.43136638755806,29.04109221422465,815,121,460,1078,540,1447,38.52465406772353,77.51346991962201,1,1,0,1,0,BENIGN
19194.43306061396,71.61645381776111,30.3478698013819,359,580,1141,785,91,1429,92.75483801093047,87.7407955988225,1,0,1,1,1,BENIGN
35088.037838894285,13.541884981782804,78.29846495760292,1014,1336,216,1478,653,143,24.21579997060287,36.857456424561406,1,1,1,0,0,BENIGN
109012.18591487121,29.129374720550526,29.670628916989962,346,486,76,304,1475,527,36.54653449508933,23.95604400061768,0,1,1,0,0,BENIGN
336109.40858995065,14.47106361365199,56.27700708015316,1147,1035,1444,101,613,1156,73.4155874743572,76.79904683224461,0,0,1,1,1,SSH-Patator
5173.209970347977,81.12305584013578,24.935231090670197,551,124,891,774,70,389,30.207408798728153,80.75760942571127,1,1,1,1,1,DDoS
221077.4856810118,22.264923522678536,81.69833808090694,537,658,1195,1411,1424,1193,68.43681516795806,54.98984459741876,1,1,0,0,1,PortScan
86010.22914022199,71.74035554052102,11.050135122769,653,1100,389,1231,668,1183,43.20778192485024,89.59415146473043,0,1,1,1,1,BENIGN
82992.8572729136,94.32983972456526,82.94466397616644,421,579,1049,1338,80,818,19.64449526591723,967.3252567953257,1,1,1,1,1,DoS Hulk
69370.44061968387,52.7772209068877,60.27298005076018,335,717,1151,1072,1123,748,73.40589009691361,47.10206784313101,0,1,1,0,0,BENIGN
7191.938444906126,54.00291922606877,18.690953482707727,56,1259,373,571,594,411,2.703883335668411,222.66666778073218,1,1,0,0,0,DoS Hulk
9417.536086475615,46.103356809781204,54.20353855061182,1016,769,653,147,217,383,29.233482507297893,51.711310705131375,0,0,0,1,0,DDoS
91857.33492117531,32.589014339364276,28.249883684734044,911,1277,903,1234,883,874,35.61815391683787,98.95332236756367,1,0,1,0,1,BENIGN
41696.888065219995,47.56550309249171,32.34673347304966,716,903,1047,1395,748,896,45.8218254987636,29.292685968307996,0,1,0,0,1,BENIGN
249214.96157845494,60.28075322667594,35.15280415968803,1099,405,1493,596,124,707,67.98692319761393,61.7599323732801,1,0,0,1,1,BENIGN
52187.06247737461,98.59915721706594,6.331924697232094,1489,1266,743,977,200,1208,45.940499418603686,69.39836640699471,1,0,1,0,1,BENIGN
15464.583755069372,93.77645593182243,98.59616844014174,284,1484,422,1070,1025,213,59.43241122862163,21.3928794345277,1,1,0,1,1,PortScan
125428.00359175763,86.21529582931218,3.1534628131224096,721,276,1200,498,573,1117,59.57790784178173,58.845912282216574,1,1,0,0,1,BENIGN
34722.46269556979,88.91305357048583,66.24968731842785,385,1492,852,154,1043,569,37.32716498960077,314.5070059691154,1,1,0,1,1,DoS Hulk
74543.10861900855,46.784918329204295,37.12276477574306,949,1243,830,229,982,218,93.39712657546984,85.42096090867422,1,1,1,0,0,PortScan
119677.47244569955,65.74443271774648,64.6010290946699,769,1248,1289,1323,721,218,95.58538308764427,71.47535707060442,0,1,1,0,0,DDoS
230522.9698904294,89.50667229362142,35.62482530875838,1282,924,972,157,951,12,58.185088409446585,82.62664274789908,1,1,1,0,1,Bot
157113.6827786808,39.295076499135305,67.37506462588587,839,1124,628,922,179,422,7.169088029543191,19.968239459195537,0,1,0,1,0,BENIGN
112812.67916175997,96.17624783454688,72.92355094683607,10,853,569,1270,1432,1446,49.112756425593574,3.457470568556764,1,0,1,0,0,BENIGN
113828.86346791263,41.5786062069183,69.05526403996448,971,506,1293,567,1085,485,18.44193267940072,85.05256848098749,1,0,0,0,0,BENIGN
291737.6724309139,60.10826653932156,11.396198135815228,671,1354,1352,1174,272,1400,48.32145218729037,38.675420041642994,0,0,0,0,1,BENIGN
35072.7092523681,70.9804713272372,65.68932346546846,259,236,1478,298,806,967,18.84831544985418,17.972241191214867,0,1,1,0,1,BENIGN
111.2713031782865,95.05920130759384,27.998754945409733,392,993,1318,1077,762,1431,70.38552456488844,9.18953652673049,0,0,1,1,0,FTP-Patator
31739.181432433117,24.461627405226604,2.8801370569333518,599,1362,121,1246,1033,785,8.04291200663425,51.65008060570913,1,0,0,0,0,BENIGN
24576.164734957565,74.61309782386422,41.4830671888954,1392,751,158,765,698,118,95.33040763959241,15.012795261194578,1,1,0,0,0,Bot
108422.01100590399,52.081558614408216,43.354310280380105,1207,505,1201,564,920,270,19.537588943335273,56.66920244412567,0,1,1,0,0,PortScan
100433.42770903526,26.855714062064106,46.71741333524465,1039,164,1351,466,621,911,66.06563360492454,72.73065425127446,0,0,1,0,0,Bot
90007.63550100637,77.66068397963906,70.48241653907162,755,845,306,485,539,1120,91.69623507294894,53.50581715162521,0,0,0,1,0,Bot
1637.6814174340518,55.22222801738466,30.884380914245913,1109,727,1112,443,985,841,24.788631398406245,90.3699782688481,1,0,0,0,1,BENIGN
130481.78060225275,66.09738206496758,31.528051310392257,710,1241,750,904,459,1070,93.429689903713,15.55696243356378,0,1,1,1,0,PortScan
39086.77880144847,32.2901068577901,6.055225624126059,1033,375,1061,862,1084,663,38.86746656602726,49.3953473250499,0,1,0,1,0,BENIGN
109379.1892488151,48.1273951827605,68.68212159922959,476,1035,590,1161,1081,1023,96.053081725259,16.319045938663223,1,1,0,1,1,Web Attack - Brute Force
81323.43327851879,61.73542509880671,56.782609139958396,1187,1455,345,925,299,172,97.13638581345255,87.59019264465465,0,1,0,0,1,PortScan
41966.17940023343,40.4910814269844,34.942511269378805,23,82,1275,291,496,786,18.80799050692398,93.22392763511381,1,1,0,1,0,BENIGN
14453.60273752324,19.837253984770133,70.51889789173546,311,430,148,1233,1362,346,83.10873369310544,39.99958816428478,0,1,1,0,0,FTP-Patator
9917.843930890067,96.1640492315304,53.73577492268772,1261,477,1039,751,1275,236,19.342101283355028,30.574825784867464,0,0,1,1,0,BENIGN
178092.83369620304,51.14675400426174,46.924494587053964,461,782,1390,1234,1430,936,22.64406203310816,27.931609542924875,0,0,1,0,0,BENIGN
250589.5895916186,73.39203702877005,51.13245436611265,1485,368,834,874,1279,542,8.412650402339828,859.7273459907343,0,0,0,0,0,DoS Hulk
104921.67271152297,41.10471935560581,63.63481252670565,1261,954,780,662,1404,1236,15.653694649817796,68.24419246266451,0,1,0,0,0,FTP-Patator
10918.34971264241,35.51317640257163,66.00026045745994,21,140,117,1411,1168,1295,63.22189682471079,88.05930546538343,1,0,1,1,0,FTP-Patator
51421.00392583,40.7164298467125,28.895781914071716,179,719,703,1419,590,406,44.925273005178646,11.751682948378306,0,0,0,0,1,BENIGN
130541.21294104903,40.91966437856498,14.074336339115323,790,1479,316,1147,340,77,79.09442371688351,47.602792786407,0,1,0,1,0,BENIGN
151331.3900290569,54.418011594195356,15.663418119051876,729,1426,287,919,402,1169,33.199681482662214,67.61790944650959,0,0,0,0,1,BENIGN
12581.112477879058,54.346986998136316,63.939088590300166,1498,1015,907,908,287,11,96.86245673010589,89.7090760752795,0,1,1,0,0,BENIGN
3.0719317215809494,49.715381588287165,87.2873285767126,748,287,1374,123,988,228,4.987254081937465,38.20192139129887,1,0,0,0,0,BENIGN
124527.07658526184,13.478578491743809,40.94962783455518,715,354,296,67,213,842,6.2935954402441485,313.09007271027787,0,1,0,1,0,DoS Hulk
44098.272074788176,49.607547850053116,16.952016032946236,338,342,1217,474,531,964,70.13748988181361,91.29657091858458,1,1,1,1,1,BENIGN
29367.5103666677,16.91039004206515,75.66024982938546,530,148,1415,357,869,1364,88.75388849728597,4.753326983016248,1,1,1,0,1,PortScan
1298.1364284835386,12.613578629576516,83.24894744194485,691,209,442,1479,741,671,79.55001916341494,47.95954898555801,1,0,1,0,1,BENIGN
77717.98856802494,93.26457173411677,88.05824431209666,161,1135,1304,1369,210,838,48.98170878669137,45.86265606065831,1,0,0,0,1,BENIGN
190482.1132251279,60.49500131477043,60.68314289137332,1084,653,900,520,170,163,26.964136130502002,14.605641389081214,0,0,1,0,0,BENIGN
316135.3569773724,65.94900581245842,86.07285593880847,1108,975,300,832,537,381,1.3451529304714938,39.49501111813781,1,0,0,0,0,BENIGN
83412.32460949945,40.179367033336376,1.5414958448407678,489,535,897,623,1286,730,50.94514539197756,72.25997399834834,0,1,1,0,1,BENIGN
72249.63399222758,90.89808919148642,10.723580176952352,4,1072,425,1351,801,581,47.563619730927655,36.686844455425394,1,0,1,1,0,BENIGN
8889.283909093012,63.79304895796655,9.257606705209875,75,330,249,1353,675,1445,34.42458994702399,30.96604796097795,1,0,1,0,0,BENIGN
79600.59427533636,76.91698695235874,71.2604684254733,1276,364,685,426,389,1461,57.80727879724849,78.18954979063462,1,1,1,1,1,PortScan
47800.20579081002,36.85624690277138,6.958178354357902,6,10,751,1008,420,771,72.88146973812732,98.8715411027402,1,1,0,1,1,BENIGN
93428.99525391647,96.00118808191255,49.636437246630706,680,1211,997,442,61,941,70.08882362282425,77.93523739302796,1,0,0,0,0,BENIGN
49221.05442611789,82.0461290158315,47.27068986362891,472,508,405,600,85,1086,26.325284178421548,84.63432881590819,0,1,0,0,0,BENIGN
27483.050666339477,85.39484630145436,31.07035235582409,1161,579,800,1118,1012,994,58.530368861459316,93.95007498125129,0,1,1,1,1,BENIGN
9978.19661049211,17.21942674257543,87.04051699420998,1381,1468,243,761,490,245,14.87744785839984,80.17724660760315,0,0,0,1,0,BENIGN
37821.73888125585,27.096320787121954,17.0433201879996,811,1113,366,954,895,997,12.16018438883546,98.0354289816708,1,0,1,1,0,BENIGN
10163.948538341305,28.562659968357707,35.246278439923984,837,621,119,1474,59,49,78.5855836259118,74.72842547570616,1,1,1,0,1,BENIGN
19467.387450789032,27.090922324687117,77.41715000229291,602,900,849,1340,476,1257,69.37459020955359,66.15225511672419,0,1,0,0,0,BENIGN
436900.44785558904,85.5408162104288,3.0422314393284244,1186,1471,1463,486,319,1305,76.79289006316287,69.33485492496247,1,1,1,1,1,BENIGN
58717.32555080489,3.188479520859211,67.29504002463686,317,717,432,738,689,668,15.246227420422088,90.00818267749841,1,1,1,1,0,BENIGN
75901.30174021007,7.60999889807743,81.63977263615706,1481,1055,182,647,51,219,91.46185893704599,68.30081508617984,1,1,1,0,0,BENIGN
206845.0396125348,27.39148706299037,93.22678388381672,1276,326,1484,895,656,906,13.311161322235876,76.12051709476738,0,0,1,1,0,Bot
541910.7529487681,19.987297464944366,87.62966404914849,1224,73,758,4,827,1371,87.00369681977288,21.600993369706025,0,1,1,0,0,BENIGN
87398.45177801425,23.185961388284838,31.938411683368518,1188,250,1141,631,1100,363,35.23792913059312,91.26496129348101,1,1,0,0,0,BENIGN
167383.68222200387,79.79431892533,58.63641413229526,231,449,30,1394,118,991,10.543409303413931,44.72132421792108,0,1,0,1,0,BENIGN
39592.232217629855,56.31265938920469,7.729349315046585,327,905,976,876,720,919,28.676896056552593,16.10673309128048,1,1,1,0,0,SSH-Patator
36491.44491201648,0.5770661292967993,25.78700035480086,237,354,1172,985,1205,562,18.1448014213883,79.97871914274613,0,1,1,0,0,BENIGN
51534.20089544921,42.932276570419525,9.422237874750738,1143,532,527,1211,505,41,49.06697186917142,356.3930176329742,0,0,0,1,0,DoS Hulk
111628.94002554692,40.78849268503589,31.518729015396385,949,295,1296,25,636,422,94.97453480397687,18.411914296162124,0,1,1,0,0,PortScan
114630.6874356436,11.394526944454352,87.51872134587289,894,297,863,161,152,134,32.78711615825185,25.625115917059503,0,1,0,0,0,BENIGN
37868.60414573635,67.61417886014571,34.71668396742926,618,1351,1408,744,1041,785,61.20989856821137,3.494898039047023,1,0,0,1,1,SSH-Patator
14295.845855094443,70.20971883794911,56.18981030014264,249,301,101,1153,1087,1282,89.17208757399636,9.0622982893385,0,1,1,0,1,BENIGN
100074.97048351262,72.08932190520977,43.338084811494085,1359,511,1095,532,496,1214,63.0073929696232,59.26247353861251,0,0,1,0,0,BENIGN
13733.962008519935,72.8470945558592,45.89165242987353,1307,1361,622,882,78,1279,36.21991408697644,86.62178280944556,1,0,1,0,1,BENIGN
86391.77276277925,0.005282693229680113,96.95720518365583,197,584,804,409,58,747,99.08391271758792,44.853041339882616,1,1,0,1,0,PortScan
118228.34875439825,95.39208038467221,29.615446826385792,415,373,407,1096,1434,72,18.741360144053367,62.60581422997227,0,0,0,0,0,BENIGN
120601.32058448963,81.4208767054663,62.73244695231713,731,1117,1370,1256,762,1097,52.3256014895508,80.97331012292842,1,1,1,1,0,BENIGN
140028.01505590125,90.39816965892852,42.0062669579447,1418,131,1390,854,825,634,79.67054987367973,35.67689104580693,0,0,1,0,0,BENIGN
206246.18878984483,1.5643295307434135,6.1146181047686206,937,909,829,1129,1084,400,0.06488695772243203,65.43140703513343,0,1,0,1,1,BENIGN
69306.51678526562,93.38587957857393,48.9330831624236,1174,52,788,900,1490,1102,70.2043252142437,35.0432425790954,0,0,0,1,0,BENIGN
131025.66703241107,80.97885286881046,81.33433290451083,1288,228,617,8,1102,992,26.64988967059386,64.27153547720692,0,0,0,0,1,FTP-Patator
96540.93803239628,83.72191429586987,9.875296868168837,1243,639,548,49,243,1271,16.972672269187715,21.7607720139248,1,0,0,1,0,BENIGN
20658.138899841822,9.328738472196852,6.9591847396308975,1239,1235,290,441,207,1210,27.419446336829147,977.8396542704199,1,1,1,0,0,DoS Hulk
2602.5386330002307,73.87780289185977,15.363152039326666,1338,796,421,35,855,469,96.68164258397842,76.17776855654334,0,0,0,0,0,DoS Hulk
33483.15232754807,95.9916689642091,76.44001113893061,215,790,180,1225,1110,578,89.19352592396855,50.523284952255764,1,0,1,1,0,Bot
58525.055495703324,67.85473414181607,72.3995384144738,1358,494,654,117,599,455,21.37544564637025,28.6296413052077,1,0,0,0,0,Bot
95999.69453743118,57.05614046246065,56.501776890611055,1382,852,113,701,644,1299,11.702677311844456,60.08378348160848,0,1,0,1,1,SSH-Patator
189684.8891656341,94.5629677748997,46.82264040926324,1184,670,1261,753,38,1202,36.41526045144676,42.83069799109111,0,0,0,0,1,BENIGN
21846.167430754427,44.2937121734436,88.83258147026221,814,1256,1117,1192,1199,913,59.23364801000734,30.6665587609927,0,0,0,1,1,BENIGN
13415.992141991448,59.92935663104787,76.66978238334825,609,1094,259,229,477,128,86.71446285811206,25.003763828293547,0,1,1,1,1,BENIGN
330989.37849849777,47.63382934943662,81.19422513018051,510,188,1130,559,19,378,96.60901250400778,18.24986141976148,1,0,1,0,1,BENIGN
11433.910210774868,93.28462213602991,81.32623013506543,917,662,243,1173,220,1138,75.11533681730988,78.28793161887624,0,0,1,0,1,BENIGN
65102.88812117676,7.608472676550726,64.2717154745558,156,7,422,207,274,1345,59.90072127016558,22.219993709364605,0,1,0,0,0,PortScan
88083.60648239414,50.11197008253482,45.80146243159459,161,331,334,1084,1177,388,14.233202613101692,77.35261963759153,1,0,1,0,1,BENIGN
77952.1133636326,68.69524413854383,86.46777525856504,41,1039,1046,1140,462,785,7.402837637331105,48.50386091543447,0,1,1,1,0,BENIGN
8995.98908963053,79.1906538422237,92.60074176032506,1203,665,270,238,1432,463,59.60268785292011,7.222802135619821,0,1,1,0,1,PortScan
5871.753758696237,58.301864744413635,2.3806043258343013,302,668,1163,866,250,1225,53.90641057669271,16.54426776537359,1,1,1,1,1,Bot
11147.184905131151,90.8917744121454,5.1554873266251295,1353,1116,1489,47,211,988,84.60881077341021,89.29046441221986,1,1,0,1,0,PortScan
88089.38680938832,94.19914468838716,95.87432969084372,1013,1285,453,1471,686,546,32.260585085510385,60.28158220051297,0,1,0,0,1,BENIGN
78601.9088162905,6.4319223193583515,27.716061384419476,763,160,1407,756,418,408,3.969085734981015,18.43331787216844,0,1,0,0,0,FTP-Patator
26623.477488612956,40.23705395413744,87.33694396494187,1452,350,593,1491,1195,617,42.37082690910332,70.37649152008011,1,0,0,1,0,BENIGN
101548.7344158388,2.345902172115444,38.879511896140265,1373,1197,1400,1316,506,760,96.91823039377392,82.326174442849,0,1,1,1,0,PortScan
171517.35098465683,32.94166573744429,11.91000576093556,119,316,1009,1448,645,1175,79.55749049365231,33.06531475584749,1,0,0,0,1,BENIGN
4246.809844643421,53.68682179706021,8.044320020933426,1098,936,1461,516,868,652,3.377217364227314,55.65952128107126,1,1,0,0,1,BENIGN
68941.40444876165,91.07949305099488,15.650789908045649,673,17,855,204,1226,1428,87.46789038981754,29.344997028313703,0,1,0,1,0,BENIGN
116896.09749009922,84.65543224654029,24.989319486736473,660,485,1445,1203,491,1001,47.16894896213174,8.006171772058623,1,1,1,0,0,SSH-Patator
29076.94027815587,12.749972667198573,48.851835393082624,122,366,1179,89,294,490,36.47680318179558,39.95090777369359,0,0,0,1,1,BENIGN
36783.83164382027,9.303037474089571,70.14979005657835,652,350,1358,499,456,806,34.67395408027916,75.14320191148862,1,1,0,1,0,PortScan
95098.0274077799,58.926733875666706,98.63985764853,1205,527,131,1131,1169,1185,59.51442530388644,458.6802788882769,1,1,0,1,0,DoS Hulk
228214.82888279535,53.211797245878266,44.150674328917106,920,871,767,1213,1261,146,53.05994184407625,40.52690080201573,0,0,0,0,1,BENIGN
166033.3498038797,26.637764143002386,51.81849423431098,1013,1458,500,1203,739,1435,65.66272441682631,36.60071888394212,0,1,1,1,1,BENIGN
87498.13819698304,89.94530845538353,52.18157013832556,788,932,1163,1043,423,255,57.364146504004665,45.89168226695497,1,0,1,0,1,BENIGN
131015.48342128917,92.73664094615535,53.94343554879361,256,269,134,1382,1007,369,14.394457484171852,31.822895213266545,0,1,1,0,0,PortScan
45385.07446871991,40.261143834016266,51.77406571044622,756,870,766,6,291,650,25.72360087583182,61.21841949118747,1,1,0,1,1,BENIGN
102433.68730946447,89.03025571135203,0.8774755061917827,597,1091,811,321,155,1314,84.10295721018342,6.3565979524695,0,1,0,1,0,Bot
62769.95561461795,38.39488942629726,0.17248221098407068,1292,1053,1430,267,349,1363,66.32585146956299,807.3881734473141,0,1,1,0,1,DoS Hulk
21064.219054411347,73.68168318297002,9.766631812612292,1203,315,769,1450,1465,75,44.84006254147411,17.316694715333757,0,1,0,0,0,BENIGN
120978.39023553798,47.59422175477241,10.155660342917884,790,736,93,295,242,568,18.260143183386536,63.34447282887445,0,1,1,0,1,PortScan
81297.77450083195,12.258315650718298,70.48969089547961,1172,163,1264,569,1230,504,0.7691035977311911,44.98825230522407,1,0,1,0,0,FTP-Patator
44413.56404862513,92.79342012370215,20.491603251599976,1171,925,164,1410,1451,1344,31.188740318861807,773.4935468788069,0,1,0,1,1,DoS Hulk
242293.7314568569,45.40965933775366,89.47141047556129,679,319,324,263,971,661,5.484695692666874,82.61399868210566,0,0,1,0,0,BENIGN
2115.6343339692694,73.44870403224036,92.86063295770195,1032,1037,1241,89,257,1015,48.22841330874551,20.420037218566712,0,0,1,0,0,BENIGN
37946.576612332916,36.71738144312921,97.58933378958987,1201,278,939,852,584,1330,82.18014527582085,67.71791474377557,0,1,0,0,1,BENIGN
5856.323307762119,1.888087857623466,93.90813048870201,795,431,619,1284,34,346,28.53986613822973,189.90750676750622,0,0,0,1,1,DoS Hulk
145469.01946764358,10.05303586918359,27.188832191852462,1418,667,230,487,1152,1416,84.77541615550496,12.399826083488463,0,1,0,0,0,BENIGN
121102.24417773461,49.62194794899244,50.97768447035125,607,633,581,1364,429,1222,70.45643960865894,93.02961014712511,0,1,1,0,1,BENIGN
40249.784290157004,68.99643571263624,17.5454970196941,330,1286,732,1352,1342,181,12.526232935486536,16.43890704413429,1,0,0,0,0,BENIGN
112597.18787702626,33.473532657927905,80.62096551724332,55,521,1202,400,94,239,64.45618912695834,22.813193258273333,1,1,0,0,0,BENIGN
50407.7156308529,69.54884591776504,88.84317051440961,1230,963,1103,356,219,65,15.16798073055432,13.032400778796893,0,0,0,0,0,BENIGN
141162.77237787304,69.8635589431956,85.12888392975148,104,1195,1377,754,300,170,65.47909202749187,47.029188937145584,1,0,0,1,0,BENIGN
60547.27384638724,70.39359073278308,43.33669486968349,546,357,670,498,1208,164,14.271448472810611,91.96073225243904,0,0,0,0,1,DDoS
53150.417188266176,49.25218540205084,75.8673884686781,792,1036,1184,833,1060,953,39.2511366015566,264.0557387122444,1,0,0,1,0,DoS Hulk
272922.14715342707,91.4886150121504,9.757916957626945,1378,724,1450,434,774,62,56.65942702381936,54.185213074928974,0,1,0,1,1,PortScan
28885.489312475478,48.91965179806156,4.024477061925069,488,672,402,118,399,354,5.037417142394174,41.14587370927649,0,1,0,0,0,BENIGN
12834.184166411438,45.026519349663815,75.32364143087608,1073,231,1055,1070,689,50,15.330834485452737,33.6009410840477,0,0,0,0,0,BENIGN
87837.643242762,19.9380819010627,42.53552743286837,1110,1499,120,1191,1165,583,32.040882505224644,57.21526912635747,1,0,0,1,0,BENIGN
348420.33747681964,30.765508735633652,99.55492647395691,302,470,726,1022,992,42,46.232008577186136,55.889290116881085,0,1,1,1,1,PortScan
47455.67208171341,4.233449251830335,9.72542158555324,1024,1183,384,347,133,962,85.84872939214344,359.3666008840006,0,1,1,1,1,DoS Hulk
6404.452437809837,63.35352936161702,85.56276815352336,1404,638,1448,538,1468,1344,18.727308835398215,85.05632965660416,0,0,1,1,0,BENIGN
41446.33722946607,24.853574392709287,47.99830655289917,649,559,475,1319,660,1341,34.74709505025256,5.317210774952519,0,1,1,1,0,BENIGN
70508.14197840705,30.41552544854651,82.71501955038771,647,1284,559,1197,1311,1239,47.57762362801806,8.523839516730792,0,0,0,0,0,BENIGN
17664.530519334425,77.08145216643211,81.71272821701449,1385,572,1190,1418,257,1214,29.577855598936875,99.07812599667379,1,1,0,0,0,PortScan
107324.34698001362,32.72211831614539,91.59920013620774,380,601,388,529,1062,669,62.57477787208708,74.7682912051179,1,0,1,0,0,BENIGN
609655.354860716,24.219589201314218,29.78500112861028,161,1382,1356,302,304,89,25.66024347759701,80.39289034300985,1,1,0,1,1,BENIGN
60100.46962120925,16.905774913370575,94.9799353462003,18,254,789,201,1306,1445,77.23504211132433,60.27010751387972,0,1,0,0,0,BENIGN
43808.42084368992,77.48584021819559,15.166696035762028,973,601,752,155,525,615,50.51540948511833,41.98604260264598,0,1,0,0,1,BENIGN
51199.99243779213,12.970625799002688,8.196877759349054,242,279,1494,13,406,562,8.63048834611102,62.92268787323076,0,0,0,1,1,Web Attack - Brute Force
12233.282094473485,45.37537602503535,43.161551737234916,128,116,703,1043,1382,1277,62.699889523195765,9.258470560871302,1,0,0,0,0,BENIGN
214792.25564125847,50.69301160771944,82.83229686418426,1199,609,52,755,885,1130,56.92435037987573,75.7769168302163,0,0,1,1,1,BENIGN
53584.54514010093,68.73899126857145,47.34211306334456,408,1185,566,888,377,1317,33.85973542066727,540.7430471438495,1,1,1,1,0,DoS Hulk
48983.809649414216,63.32834823329955,82.92866775305141,791,851,820,1480,468,1259,1.1157078389021358,95.67318905380922,0,0,1,1,0,DDoS
107789.91140767757,81.07206729451748,72.96868057943053,942,297,1044,1196,872,834,20.070154217437253,637.4752577076498,0,1,1,0,1,DoS Hulk
58345.62125363503,4.475143392623815,20.942838613893354,1107,915,1042,444,989,355,40.570952888235254,15.16925371784511,1,0,1,1,1,DDoS
104478.7587099343,29.64407247793972,94.88816248994638,1399,1320,861,121,1304,616,19.991403379329743,47.75501149780467,0,0,1,0,0,BENIGN
6341.5195110739105,28.013411877537976,6.078116862940341,221,1381,1479,183,10,766,57.74911209396778,5.7822249219321105,0,0,1,1,0,BENIGN
168052.23110088112,14.601690559210823,89.82797075437949,1348,517,321,670,674,303,71.23248939262568,745.4295592918714,1,1,1,0,0,DoS Hulk
282184.54035853944,28.917825385644313,30.4443448990374,1474,377,826,48,694,583,85.60176567508357,50.18315215683175,1,0,1,1,1,FTP-Patator
104630.08633060919,30.976531414290342,50.01480831643993,1439,425,432,180,1209,1140,64.69826186837487,36.96533697923695,1,1,0,0,1,BENIGN
309149.2989728422,52.188446192747826,42.235187270073446,444,536,1082,1417,972,366,68.90092212548127,968.5493816720391,0,1,0,1,0,DoS Hulk
16420.54265641818,66.3704478926256,17.18345569169162,617,552,1174,1416,8,458,60.84418652305244,94.059851896738,0,1,0,0,1,BENIGN
64896.9905097928,38.110051361181405,35.81468664016931,1348,168,1463,1371,27,119,98.54860576127037,95.28319968261196,1,1,1,0,1,BENIGN
92081.77984579845,71.94702313133811,19.293443629279526,522,514,57,1499,822,1236,26.10005690799082,220.97024221691018,1,0,1,0,0,DoS Hulk
87164.40147501633,33.616533857958,20.388647546052386,165,1387,1017,140,685,1206,26.625868051275837,72.85695957189921,0,1,1,1,0,PortScan
51326.48948519577,29.028367731476035,18.705683602638036,707,429,750,529,1487,1362,12.633364142185965,94.53821372024561,0,1,1,1,0,BENIGN
41261.723777034684,54.11880558570243,48.901738034659424,742,568,1316,583,510,1254,48.568432586953236,57.08702567066337,0,0,1,0,0,BENIGN
13561.816562204485,2.3716360305790607,79.79313675113156,1261,82,181,470,501,363,9.616170363092191,21.41603439331712,0,1,1,0,0,BENIGN
49715.688566068115,7.9789123634000365,56.8970033761241,1008,329,606,1286,581,1469,27.014659689810372,81.78124638822622,0,1,1,0,1,BENIGN
17752.605175713918,41.796954358652705,89.32065885508419,912,690,1101,142,777,483,48.26809287713915,87.99182473267118,1,0,0,1,0,BENIGN
132563.46396548662,94.29127113917565,63.65444885767242,1036,1156,960,706,660,851,95.75956159300173,70.3235386386514,0,1,0,0,1,DDoS
23424.35989003616,72.15117798434237,68.93401156326044,1280,456,104,1169,1241,949,96.38129938401674,29.355287753559622,0,0,1,1,0,BENIGN
6035.029631193422,8.812656950055775,66.76072297270032,1233,352,1284,293,1452,245,74.37402341365558,190.69389865445274,1,1,1,0,0,DoS Hulk
80377.96526293844,84.63180127808737,44.945919318374116,364,343,606,421,2,763,38.92501615756849,62.42698011967175,1,1,0,1,0,Web Attack - Brute Force
90443.56141002722,73.2300770608181,68.93388222000829,224,1117,1246,563,1210,1248,86.51612733765461,48.2800524802448,0,0,1,0,0,BENIGN
205504.60368743373,61.09465257026532,6.970774646896116,995,1405,989,416,42,1180,87.54558019076403,66.87827244132721,0,1,0,1,0,BENIGN
86033.96314188838,82.02929606091773,85.98514719156631,193,761,483,660,774,630,91.01973807965523,11.169966546236598,0,1,1,1,1,PortScan
42385.44407727264,40.41098477429571,77.78121434439174,1219,1318,128,912,1434,364,64.0025048215213,13.591355104806379,1,1,0,0,0,BENIGN
162461.1864379357,22.150105085385274,24.522995823167882,1423,197,318,1130,1213,901,20.179279560788043,36.288955597687156,0,0,0,0,1,DDoS
77713.52629046919,51.20233891087593,76.80324542540824,56,78,706,1341,41,185,9.108077277068173,25.876028762887504,0,1,1,0,0,BENIGN
8259.961546174387,54.88417555934738,1.2642601400018494,212,677,508,58,1120,1208,91.477550404013,61.93386310926709,0,0,1,0,1,Bot
83436.64730746036,53.83263720099121,21.724657248088043,1302,550,19,1015,729,1410,5.554610812160298,36.754052936218805,1,1,1,0,0,BENIGN
238616.8302923454,56.50737914801053,6.513723867089594,1403,819,751,257,647,279,29.589005943799485,68.39707861478838,0,1,1,1,1,FTP-Patator
50469.880692871186,94.87049182391807,78.02269166178947,116,213,234,792,656,741,48.69617670377371,76.87984021056897,0,0,0,1,0,Bot
35143.98167324397,90.22456230962314,75.58741511783872,1474,668,605,1448,880,1288,2.197669287347581,18.716757021918173,0,1,0,1,0,BENIGN
15486.530162962841,87.57170365589394,81.36360238018307,598,988,553,530,1159,351,90.69122586782439,91.9823835415061,0,1,0,0,0,PortScan
16422.09912249668,80.14168109086272,0.4481693325528835,409,893,1373,165,509,588,28.712099487223497,78.71598402865702,1,1,1,1,1,BENIGN
56699.30305953179,94.34281072652854,50.1232726678408,1390,158,452,1048,36,81,2.8504798920575225,62.678080215427535,0,0,0,0,0,BENIGN
90554.82004430833,9.849464167940326,70.48361975173366,811,738,585,3,822,1204,99.35899972265184,90.89288547481374,1,1,0,1,0,BENIGN
8405.075142757005,26.51232614457395,15.540112873901545,928,556,983,2,578,1365,31.139318081751533,26.58687496191996,1,1,1,1,0,BENIGN
280624.62599678925,49.50559456545849,64.97907275126246,1136,200,422,417,836,195,87.67649074853729,42.1713201972018,1,1,1,0,0,Bot
140704.25945370487,84.65344931234053,8.411009930968572,1187,21,1213,361,516,59,45.34744539208809,8.578698040060162,0,0,0,0,1,BENIGN
88339.74908917387,50.51657115227325,18.132585610431317,3,1362,1148,905,784,150,66.31259010549991,456.18182115710783,0,0,0,0,0,DoS Hulk
176281.44724468802,74.80347393415887,47.5796814994601,22,1265,5,368,1020,1084,24.109014953735475,506.40072959772084,0,0,0,1,0,DoS Hulk
8358.462608054217,13.895990524891621,65.3565152681102,920,1261,457,538,878,427,50.2875326977022,61.606692366006165,1,1,1,1,0,Bot
64786.57891939863,25.24138129765602,14.586912695389609,744,1172,553,879,1081,950,25.7651192425027,6.403921308436733,0,1,0,1,1,PortScan
99450.39992448852,73.17760950376724,18.52233308309379,601,784,521,345,958,330,95.10838812651036,3.2466019233702403,1,1,1,0,0,SSH-Patator
176406.39909354242,16.473400888772403,20.4446367065663,987,6,1112,730,154,1062,6.094541241624629,41.98901652810969,1,0,1,1,1,BENIGN
153002.41411885497,35.135593465492676,23.870080469897847,1115,1256,845,896,112,1276,27.46739275048474,18.913331227592522,1,0,1,1,1,BENIGN
32444.1842480381,26.48662578135714,22.655384852629123,468,803,1134,1067,1483,889,89.31088765498787,75.87883421524629,0,1,0,1,1,FTP-Patator
282818.8870397797,34.98616942224785,39.51491084976367,969,767,550,723,835,954,48.00359575072838,66.87362841352302,0,1,1,0,0,PortScan
13278.406215222638,70.83240490779703,65.37896508367228,1178,578,1420,563,600,1256,60.008411190417,32.58269743830519,1,1,0,1,1,BENIGN
208051.10623824748,36.7847181142801,43.80317831344696,626,1100,10,1176,441,353,65.16933714956426,4.578326516333275,1,0,1,1,0,SSH-Patator
353840.1210161766,55.52633226079402,77.59739087498882,206,488,496,201,227,900,7.092751177356337,18.244362384351763,1,0,0,1,0,Bot
19498.56366812427,9.993187705440965,71.92685059486148,1013,925,1039,320,873,1193,1.7738740908585071,69.1679342613111,0,1,0,1,1,BENIGN
128037.18345534119,80.50176932346278,12.652691404907568,80,86,1056,463,1145,216,93.78410517113066,99.01648933369768,1,1,0,0,1,DDoS
4111.945415073308,36.988862564812486,4.884162332074393,614,221,744,1034,670,347,27.150284529688072,32.646040509958226,0,1,0,1,1,PortScan
51990.47565400114,64.85341590333424,87.79415639996061,482,412,488,1250,1380,410,38.03131104355288,80.19962869653935,0,0,1,0,0,BENIGN
72625.5872558168,72.53896016618326,7.983106656287342,591,583,1211,632,1291,730,68.20931707235496,867.0964915987571,1,0,0,1,0,DoS Hulk
86903.80011158258,20.96609221117004,14.833918071971308,1430,201,735,332,694,897,23.630387707272128,4.818087215847711,0,0,1,0,1,SSH-Patator
274789.2179878548,88.467498495335,2.213327555811806,1126,570,457,1492,868,914,73.30713701675182,916.2215979222145,0,0,1,1,1,DoS Hulk
111550.62533479856,61.62242516069529,62.83363652986538,1263,1299,1074,14,1027,242,45.824218216327,46.62027043699545,1,0,1,0,1,DDoS
65638.70907573178,42.87251417514815,58.237056315834856,1288,220,1294,1080,120,7,85.6609805287391,96.42422065371677,0,0,1,1,0,BENIGN
165902.23323370446,18.233518357821954,98.69036664352556,32,156,463,1353,741,1306,27.85406357654824,53.855582745311594,0,1,1,1,1,PortScan
300644.5878906102,94.23009379012068,88.6932396317172,34,1204,42,1087,1242,622,20.382248046329853,23.514350989864784,0,0,0,1,1,BENIGN
2231.324792424268,75.50682041316252,41.08431774809097,1272,128,538,229,693,923,83.1688353874872,97.46683074076277,0,0,1,1,0,BENIGN
404677.06949298375,20.802456273324886,37.1585840912535,999,1266,567,10,1301,579,32.63260649928337,24.33049141159669,0,0,0,0,1,BENIGN
9006.929025930422,33.77107747242245,29.68520342799851,1073,1195,120,1247,256,165,41.1868646000505,88.24782275975038,0,1,0,0,0,PortScan
168409.02287788037,80.96742580880732,15.240692003788137,279,876,624,541,1327,1226,79.3707832687993,17.312849471855007,0,0,0,0,1,BENIGN
32896.910918659065,69.5677663215339,13.808365660200906,151,269,315,521,42,363,63.5576537374575,67.4767572756628,1,1,0,1,0,FTP-Patator
14177.056472400684,76.57842927157243,13.228370800960542,700,1444,1021,1077,869,1175,44.17258904322691,411.29160888619396,1,0,1,0,0,DoS Hulk
57956.074224880715,44.12011022129324,11.411475718677854,734,162,1138,766,915,1448,24.9890508904558,97.2018173151445,0,1,1,1,0,BENIGN
103270.25877237972,71.6476262642167,24.05120424055369,1018,954,620,1180,587,657,76.42009688517642,18.477263113925456,0,1,1,0,1,FTP-Patator
47957.22145309514,38.64937228639137,30.666863031311642,1253,23,453,640,912,1492,18.043103449005706,40.8794673008081,1,0,0,1,1,BENIGN
5611.057178814853,21.126291693819642,96.15789710389159,664,496,686,569,1173,1433,92.82796005864282,63.97763240437412,0,1,0,1,1,PortScan
91494.44876145363,63.26770348413599,57.84732510018857,922,192,623,404,593,514,15.031606912299722,97.76204232754402,0,1,1,1,0,BENIGN
232691.13528341978,97.60139255987941,98.7595774513281,1311,877,611,1422,1033,1274,80.49336919472961,30.386307663134048,0,0,1,1,0,Web Attack - Brute Force
48323.5369409178,31.06009713953296,37.246694782567324,1418,389,958,706,791,1100,42.42488667281338,39.68710510447775,0,0,0,1,1,BENIGN
24377.081000472088,46.09695922125396,45.7626632589441,452,496,646,928,211,1445,18.600623293351205,46.17919873223596,1,0,1,0,0,BENIGN
58443.152237196526,67.40013710698535,32.457865916527915,619,963,762,1426,1283,731,40.23789382367712,25.27004912961761,1,0,0,1,1,BENIGN
4957.131579015187,54.15062821224878,18.288765089655268,1056,805,1360,1112,1405,909,22.155181619993357,81.73547004036422,0,0,0,0,0,BENIGN
171751.09062049378,84.34277957090492,14.316470777757917,1386,128,239,592,1412,1408,13.599365083584736,9.19956057523027,1,1,1,0,0,BENIGN
175066.0584118613,76.1742706469516,94.50791978078318,1134,1020,733,185,921,1402,23.915539893055847,70.47899317063026,0,1,1,1,1,BENIGN
88673.30544624384,5.829720386235704,98.68106817987558,1144,552,1409,894,335,1251,86.73984725382526,53.392896995753546,1,1,0,1,0,DDoS
43556.80217612903,99.8421233923774,4.490949650873155,15,1059,1168,78,1028,117,10.59423874798242,24.192695598571245,0,1,0,0,0,SSH-Patator
160835.53208767815,75.24024537194673,15.034587473176654,738,1480,376,144,921,1009,97.25395877678908,49.283047353404875,1,1,1,0,0,DDoS
80897.79289437241,86.39033162941132,42.35240923010226,714,360,3,13,82,1290,0.4998453687676818,82.9949092194205,0,0,1,1,1,BENIGN
174831.10240989263,65.11977120953463,18.63334763444073,713,764,793,1,1029,1258,65.82381543912432,44.54416039221264,0,0,1,0,0,BENIGN
99820.27488638807,85.62851280467623,36.38803936268833,97,1238,845,515,151,1191,85.6511984838086,12.189776491497717,1,0,1,0,1,BENIGN
153435.5826228695,11.238297492870942,12.909634985963336,115,286,1351,755,1204,771,93.39576481267643,4.080196213151977,1,1,0,0,1,BENIGN
91270.4652593895,34.77378355593156,45.65117567217902,964,767,196,65,1190,929,14.398559345675455,777.7962941135569,0,0,0,1,0,DoS Hulk
53467.624912887855,87.64209436044928,27.16946161692593,1494,924,388,245,1493,695,69.820849645234,33.04331458340406,1,0,0,0,1,DDoS
316879.7441431948,20.165521126689224,35.190505575866084,1462,368,260,1453,77,521,10.73492161556473,93.12446965741358,1,1,0,1,1,BENIGN
77895.30841603293,7.824209858002273,9.43126514627476,1304,1492,602,571,411,336,35.26114938744336,61.714718100052245,0,1,0,0,1,SSH-Patator
92909.61689818495,78.8118939945219,42.81280507101417,348,898,93,1255,380,1350,73.19263575069937,43.628389116816294,1,1,1,0,0,BENIGN
24908.673354107243,83.54861556432962,98.32576109615698,231,1209,1280,435,947,1382,34.59732261630669,564.4649201507126,0,0,0,1,1,DoS Hulk
98256.61991023144,16.26522181899006,32.88330468811903,1134,1497,135,352,789,447,31.337472828106783,45.71326449126326,1,1,0,1,0,BENIGN
84771.57965038726,85.43459827827155,87.6429274842435,1375,1084,524,678,312,652,11.605461880240819,90.58110823832864,0,1,1,1,1,BENIGN
20436.890066951593,68.67677955971696,84.31991416236852,1035,261,497,382,863,889,6.6438094328088,458.02186936729083,0,1,0,1,0,DoS Hulk
6143.624202874656,52.00826832165839,95.20584182972107,983,787,1201,1083,394,603,11.527799128175708,104.06450858874737,1,0,1,0,0,DoS Hulk
92724.8852656842,83.0250192781385,79.01095122670945,638,110,111,469,542,1120,87.54747749452244,59.70880391584586,0,1,1,0,1,BENIGN
144262.03799216214,41.92492493189658,65.95968270588149,284,941,1287,1434,3,652,1.119852538092525,62.2981046150319,0,1,0,0,1,BENIGN
74108.05907840918,19.39939562233972,85.65844442274576,635,140,1437,1106,108,758,69.28658695352891,76.53300727930346,1,1,0,0,1,BENIGN
25718.212787691402,28.485267661061364,7.564468065734964,544,744,368,73,917,1279,76.86242298882978,93.32841415510089,0,1,0,0,1,BENIGN
109817.83129283093,50.51640182933148,46.28306571988078,391,534,935,1334,885,441,56.78883041274288,44.308168212345045,1,1,0,0,1,BENIGN
8349.653577071493,53.13307926731758,98.92562386150588,1193,78,1401,1477,92,408,73.07753611831485,35.207660660730575,1,1,1,0,0,BENIGN
58309.83409318039,80.55808264412336,76.96001512947322,76,1054,767,25,1122,809,65.22696690251003,49.077101574749925,0,0,1,1,1,BENIGN
17836.948659944697,79.13527236523345,96.2075378037223,296,508,585,1449,191,84,45.55584890946926,90.01989019112972,1,0,1,0,0,BENIGN
20390.364488911204,58.13665572045748,77.96343561334791,329,970,1406,1400,332,1440,38.271042787626705,97.998238183652,1,1,0,1,1,BENIGN
22601.510673366603,78.07854833654764,87.48819674421442,1086,65,672,1266,1235,952,94.13319884051735,97.12350066137421,0,0,1,0,1,BENIGN
48891.257309172805,19.1773458293671,70.6529632303191,269,1394,510,834,1230,696,97.19379925704679,22.969551280522804,1,0,0,0,0,BENIGN
5250.477068702344,5.006452709329434,76.05020044172399,215,286,712,627,626,97,65.12714036250297,49.68953615618763,0,0,1,0,0,BENIGN
50715.47711457592,87.36338226347002,52.31780098395007,1213,1199,819,1346,985,541,19.729883989847174,25.947402585501145,1,1,1,0,0,DDoS
71684.05591360867,7.5554493762769575,92.4237700814133,1098,122,376,1203,572,1474,44.78991624377875,36.798278236704704,0,1,0,1,0,BENIGN
66028.17831082568,24.66884297439973,82.50389106233617,509,1254,544,773,355,190,49.653749008260704,3.1684105541547103,1,0,1,0,1,BENIGN
48253.63979743863,69.53189496243846,84.38849656656322,578,554,72,1008,1276,967,75.79700524606616,16.060117927158345,0,0,0,0,1,Web Attack - Brute Force
182726.1937989148,40.94479376273091,67.30091009630523,1116,1003,973,265,590,1224,66.77771313223192,39.70759546870271,0,0,1,0,0,BENIGN
15703.597946105643,87.63139699155089,30.4579947087249,1076,3,503,549,195,1345,51.48144294278951,36.470463222306435,1,1,1,0,0,PortScan
70460.60711557683,29.797979466226955,3.562979539013933,495,411,1375,1403,261,257,68.0364557787157,27.88325511313381,0,1,0,0,0,BENIGN
6404.948548865705,1.1871346669359295,93.56551294095445,947,249,804,76,321,154,2.405684673377395,23.03095770863034,0,0,1,0,0,DDoS
7381.4131043921625,30.06556405607441,58.61203488054969,93,1368,709,1072,419,943,77.66353218843638,74.89557144473902,0,1,1,1,0,BENIGN
85300.10754242491,57.80750491848317,29.814297114814025,624,1356,324,1013,331,227,21.16322340069443,29.45496998113911,1,0,1,1,1,BENIGN
83475.31994414878,37.59383754032933,14.91351078475378,228,452,387,1277,1319,516,65.64091395611491,70.65436314627433,0,1,0,1,0,BENIGN
210400.8967430954,53.48727557587553,82.95231655007547,249,157,827,1403,1259,640,11.397325213700915,36.86251090816638,1,1,0,1,0,Bot
81615.96360639147,87.65981188350187,83.65201944475788,1414,836,239,1272,680,73,11.446083592470146,80.19792390755576,1,1,0,1,0,PortScan
321366.49352875224,91.24850542303685,81.45079681305315,720,1013,975,1095,6,364,3.5657643836702,16.723334873534213,1,1,0,1,1,BENIGN
4992.039345791926,26.59740646541121,64.50826919667863,979,1293,1097,446,533,23,91.02328101535117,15.760388036957817,0,1,1,1,0,PortScan
10314.92786683796,46.21404732699007,36.60153875918759,181,1441,30,505,71,462,60.4558757691812,67.96722670410044,1,1,1,0,1,BENIGN
4506.626116000505,54.91440152414512,30.4070284780257,266,1463,478,1276,617,480,36.19619362291483,91.49152418088552,0,1,0,1,0,BENIGN
20490.691711102052,94.9112456888247,0.8554770118170185,1003,1052,1037,995,138,1112,78.77777410193087,14.298670483287134,1,0,0,1,0,BENIGN
77929.37191392608,99.86173191643847,83.36075586882403,280,977,716,869,1409,1323,62.60822006246654,7.370461784381699,1,1,1,1,0,BENIGN
103725.05684881697,23.540724884152663,8.743269749364247,961,334,1339,298,541,43,62.00805179129404,93.46372068218237,1,0,0,1,0,DDoS
4665.685713396438,72.69798713458154,63.07549980407676,666,1261,67,733,323,1060,48.70427943630068,117.32694386581943,0,0,0,0,1,DoS Hulk
291823.23007342883,37.80310622331952,50.40749468400884,1106,152,1005,1083,948,1497,0.7926778668208678,25.03669197656827,1,0,0,1,0,SSH-Patator
184620.74817758743,0.8108196886213226,52.66893589263512,1209,748,537,1380,600,1303,25.846250642493985,92.94941674200807,0,0,0,1,1,Bot
35184.730456045974,0.9252522435902355,92.67128453077733,530,833,290,156,72,460,10.907669460008297,80.29178929602216,0,0,1,1,1,BENIGN
8032.923979861893,46.05660075622558,3.161501127124211,1371,1138,974,341,839,1192,66.2409852352776,34.27578136572939,1,0,1,1,0,DDoS
18619.35310837393,48.833491300433465,77.33922246287723,422,807,23,973,1412,69,24.862082178699772,95.45277196565934,1,0,0,0,0,Bot
13575.605249483728,2.2569696573442655,5.205239836730713,980,757,414,893,1261,212,45.016666405120695,56.80485131987375,1,1,0,0,1,SSH-Patator
13157.19185614339,68.69274167743025,3.81536059353772,453,1422,850,1225,987,913,35.34302982898829,7.224826262769324,0,0,1,1,0,BENIGN
73097.71736375727,29.400338859495314,42.98176981413819,266,1055,961,1058,1345,71,14.319873792536397,70.30668772678146,0,0,1,0,0,Bot
28216.06005297094,55.98931015359494,6.307517434296672,506,531,680,1479,1364,827,95.83702328827192,53.727735782330186,0,0,0,1,1,BENIGN
44338.462596880294,30.091907316541878,78.91439512929121,1165,52,1059,916,1328,179,93.3419311627216,57.25880505191555,1,0,1,0,0,BENIGN
455688.8092228617,16.71343148693072,52.95630936483372,315,717,100,1188,1031,207,8.460818603664055,99.41042443254649,0,0,1,0,1,BENIGN
115300.80188217788,40.71737385988753,2.9038782659774443,763,1218,545,1051,1230,176,82.73653535279965,15.251428329954154,0,0,1,0,1,FTP-Patator
297555.06405797607,23.227336479050077,4.050068648191951,1255,1328,38,1395,410,706,48.83736827163732,65.67959002878922,0,1,1,0,0,BENIGN
15380.005550845108,53.480097691916804,61.26685297394794,1320,344,210,313,257,1324,77.37358845808512,45.874109722969166,0,0,1,1,1,BENIGN
48149.25344270289,19.882853028647997,80.61118176584048,897,1105,741,1307,650,883,15.115713091376692,271.89312488799567,1,0,1,0,0,DoS Hulk
80907.84891069887,50.840597664462706,43.779953127477356,952,0,591,1321,1069,750,13.227413777754371,69.35447916629627,1,0,0,1,1,BENIGN
7986.395736312461,15.737851486886756,55.45806715356244,874,166,749,474,125,1177,89.07575008952041,66.821280725,1,0,1,1,1,BENIGN
419.62355223183346,67.09747094857849,79.98294540499016,915,316,171,596,1044,153,89.78194918410608,85.64951081235301,0,0,1,0,0,BENIGN
110997.96544458631,75.39376844414241,61.05061740418192,21,1206,837,1372,1193,29,46.59121627536088,87.88692351865039,0,1,0,0,0,BENIGN
102671.827660608,11.039423424993377,22.476023765881948,383,964,441,635,543,1050,87.0157797614898,56.18194530492381,1,0,0,0,1,BENIGN
52897.06027199854,46.78024120373392,61.30520258694786,1149,897,1082,444,1439,975,66.74589515036303,32.557256606771745,1,0,0,1,1,BENIGN
67264.6906542572,7.087170065487358,62.82794590652136,102,272,1433,1230,454,1263,18.500974261099202,52.95804504381451,0,1,0,1,0,BENIGN
53690.09845903728,59.81824455420024,73.41069808811267,899,372,533,416,661,643,32.89542646821487,35.92551267028629,0,0,0,0,1,Bot
2429.7861480855063,26.440429792964537,62.087418755680126,732,1385,364,438,1229,690,13.606065050866988,27.73560840296114,0,1,0,1,1,BENIGN
40852.720085878515,52.76244568387079,96.9242130458038,109,899,366,164,1356,97,77.39486689309331,55.15753777771667,1,1,0,0,0,BENIGN
19489.902910470842,51.746100938429116,19.728830871706847,1495,200,1367,419,1044,325,98.52507246957497,65.79341741630694,0,1,0,0,0,BENIGN
10361.114569962758,92.43543461938005,95.10906795670763,1088,1215,295,1394,917,236,54.63783265660116,59.057128691039416,0,1,0,0,1,PortScan
314007.4669663983,54.90832225687229,53.83394903500162,1495,1364,1364,1289,1088,137,65.58644141148928,95.44195213633195,1,0,1,0,0,BENIGN
91469.1324214182,58.29984797183157,67.1956140494912,669,1322,605,1302,87,629,74.60925681336367,29.86361185539649,0,1,0,1,1,BENIGN
130436.89378955078,40.165312576438026,9.946159745218985,1099,139,755,987,1066,617,22.425910243049042,37.234168505467416,0,1,0,0,1,BENIGN
37886.75938240747,94.90796031828168,38.0575941378107,1042,305,522,481,1164,1069,33.600124763343416,66.76428232235537,1,1,1,1,1,PortScan
49946.890526713025,77.71859094396096,76.93791464631727,383,1219,264,516,1397,389,41.23212113242347,60.03586275036069,0,0,1,1,0,FTP-Patator
27039.76378446512,28.540529030284155,70.69110150989903,189,1084,1061,81,515,1387,59.45883121454722,0.18633853373635212,0,1,0,1,0,BENIGN
10199.470963818114,84.42095857762321,4.013938816541018,761,359,1154,118,499,359,85.04925781487756,31.22854685267412,0,1,0,0,0,DDoS
19727.07055238353,43.239636018508996,54.65942634972446,359,306,381,1326,1302,581,25.420354458990612,25.37618524686375,1,0,1,1,1,BENIGN
159708.47543298427,82.8667143533594,8.827819296840945,874,332,1248,1238,325,206,47.08888007277889,83.99148866460156,1,1,0,0,1,BENIGN
113179.4184411349,82.28880682935021,99.58564291781623,885,1106,1166,27,1441,600,75.15339112047117,86.6248730884929,0,1,0,1,1,BENIGN
79170.61591687815,18.88701867628544,89.72965885332947,1475,333,430,780,552,978,8.73849995046243,28.389314103115826,0,1,0,0,0,FTP-Patator
64452.821745747126,70.1141131383577,2.1080660428536957,78,516,388,497,887,514,51.28934583261785,10.207115362753639,0,1,0,0,1,PortScan
255662.97491075276,29.06429693065311,85.86495789026309,595,730,53,536,995,809,14.437970336572503,20.520194705869944,1,1,0,1,1,BENIGN
7551.582955861086,29.749266999266823,91.94296005584076,1195,923,23,518,992,1389,53.91488967273494,17.656839891905896,0,0,0,1,1,BENIGN
32933.88781603906,29.634807688058075,35.35482225634551,1235,765,394,193,928,437,76.78227613154368,237.43535928508962,1,0,0,1,1,DoS Hulk
43068.73107715794,72.55682475599482,71.95016550477659,885,1497,632,591,920,1254,23.69474110449398,23.46449022974153,0,0,0,0,1,BENIGN
152521.5393337946,22.982604179253606,44.21037462077789,1014,1417,118,441,307,1446,84.94784454847048,47.98386489009734,1,0,1,0,1,BENIGN
489480.3515834493,0.09058352460902253,65.52324845763441,1468,784,982,1059,656,468,33.480411008175004,31.964138073756455,1,1,1,0,0,DDoS
27531.949137828648,71.52368534826331,34.031740429819145,148,1403,1208,257,1330,629,19.078486355777013,55.982175085544384,0,0,0,1,0,BENIGN
207391.55114451956,17.118474383512527,32.25592366332683,9,20,191,112,469,1334,46.532339507085204,34.41346243408415,1,1,0,0,0,PortScan
177562.6864892659,10.448239530783464,42.443388885757905,791,878,486,1317,1207,394,87.60750821052052,81.46769299652705,0,0,0,0,1,BENIGN
25445.027975285535,23.751612059406014,14.556775865250115,1078,176,632,13,624,113,6.893306117410292,95.07924777837377,1,1,0,0,0,BENIGN
50971.387565237645,37.9900522322704,83.11389644353827,871,1386,720,910,290,1225,32.75714662166453,40.391845335502474,0,1,0,0,1,FTP-Patator
52707.84369116337,47.59063274732007,34.869789536163665,179,21,383,139,248,462,65.31631689691132,4.9468534786554885,1,0,0,1,1,FTP-Patator
382679.3856464401,4.457004071263082,40.01495539058452,743,836,811,1394,323,541,35.75808686955855,239.57824736783942,1,1,1,0,0,DoS Hulk
19953.9215290436,97.05733326273605,89.40546127021446,380,959,345,1450,1466,1387,7.0823994732615585,10.185816420304173,1,1,1,1,1,BENIGN
160523.66058191675,71.60630534195582,49.66238140631714,1445,547,472,1120,603,246,33.199896878047376,34.47639098129067,1,0,1,0,1,BENIGN
40675.50109348951,32.31940653243362,54.42539093508629,450,249,675,696,58,1269,82.09593861365303,64.51142341801696,0,0,0,0,1,BENIGN
131256.20295359928,31.869725728539734,95.64981247770984,1116,660,2,1365,1020,1207,96.8037522505026,51.890790894451065,1,1,0,0,0,PortScan
54474.614854521686,44.85425493684594,88.67263831449893,1436,951,1073,869,268,1436,3.97791973977184,24.287567802763842,1,1,0,1,1,PortScan
86360.28477808202,62.6244822763033,16.94667088884395,393,1096,924,1455,1341,272,56.92838176350693,76.72590526426568,1,1,1,0,1,DDoS
178743.94539026433,14.637306658896776,47.321502991810505,964,1114,875,188,93,544,10.530343302684809,13.148072937972909,1,0,1,1,0,BENIGN
163048.5696033548,18.892981376495232,97.12962274285455,1354,1199,983,81,1277,1300,68.03965291560058,22.819597512470114,1,1,1,0,1,DDoS
201307.8562426349,85.94345828335508,37.236629822860266,432,125,1234,1203,686,622,0.7892226008050951,67.60471505926748,0,0,0,1,0,BENIGN
6146.838586392217,25.625492388907254,37.157310851620004,953,1227,972,957,1483,717,1.4741625707373252,19.723438668886683,0,0,1,0,1,BENIGN
117781.96427258228,38.01949979751775,19.503023178915434,1186,1269,1306,897,514,777,77.6879826430574,678.7627158785892,0,0,1,1,0,DoS Hulk
15080.821161179952,87.12718509501171,11.432311411912522,945,610,378,966,532,1020,7.44353226972978,97.694135029615,1,1,1,1,0,BENIGN
53754.36732008639,66.31478293998225,74.03047907559818,1063,1294,1349,1438,1127,489,30.518167428706423,83.13532871961532,0,0,1,0,0,BENIGN
79537.57504501566,34.171187934168834,77.00304687015165,765,1009,1321,1128,401,214,95.8040424103831,16.001054036292384,0,1,0,0,1,PortScan
51540.18868145539,68.36995457246208,96.90129635029999,907,43,137,380,966,1126,98.52471174474712,52.049842150325354,1,1,0,1,1,BENIGN
73316.04934076493,1.968321538141371,77.3418210905363,84,547,124,721,1356,589,16.14028618860668,42.23215634324846,0,0,0,0,1,BENIGN
566253.7503605445,73.56426600113653,24.33524940335987,783,1191,933,328,720,174,56.090192143585014,99.16694132333971,1,1,1,0,1,Bot
14527.703333957548,48.701604051623946,4.011657828851545,815,434,1415,1272,876,51,55.91488284902999,96.44007017405828,0,0,1,0,0,BENIGN
112533.42985022865,81.31821472844612,98.54373843696602,1114,1053,1425,71,607,296,45.238069053261334,12.711205277090487,0,0,1,1,0,FTP-Patator
50418.26810247862,95.46376520064683,34.04506955436057,1408,793,479,132,92,174,92.47001582639956,90.87308720163334,0,0,0,1,0,BENIGN
14272.760435004184,92.57885494945684,31.197154243242075,1216,356,1424,1263,573,968,75.40339091241603,19.341833803845876,0,1,0,0,1,PortScan
17285.06636736531,90.92650434553407,90.59552097493825,1276,1271,569,1101,970,342,76.45269356819439,31.94515017127493,1,0,0,0,1,FTP-Patator
298129.90602188336,51.21699559338872,58.50998985449861,1267,252,1385,569,436,599,26.95694317693431,35.34079797309434,0,1,0,1,0,FTP-Patator
211694.8177345498,36.014211413893804,21.487117384913457,706,784,65,460,1033,170,43.43197722016387,28.682204512182153,1,0,1,0,0,Bot
237560.70749027777,46.503532473067274,88.90962427162395,269,720,1451,124,455,1060,48.742369847545305,85.32437931669293,1,0,1,0,0,Bot
477155.2548634513,68.98960033133608,99.33608550547433,840,1405,851,1034,414,1224,29.89120412044165,32.993240587637494,0,1,0,1,0,BENIGN
23359.218618595973,88.39977768711867,8.667856115083072,1042,736,431,1491,1398,1087,9.481777516205803,81.67384190851912,1,1,1,0,0,BENIGN
43918.63374698838,20.698630300011956,86.22516283024872,1063,899,1128,1430,1396,454,12.635922497221596,994.3768165049572,1,0,0,1,0,DoS Hulk
110629.88444669863,91.8193158461703,39.0515697684394,515,1442,1112,940,703,726,18.06711281809218,84.07615378270457,1,1,0,0,0,Bot
66126.59120131907,81.5180231969889,52.407244650670435,1056,122,600,26,881,1432,20.365333436494836,34.61429264342922,1,1,0,1,0,DDoS
54195.43566701734,97.88560151782346,91.48159757649807,449,1317,855,206,761,886,24.226180921054407,71.12523934128625,0,1,0,1,1,PortScan
44287.30143527602,88.02517732816871,97.33791957751173,684,684,5,1245,1462,1005,25.54600289634944,533.9234469910733,1,1,0,0,0,DoS Hulk
90086.19498880007,27.993732969190667,26.216391040879937,624,142,157,311,1218,754,45.57163454875359,786.5177838834086,1,1,0,1,0,DoS Hulk
85706.33884792471,10.595591134404769,21.28507709599138,884,1002,1402,381,264,149,50.95731908260412,15.309739464624172,0,0,1,0,1,FTP-Patator
17609.041164184422,11.224107199158862,8.051655859151186,318,937,329,1338,506,635,30.887920812635596,63.81345926459039,1,0,0,1,1,BENIGN
63816.63846557595,29.12233185782761,56.1797852662138,1147,510,1126,1231,645,966,90.72964199207281,77.36667733417346,1,1,1,1,1,BENIGN
80625.26694871775,61.418372398453926,1.3604395450668272,1395,56,222,295,896,709,55.31397233389546,76.12313354066401,1,1,0,0,1,Web Attack - Brute Force
84463.75924131802,80.43203260971725,41.18982976099366,1374,41,401,401,1449,277,78.74769280334067,96.35930056037816,1,1,0,0,1,BENIGN
23585.802995824004,89.92503069815648,7.3384016652008555,1346,820,544,1458,860,34,92.42378324208434,5.841138078432007,0,0,0,1,0,BENIGN
135584.81556585807,62.37533843692328,40.522578292933396,487,1144,508,121,688,174,16.31351145758052,34.57793690922906,0,1,0,0,0,Bot
2552.2028652392723,0.563131274805373,3.9932189265609264,450,342,183,750,866,1056,42.78744837156345,47.65535817914388,0,0,1,1,1,DDoS
43824.43070794907,18.63167765185335,83.52172606087689,352,331,914,105,1122,714,43.32104017146088,30.976352839208122,1,0,0,1,1,BENIGN
151509.47843264544,9.972620385336795,20.973899393856588,1139,1479,1110,790,1053,1420,35.44722504383542,30.978951367247088,0,1,1,1,0,BENIGN
82986.74718767224,36.332447556901,32.8308710357912,954,1460,580,1059,1314,253,0.890586655163994,17.612860668992635,0,1,0,0,1,PortScan
30267.718261423786,50.13509936337459,87.0047996606392,1036,340,1403,71,486,567,81.59721077780951,81.29514030252078,1,1,0,1,0,PortScan
118728.98071144724,4.339717857856085,74.6266061332205,319,340,537,567,1429,322,11.15593215539028,90.80690443845424,1,1,1,0,1,BENIGN
83792.08321549433,34.84779757956553,21.90383616420585,1188,1439,1436,1190,27,12,99.54805979217589,8.232735957175052,1,1,1,1,0,DDoS
159083.0162721796,17.917967462532257,7.189941865749605,84,848,517,1244,1169,49,77.29584919111817,15.489891175829861,1,0,1,1,1,BENIGN
132812.04997384618,64.70701662588739,71.56737768553396,247,181,767,75,287,1256,58.00100176065145,22.84529998718532,1,1,1,0,1,BENIGN
94188.53013231987,46.427236932434,39.07025506881093,1455,983,294,721,580,952,15.460641774159745,50.898748385416916,0,1,0,0,1,Web Attack - Brute Force
66977.77362601625,49.531764693390876,76.60799991182212,567,1287,1014,1009,949,993,51.5392971393247,79.11720333009671,1,0,1,0,1,BENIGN
14292.638847523382,42.76917880334611,44.52947723752104,683,1233,259,1234,251,615,26.11087408578089,7.145552476495021,1,0,1,1,1,BENIGN
30290.809273269027,95.6019710486567,34.60024129722764,643,522,1407,227,1185,865,25.23225245430695,63.68129856584286,1,0,1,1,0,BENIGN
54317.57466283815,21.473512512156322,45.12054082123965,478,181,825,452,926,95,82.95292493824854,14.933545627041978,0,0,0,0,1,BENIGN
91454.04819714908,51.66642598438743,74.85589856706767,712,1467,1327,765,109,342,38.064442395943466,97.14570678762652,1,0,1,0,1,SSH-Patator
72094.57147263107,73.60173683653359,90.22202865403742,367,250,315,486,643,855,45.07238033908041,89.87734308517418,0,1,0,0,0,BENIGN
33993.65668328845,55.684441313456254,4.9767196588575535,356,137,745,667,397,192,84.29647377801183,94.9582848945752,0,0,1,1,1,BENIGN
648.5342233380302,92.90208857168011,52.411154122695514,407,1241,718,1497,1294,510,8.779062571884255,10.616387758270807,1,1,0,1,1,PortScan
68565.37702197355,37.796835564128415,3.28354290838776,1368,750,1100,829,1211,1474,59.461785309104954,48.80363828541919,0,0,1,1,0,BENIGN
33634.862824818294,46.3675805773178,46.84095450243587,178,453,679,790,275,1148,57.82156813730378,16.524656699837525,1,1,1,0,0,PortScan
132654.8433799724,8.852231521472842,88.52828290969003,1448,882,853,970,688,1104,42.521456926667526,60.03555507831663,0,0,0,1,1,BENIGN
2423.7638009250363,60.89991110519285,36.159026642030966,1466,86,1402,489,246,6,82.9774641424093,23.27391126618641,1,1,0,0,1,BENIGN
87906.19322876683,28.821196844810604,93.24504210806433,1329,292,460,375,1347,329,94.28900613356926,77.06309833689707,1,1,0,0,1,Web Attack - Brute Force
283828.8237173423,16.030903951556887,63.06084716506094,366,91,1079,230,1041,82,46.533586191361074,64.40026006496677,1,1,0,0,1,BENIGN
19165.610901684235,54.45312929045081,93.41553437930064,1059,207,806,701,407,904,45.614705099839966,57.160459428726874,0,1,1,1,0,PortScan
63799.53722469678,53.23102633799106,75.71666254125196,462,1227,1104,1248,1434,625,50.20637296707447,82.52271579653299,0,1,1,1,0,DDoS
9587.453001880662,7.587164122404754,10.34351666487623,827,185,1199,474,124,526,72.31240308330615,50.02730308349489,0,0,1,1,0,BENIGN
98264.93410644763,69.82154534944728,23.115136756267706,1169,1108,792,1103,1343,1136,66.80602906989623,26.98517403456846,0,1,1,0,1,BENIGN
79968.99071899203,62.377219065085285,39.41704545835062,145,155,929,1233,152,439,22.283494920688707,62.07054968000881,1,1,1,1,0,PortScan
52317.74683712669,18.90172827464972,17.010688201207603,379,292,1406,1320,657,889,6.389534859934331,957.0626321978061,0,0,1,1,1,DoS Hulk
73684.20926957991,46.943486215404384,49.49116047766605,167,532,148,1195,19,761,94.92541298167893,60.115936334420574,0,0,1,0,0,BENIGN
226890.52644308822,72.032291647856,47.13681557014906,1298,160,767,1112,246,1023,26.106975973370428,62.96194490394307,0,1,0,0,1,PortScan
21852.212446554633,52.94357405412765,95.62591980273812,86,1409,1304,225,1413,18,63.85966846905917,93.47506812596642,0,0,0,0,0,Bot
2282.2985930000827,39.54890761835702,43.37278828959777,153,850,344,142,1370,8,82.84380027437224,51.52751003077449,0,1,1,1,0,BENIGN
197807.61658092708,32.233845808094365,78.56268042879978,496,155,1432,707,1499,1208,30.027675054718628,99.63574617147924,0,0,1,0,0,BENIGN
86065.9928764569,61.039386664405356,94.19105448514799,314,142,973,53,1226,1061,63.543341365692875,15.966204353307544,0,1,0,0,0,BENIGN
221327.88596030045,93.91086983102406,87.69888309739855,722,1307,921,195,1032,722,10.790024114922492,537.0398430123201,0,1,1,1,0,DoS Hulk
90868.28042203381,67.17448404774834,20.866762451159182,1297,561,29,844,530,903,96.99314443756607,21.290084101438143,0,1,0,0,1,FTP-Patator
166157.9408336042,7.474590363631551,49.60298942535443,763,34,729,297,102,133,5.815827505062588,45.33263683406926,1,0,1,0,0,Bot
56154.60355367736,46.06849734821338,34.77397822959257,261,223,1445,1453,1269,1125,43.81746738409763,17.05739095017681,1,0,0,1,0,BENIGN
138573.42431683175,89.08241315106275,39.98586951372155,486,667,981,536,596,1172,53.68192420600233,22.25287715258061,1,0,0,0,0,Bot
244232.39048700602,9.446242580108688,36.080682624575125,453,392,230,578,1342,92,79.0481778663364,21.08000496322635,0,0,0,1,1,DDoS
84891.94230948064,98.88757121375433,82.63592101750041,442,407,1382,499,350,801,12.112851707242122,32.00313390240079,1,1,0,0,1,PortScan
19940.889810627355,94.90693936454213,45.21390551224474,1285,1411,1185,623,233,1163,44.080797385517656,134.60503451883642,1,0,0,1,1,DoS Hulk
31306.499712732773,7.827448072987586,52.36943322446882,542,296,728,840,36,1318,29.971156954345236,80.93421749750162,1,0,0,0,0,DDoS
22145.070610729468,93.3413320449555,98.24473570470747,1128,322,1251,205,1368,863,31.201071569334005,22.067559729221355,1,1,0,0,0,Bot
28350.019881455184,36.31325902594622,5.997927219151644,349,38,1244,879,291,773,77.87879160652508,41.65689951433751,1,1,0,1,0,DDoS
36588.212791473736,84.47091670758626,48.79576397907488,823,504,745,1160,16,543,0.5460945031833142,1.6057138230024304,1,0,1,1,0,BENIGN
80998.1686407669,41.83833377132715,77.4061706946116,437,752,1096,407,89,187,74.90836413359662,10.488154328178211,1,1,0,1,1,PortScan
88671.16130036375,44.08551127025159,15.116195818822654,168,1339,398,278,1371,135,81.03984301231063,89.62719004132515,0,0,0,0,1,DDoS
55599.69016837087,63.42430909775426,61.153159461477394,1366,1140,94,1468,676,165,90.1362243842069,83.71602038404454,0,0,1,0,0,BENIGN
95560.54769824742,77.44774192759833,23.946477953446678,1253,1365,474,676,976,990,62.68818032304835,84.09224524551946,0,0,1,0,0,BENIGN
8509.49515371022,3.3789150948248636,86.74041132245675,22,239,1118,940,1467,1170,33.34553282722412,41.13534172548571,1,1,1,1,0,PortScan
9188.311965301504,59.31559955271343,32.709966540007926,987,686,774,270,252,244,42.72347325488707,14.15307988516642,0,1,1,0,0,BENIGN
18853.61800532905,18.673299409737098,32.90628169009096,675,1468,1147,440,816,1206,96.97360822874292,10.789452149431611,0,1,1,1,0,BENIGN
72997.19621747885,34.594951786320294,59.81938785178935,280,739,799,1251,183,1032,88.11868264358522,60.56027248007154,1,1,1,0,0,BENIGN
24079.17164719208,34.79686661552165,18.35629081199087,721,996,943,126,289,1459,46.352590909944205,82.81932549086297,1,1,0,1,0,BENIGN
33307.61746627114,46.906034022115364,28.488863890306103,252,486,1022,1293,760,1179,94.30630071109223,90.0114482140243,1,0,1,1,1,FTP-Patator
51134.715336056746,33.41364118761734,41.66318501194115,403,764,620,486,1238,829,82.2954875406459,28.873165056022653,1,0,1,1,0,DDoS
167060.14632518275,10.736111845066777,35.36378631401104,132,1434,859,547,157,687,90.10898616597947,32.102656983345355,0,1,1,1,0,BENIGN
1395.9112564237626,14.562873852545144,52.48772180055824,1297,622,963,1178,922,113,68.2977234575921,10.087665686142467,0,0,1,0,0,BENIGN
104804.88982700511,3.343798556109767,59.964014406896624,617,735,1071,985,690,166,85.7654043461995,77.4409789268012,1,0,1,1,1,BENIGN
110526.39551550221,47.02490853287543,56.66674537501646,231,297,812,936,392,487,89.17661413343258,27.569027112113886,1,1,0,0,1,BENIGN
160273.9300100911,95.44476948529885,65.41683119919323,544,1075,94,771,1043,436,9.201658454067141,48.09294695634296,1,1,1,0,0,BENIGN
269938.19649542955,11.567522364811655,30.774951660782023,78,732,32,18,1494,222,96.52169766606585,92.88973045288323,0,1,0,1,0,Bot
2034.337940452643,94.6264493003082,12.642622715502805,1058,1000,1141,424,430,190,33.36130987640633,75.2215730324937,1,0,0,1,1,Bot
16698.02848111523,73.33615147320936,76.08075414310771,494,303,1274,935,996,575,43.98995095833554,5.273789628907178,0,1,0,0,1,Bot
217306.0540030751,63.74988029341632,85.0780382630682,1133,1311,1326,57,1004,793,79.19037591928154,0.8154594459429676,1,0,0,0,1,DDoS
61344.649232903466,64.52777553235629,25.700623222243223,1344,663,121,422,1091,172,66.48963055724977,78.7407925880408,0,1,1,0,1,PortScan
83146.8630489667,82.67276483962821,40.709195615801974,327,898,217,843,1100,1280,89.30599124360573,552.5002369786956,0,1,0,1,1,DoS Hulk
108775.30751021564,10.691986437982138,49.85692169635553,966,1141,1076,1125,101,449,40.057375077677214,72.03344093627008,1,1,1,0,1,SSH-Patator
113652.16680218972,50.47543235655417,53.33268427529364,689,1447,1149,1099,651,76,37.32881636761586,15.68153218266135,1,1,0,0,0,PortScan
268443.72440547,69.70911382607585,65.94901710876519,383,790,1182,65,892,614,3.1688849541319675,872.0478499706201,1,1,1,0,1,DoS Hulk
579242.2694036067,58.682044507356366,4.1603233355321345,1387,646,794,814,584,225,46.27253766696581,77.33249790144619,0,1,1,0,0,PortScan
127352.8194464486,83.27790710232946,72.1477082734017,1255,208,175,1174,206,1249,72.40707703291088,89.08389140546137,0,0,1,0,0,BENIGN
33858.41580453673,7.22717090113515,6.197100697941027,1437,1150,291,901,212,738,30.117871762621608,34.109608265747084,1,1,0,0,0,SSH-Patator
211820.23476955583,69.0701039499166,46.82885676728679,1317,1316,1182,436,78,940,46.27265136738414,27.57051952832463,1,1,1,1,1,BENIGN
5047.354052048953,53.40277303847177,82.76711355691941,546,518,490,789,1136,75,21.939776848527803,151.7314399239269,0,0,0,1,0,DoS Hulk
26276.94552830484,37.91608639799434,45.12153132783963,1197,1245,760,1091,132,1056,77.27878058714607,93.00885079469971,1,1,0,1,1,BENIGN
227677.81499270475,34.027498223403086,14.908974876824777,391,76,1380,234,1220,68,6.05115613411471,17.68292035578407,1,1,1,1,0,Bot
29597.168916602335,62.083263277419285,98.50338450059597,1125,337,633,674,1048,414,70.53830550004983,11.931723371150504,0,0,0,1,1,SSH-Patator
24929.639967044117,89.09953746442648,88.92854620742632,1316,862,1260,97,471,730,37.89400117449835,19.267820898678234,0,0,1,0,1,BENIGN
14864.537055384224,49.61759261011153,77.1313633225014,1108,912,1451,1032,289,1471,4.159606938712079,77.13817267601132,0,0,1,1,1,Bot
195978.83103082512,82.47231640769202,41.15116028992104,908,1298,124,926,1279,361,85.34695872917858,88.9529234982881,0,0,1,0,1,BENIGN
69326.37057309128,40.21563818439675,18.38457268892978,1224,806,1338,760,1229,869,48.77218631811652,81.09134564964243,0,0,0,1,1,BENIGN
112360.1544644306,10.239446279317654,94.14111814185013,684,1140,1302,426,1498,1393,59.93189696161291,56.323855287128474,1,1,1,1,1,BENIGN
27320.915761273594,6.1505736458638545,53.2351126517139,540,1315,603,226,1006,1422,73.20306915244569,99.38842507777231,0,0,1,1,0,BENIGN
141898.45957483118,5.1334371323677574,85.23554603874851,296,1294,937,16,1091,1143,65.50744330011888,68.85406449344877,0,0,0,1,0,DoS Hulk
142713.94599157912,38.015014195766994,34.20950057594258,55,1470,1128,562,1238,1071,73.08568708146116,86.71916778216256,1,1,0,0,1,PortScan
37483.604129194566,33.72377508358421,33.52883170794706,1495,1180,1065,227,633,67,76.22816845778577,42.77138617137689,1,0,0,0,0,BENIGN
52879.041703167706,71.79370236225695,98.55404806740391,1039,571,1420,705,421,1362,58.91515305646109,45.51223487054664,0,0,0,1,1,BENIGN
23533.035646829172,74.28215015848659,52.183304849484976,65,1207,1483,1261,557,1108,36.56378309077567,12.75948936512805,0,1,1,0,0,BENIGN
375335.4972346815,5.085396883373983,14.06954238607463,957,423,490,1404,580,935,24.314214971634264,3.3432974353828415,0,1,0,1,1,BENIGN
103733.63318871631,22.112326288901496,21.96746779947074,1495,672,564,1410,538,376,90.29032366527872,31.662832606943326,0,0,0,0,0,BENIGN
272637.52954354056,27.42618501588997,48.194427939272074,1046,1039,167,668,461,1408,96.99248446382202,17.485353311392927,1,1,0,1,0,BENIGN
36152.316850808274,54.76119841428094,4.247091048841134,701,925,758,253,1478,275,35.766275509820886,48.33387560713116,1,1,0,0,1,BENIGN
152275.9942254089,14.451522390695025,46.25339853783005,759,97,1197,1331,1005,767,11.231072907230022,14.733052605377194,0,1,1,0,1,Bot
145183.0260048272,13.394121940000037,41.894084208012764,485,299,1395,1337,300,949,22.253732711643124,13.792773650227574,1,1,0,1,1,BENIGN
117653.81070998154,94.3788889207958,77.93362653194869,1438,746,1173,1324,1311,204,67.06673459871895,87.69789841038495,1,1,0,1,1,Bot
337083.23588765785,80.4202907297781,35.49419644892418,820,1445,248,117,1025,744,17.293336995833076,92.1294701326409,0,0,1,0,0,BENIGN
50014.17931880714,18.06549020911703,98.25487615395994,887,1330,179,49,1043,1088,78.01222730609881,964.2162085879099,1,1,0,0,1,DoS Hulk
14008.691730201155,40.6567807905491,18.076991930090315,1328,273,1143,1204,953,910,92.30302398747135,68.0502442873912,0,0,1,1,1,DDoS
111385.4440047533,35.56219992575655,59.09866849681349,176,260,27,542,985,1102,96.36515150788472,77.10165047958694,1,0,0,1,0,BENIGN
130678.02872182528,79.10040740654073,8.969929700825464,194,1262,116,326,805,324,0.932550597489068,83.57847552426291,0,1,1,1,1,SSH-Patator
85580.86460009315,51.021291647812205,73.3863983993982,1036,935,702,943,256,377,95.81541649544167,65.89220591206644,0,0,1,1,1,BENIGN
23170.24407520501,12.784973699346702,99.47536880619715,875,331,656,1269,452,816,74.01944191296177,33.024310470252914,0,0,0,0,1,BENIGN
70209.9012251458,73.89920631562438,81.91386377516322,165,114,831,601,437,680,8.405023226380226,15.638699843352411,1,1,1,0,1,BENIGN
37424.22589800525,39.68879782249189,55.57035407203013,1173,267,261,101,397,670,41.52404687787264,23.727330715815008,1,0,1,1,1,BENIGN
55768.407917843135,26.292424763214704,48.474135739969206,1364,11,625,1253,1176,627,70.0045474579509,84.04140514049627,1,1,1,0,0,BENIGN
103625.33857365594,37.54986220207201,83.50299612668469,556,72,784,387,648,1369,95.66854926610493,69.60972382868412,0,1,1,1,1,FTP-Patator
136733.42168122134,49.77565636068964,93.59740847107243,1197,1015,1061,1234,221,1017,16.414139361139256,45.579576352615156,1,0,1,0,0,BENIGN
26425.81549181181,34.311551641700945,98.9206525798093,166,873,196,648,1459,434,12.773328192695399,29.40507718045271,1,1,0,0,1,DoS Hulk
51974.0847616342,24.190577259175782,39.65392275644841,708,405,1460,1453,135,884,47.23470532618785,26.62043704338831,0,1,0,0,0,SSH-Patator
31356.287101083275,39.85020288039804,99.09174747945123,717,177,683,338,625,1401,96.80988937384892,72.88974931257638,0,1,0,0,0,BENIGN
22143.452985102118,1.9172910749898242,15.59262521738315,96,771,873,183,775,1038,97.13792152580105,51.23872350950229,0,1,0,1,0,BENIGN
152964.39433665466,77.24978460963139,25.35497759319092,678,945,1433,55,1302,1477,22.79147410529093,43.553249448245005,1,1,1,1,0,SSH-Patator
239967.64970437132,17.09448935675858,8.90161247338962,403,1282,332,978,584,1216,31.934714797145737,31.367940077990774,0,1,0,0,1,DDoS
46240.407623300125,4.390461363063725,27.173851648448167,1100,399,1488,1305,484,1256,90.80319856446545,60.69318305770239,0,1,0,0,1,FTP-Patator
139142.3188593864,65.36986929050792,76.79375516180112,1260,269,719,571,1268,1286,73.48414908520641,96.63853853716891,1,0,0,1,0,BENIGN
227298.0557472178,77.39361288236722,85.29243581784498,290,485,1181,1151,1041,445,97.23164286576183,901.1236432975061,1,1,0,1,0,DoS Hulk
187160.9563899172,81.38291315928431,77.88926451025718,135,58,1183,716,876,53,89.31483630155543,3.049793808428203,1,1,1,1,1,BENIGN
20188.779960316126,49.35091826605999,63.10657781676963,888,641,1357,1007,1166,691,21.509605031374335,48.09538225834458,0,1,1,0,1,Bot
313022.14164088515,20.53681846899853,51.39665125226456,880,886,1399,215,500,3,75.97268594126834,32.94692980469477,0,0,0,1,0,FTP-Patator
47268.95377579066,73.72276772498267,70.87042892136465,366,265,78,1113,92,256,4.856523156011661,51.060466233980094,1,0,0,1,1,BENIGN
41436.55919220013,69.97130771543371,39.08335492672218,547,74,196,943,1406,1384,81.7832778741474,60.62136898717148,0,1,1,1,0,BENIGN
6446.527291658663,24.627073410317323,84.13083514997018,901,1113,1143,313,278,833,60.15567624446081,20.00280679975468,0,1,0,0,1,BENIGN
66586.99190636977,90.34077558627929,67.71900939767855,247,504,225,232,1472,1263,95.61009626364617,781.5680695482563,1,1,0,0,1,DoS Hulk
11542.613293103834,10.4371458082829,69.78046984944085,765,356,594,744,981,481,96.00324554690785,47.50680500859663,1,0,0,1,0,BENIGN
28573.705978576887,98.26882395913256,53.59359931290712,1237,153,1433,574,620,460,5.081510902435527,992.0060548982461,0,0,0,1,1,DoS Hulk
38117.64138144129,86.02478109774646,88.52289842111726,69,1241,912,887,1311,848,16.052148555576785,2.5127385743561215,1,1,0,0,1,BENIGN
165457.2963008643,68.78986454790751,25.201473367905248,745,485,734,246,475,1161,48.42070473186916,18.97191761864585,0,0,0,0,1,FTP-Patator
208335.8405753587,93.87498882798329,38.11476533610507,995,1153,1362,441,881,1474,87.94935249461491,68.96298005603981,1,1,1,0,0,BENIGN
36020.44760747379,72.23111683237077,77.7642569677689,328,65,918,134,671,1347,81.44451422960563,69.51797465255588,1,1,1,1,1,BENIGN
195685.6693163304,19.045699703004594,49.27488961293377,1039,1167,536,1015,800,472,96.43700263517788,58.2188224416945,0,1,1,1,1,BENIGN
194652.69007961111,44.21561381128117,88.92140134241909,1197,379,219,1025,170,192,61.808411711134084,97.19600286906287,0,0,0,0,1,BENIGN
144668.5549319785,7.150302433163535,34.63993197628523,698,1336,292,160,371,306,25.65635195616206,41.531500871993345,0,0,1,1,1,BENIGN
15863.836746886082,38.96574222881154,36.93301688196448,805,406,1227,139,731,758,2.510663950517733,41.70368120675194,1,1,0,0,1,PortScan
117222.49657953292,74.16030197372086,88.87357893866253,273,1430,201,303,1416,905,22.292649072054893,91.04763632241733,0,1,1,0,0,SSH-Patator
290085.97273257945,38.644335093081736,46.43703201820411,523,276,31,1483,184,220,67.52731979536246,53.84417819968107,1,1,1,0,1,BENIGN
114740.49609572318,33.02941754681341,51.61245842024867,218,614,1112,124,1455,171,92.62748233430132,35.37276615856004,0,1,1,1,1,PortScan
40289.369069926564,59.53557225103119,33.27637153356794,1023,1432,1225,936,938,1183,32.09036673082648,71.8937985833859,0,1,1,1,0,BENIGN
69430.6487157894,87.2204528998895,27.66699421790819,512,313,1316,1370,834,171,87.57043302892954,61.96706181875275,0,0,1,1,0,DDoS
103768.19536367558,4.7583192546112425,65.5948710838392,1422,548,715,1347,208,1086,39.48982483411565,30.64100502865915,0,0,0,0,0,BENIGN
71451.46654134443,38.54704346997354,11.984066154120388,1134,1272,752,406,993,1088,30.827124936855032,29.792879808121565,0,1,1,0,1,BENIGN
12777.989763392197,15.82407418152627,87.92726411829092,463,460,1016,1492,799,1192,50.88442428058181,395.61279752725477,0,0,0,1,1,DoS Hulk
37405.95335387715,69.53542507318696,77.92031367651079,1116,398,114,163,1352,80,44.22734924096152,7.162006566019363,0,1,0,0,0,Bot
162149.0405578803,10.572456043113487,19.07482637058028,450,450,721,861,1384,758,91.37998685170182,94.26169024876391,0,1,1,0,0,BENIGN
197629.34034128036,66.48077585802446,69.40199458245654,1419,470,1245,239,1467,1291,46.82569474081265,18.302004019666505,1,1,0,1,1,BENIGN
14768.831082190703,28.618087079790733,60.263292128563485,923,1457,181,1236,1464,1403,27.73353872230755,19.38243023277205,1,0,0,0,1,Bot
304464.4245514908,19.89168137372247,18.45350507366441,932,955,770,148,368,72,84.25655775019037,647.0384050170776,1,0,1,1,1,DoS Hulk
39872.182202595504,93.63525578249853,27.320350605023247,478,1469,468,583,1129,331,99.87495116595667,72.42470472998113,0,0,0,1,0,DDoS
108563.80356598942,1.8524576745955867,40.89865037338344,315,706,425,1126,723,1211,64.81714191813239,73.68354595998724,1,0,1,1,1,BENIGN
139362.1724626525,43.777727188956895,69.92427352454739,670,102,833,1206,1348,1048,25.04613689363586,37.5075023504231,1,1,1,0,0,Bot
167102.73710696746,2.162699246179378,63.872340881700595,697,327,1083,504,1255,227,23.88150770131793,87.33289529099255,0,0,1,1,0,BENIGN
291414.6797653685,48.3593048104329,53.223484767669795,992,600,484,524,1004,1141,5.770669621525981,54.399906174804435,0,0,1,1,0,Bot
37530.38873990422,50.10473777944182,76.84105431140343,1376,245,10,1403,836,1468,7.729303851408487,43.85875521625555,1,1,1,0,1,BENIGN
195550.11781445818,32.1662471394747,75.79377396061659,767,1081,1408,774,1272,1131,91.49830951827624,81.03864608656673,1,1,0,1,1,Bot
14120.291903516643,13.216177752502368,61.78591540622559,1262,104,1433,1047,1340,241,9.648710704955054,243.5612492238377,1,1,1,1,0,DoS Hulk
122091.85978626802,37.63875377344753,78.69900833848253,1127,691,41,700,263,502,48.43438482767788,86.01854434355192,1,1,1,0,0,BENIGN
135470.93780726186,67.2262939932566,33.42633747792092,906,971,122,1156,1286,1079,69.81217796931783,53.88293945649275,0,0,0,0,1,BENIGN
113234.4603221023,78.23958086444591,88.12495283226056,877,1092,700,1017,681,1172,85.03547827736031,900.0581576731365,0,1,0,1,0,DoS Hulk
29077.31597904565,53.07506023881423,61.49100858019408,1052,992,251,49,1439,1334,17.12709502537273,20.161253105575916,1,0,0,1,0,BENIGN
206390.799052554,58.98343944397556,82.23635138124305,88,1325,972,957,912,551,43.77786791253568,93.60630760024259,1,1,1,0,1,PortScan
18495.51777757218,20.06163711246527,54.627910479028394,374,152,603,694,69,923,25.14801950137775,68.78767419723901,1,1,1,1,1,PortScan
5512.6728955691215,28.733033322764946,21.843824498868038,1420,1058,212,25,1257,120,25.582308996660164,61.83285268023856,1,1,1,0,1,BENIGN
126395.28090364834,16.18956100523584,54.24101286783086,363,956,267,649,431,25,30.383930748667588,42.206751948300735,0,1,0,0,0,BENIGN
64526.355142208326,24.929535000461133,37.11116637765881,146,1038,1005,10,1077,1135,58.71162144184673,95.63149999657242,0,0,1,1,0,FTP-Patator
189112.4791748205,22.488678022553177,69.74990360370946,313,1129,706,807,169,510,1.6577471685588208,44.391962831151275,1,0,0,1,1,FTP-Patator
48353.01269178373,51.94487863912376,47.579379173473576,547,729,539,1125,35,880,40.87662863155279,49.85429524475759,0,1,0,1,1,BENIGN
18425.773618939915,56.26887557907294,83.61128049276877,795,73,705,10,258,22,18.683013523279257,781.4981085853126,1,1,1,0,0,DoS Hulk
181058.87882580393,94.49474208215045,67.80725123219167,1475,855,1010,1135,250,1287,96.71185085126348,28.48424296127061,1,0,1,1,0,BENIGN
79608.75862478974,19.557064710152304,68.4544433031324,898,284,618,771,12,115,58.27291592503103,29.149531281379183,1,0,0,0,1,Bot
20972.867496333554,64.1675710161496,21.715533349106497,100,1220,1158,769,670,479,86.80954688303227,77.529768762122,0,1,1,1,1,BENIGN
127433.80405978253,81.72592689875229,98.42497664912904,106,279,497,972,540,306,19.5689986769612,12.857978919010794,0,1,1,0,1,Web Attack - Brute Force
71562.52060629813,56.024146378305254,84.16752092714887,856,786,1020,1190,56,230,81.00156993237879,822.9645202930233,1,0,0,0,1,DoS Hulk
92713.17394188783,25.50036525010757,78.90048845606947,936,685,781,406,1003,700,41.47824613052333,62.51750083098483,1,1,0,0,0,BENIGN
61785.11139964916,26.255023002000023,33.02152251600275,290,968,125,1068,1184,491,17.769468884940242,53.908376640327106,0,1,1,0,1,Bot
176439.1319966088,3.925305307099991,53.56316528472319,1372,1176,1382,841,436,768,76.12452023882328,229.10938217988155,0,1,1,0,0,DoS Hulk
176938.78838442362,30.54442265484817,13.710318807432865,616,290,840,716,777,1143,76.2011097615281,786.3681693444087,1,0,0,0,0,DoS Hulk
123576.90627371098,74.46036790033801,53.847597666270595,587,931,982,358,229,285,99.5887906864061,80.49530895087493,1,1,1,1,1,BENIGN
11138.012766315976,4.751775720711038,14.588924648328728,1250,1165,1341,553,830,987,78.0937261798164,48.29418678765178,1,1,0,0,1,BENIGN
182544.36356623235,21.929528250483067,55.30378439896012,595,767,11,284,840,1430,14.526724792712786,38.91689748572088,1,1,0,0,0,FTP-Patator
111173.69835024393,70.6232498531782,64.87218801549056,976,311,1317,399,1216,1381,32.25447417857282,246.16183752393982,0,1,1,1,0,DoS Hulk
119410.22324431973,78.26515628228766,39.01959672499024,1073,645,1463,1474,619,889,45.172691729114604,75.4234017089175,0,1,1,1,0,BENIGN
45095.868563131015,45.53184100619284,49.854487833129326,867,1055,515,1467,356,1175,12.665280570979508,63.94519231267062,0,1,0,0,0,BENIGN
211427.77878974823,69.80743384786489,87.56533876745858,969,25,1414,387,351,597,78.8038974447814,20.663102936685775,0,1,1,0,1,BENIGN
129233.63686902942,38.7952168654892,10.856314470280937,721,254,315,1379,864,1348,52.669853791258646,79.44680796849008,0,1,0,0,1,BENIGN
11944.869694560362,15.991324502412752,79.17328929996529,157,1079,1031,783,1281,856,94.44495690957535,88.22053133584595,0,0,0,1,0,BENIGN
52387.37724897916,39.814949352290654,17.075455099619642,327,292,1147,424,621,838,58.93081445258203,5.924726274824588,1,0,0,0,0,BENIGN
217489.89175662198,57.996782020314285,3.670798280462839,1100,636,1395,1029,634,1269,52.28990837382539,772.4206380240413,0,1,1,0,1,DoS Hulk
4834.679925243193,94.80532818528903,18.557460274504777,734,229,313,440,964,917,7.142515293286433,85.28019334276526,1,0,0,0,0,BENIGN
325493.36559040716,6.875095208867732,76.50431899704897,632,52,1208,355,627,1338,14.934590494457778,99.1507899474547,0,1,1,0,0,BENIGN
113682.07275010001,50.73940938449606,40.512607333686,1477,953,546,918,292,939,84.95260767641511,23.760149893736692,0,1,0,1,0,BENIGN
99797.80639855181,32.89197782107244,87.2520516846182,1333,100,38,764,1409,804,99.06759778258083,37.10032052142528,0,1,0,1,0,PortScan
31547.71432260022,50.83116942766945,52.47075411822658,326,1490,1107,553,828,161,41.51791358982695,96.6191092200879,0,1,0,0,0,PortScan
28607.24202894348,2.397544737653168,2.225035192633096,507,803,1044,267,233,611,81.0086083724929,9.401555029358445,1,1,1,1,0,DDoS
284831.6556850679,31.302535470158134,71.67136096019267,869,868,252,991,1319,1392,62.758576633065175,523.7078439147541,1,1,1,0,1,DoS Hulk
35421.00617356847,81.9868147527005,11.02329087212327,1130,266,302,1240,536,1208,95.90592736717136,50.67445798378877,1,1,1,0,0,PortScan
149390.3165481272,55.39417338546375,78.93796334619245,240,1,978,63,1402,952,23.813723544409328,60.65477388811637,0,0,1,1,0,BENIGN
49942.716408159446,45.05824928161174,16.810254980518003,434,21,257,441,804,275,54.4835743007943,33.07926148462901,0,0,1,0,0,BENIGN
14995.590612084354,28.552507171533957,34.54463858055134,1051,577,999,540,1233,996,40.87958183425956,92.59180886717914,0,1,1,1,0,BENIGN
1077.3119923591373,29.80425227913559,76.12714296253603,703,211,541,1298,538,528,54.171597594301524,27.00612609590728,1,1,1,1,0,BENIGN
78582.69643247577,38.31014335905844,95.42313574764216,1272,1259,639,469,851,1459,26.88580834188552,64.96955175844023,1,1,1,0,1,BENIGN
372052.77620688884,83.55707099645603,37.143395064673236,1387,528,551,1239,177,1283,49.7746162715744,495.92702275493616,0,0,1,1,1,DoS Hulk
46066.527778676034,96.72132068082684,82.94002201989358,1495,387,460,877,555,958,62.48041467247651,26.66734524800799,0,1,1,1,1,FTP-Patator
44190.97192300999,43.865538135037454,19.079226547583872,588,13,223,1217,1095,1268,8.121588399949209,18.885379572242698,1,1,1,1,0,BENIGN
42173.41611474602,39.33528387477618,80.71797702024911,412,518,91,711,1245,1361,74.29872548076231,956.562124257659,0,1,0,1,1,DoS Hulk
73510.28117886723,84.65507758198628,65.7494059256251,568,1245,279,12,947,49,70.65229631604173,56.12914615957859,1,0,0,0,0,BENIGN
58100.649247137204,42.69053206363036,19.274350721236843,1188,615,1193,221,822,1295,88.04576014514852,604.1909122244418,0,1,1,0,0,DoS Hulk
211955.23452148167,55.20181722956512,30.250396035141158,988,961,247,1419,227,1258,42.58565518099255,78.28954590419784,1,1,0,1,0,BENIGN
70425.01747557837,23.094166459874444,13.1770888597036,1071,402,1384,880,1256,583,6.166913261471773,8.122665859978317,1,0,1,1,1,BENIGN
70878.44847762061,74.35025357790752,38.29670110643133,483,286,1372,838,1291,913,46.14611290216869,71.37642677967787,1,0,0,1,1,BENIGN
14893.118562461445,53.19883182707819,20.36486411232774,1181,383,865,751,253,1329,13.760917206196144,16.51401375723204,1,0,0,1,0,Bot
405933.6995209323,80.90345502403416,64.39979536304735,667,1270,1458,269,674,476,64.74468135218177,74.0481085076456,1,0,1,1,1,BENIGN
28764.592759678697,78.07327300286697,99.45051042205587,150,1114,1429,1321,5,487,4.713152413130583,14.132867162737728,0,1,0,1,0,BENIGN
7619.452783889088,21.500476827002856,1.200916308426414,224,825,77,731,46,79,37.39964062276952,83.24936998735963,0,0,0,1,1,FTP-Patator
108810.64160436101,71.56355505577623,54.091981328729865,1283,311,457,843,1430,1309,8.284289848749538,681.0162607270125,1,0,1,0,0,DoS Hulk
90477.32389603811,80.00544079513713,57.36665975490097,1410,1460,585,615,882,560,0.3366434071603308,38.58902888524204,1,1,0,0,1,BENIGN
53639.24439354222,34.61072407823951,91.42087896808118,255,725,1415,1455,579,1121,96.05572239015918,35.88344439025835,0,0,1,0,1,BENIGN
54851.405019692014,17.260911290227455,50.600533476693755,60,42,1037,1431,253,405,99.61273480262803,148.94706355591956,1,0,1,0,1,DoS Hulk
153741.46022517225,0.263215557958818,54.37014196449175,395,1097,44,64,1472,536,55.55029515318131,90.40533557661166,1,1,0,0,1,BENIGN
21779.866084853275,45.09036530931482,47.16528013283886,1420,753,37,1061,58,254,23.89558499454839,11.852927284881243,1,1,1,1,0,PortScan
171620.67467789282,35.24327315388416,26.890430456148138,1185,992,415,27,1416,959,91.10990368086574,472.07738852912564,1,1,1,1,1,DoS Hulk
104624.88416989509,55.49098338254089,5.602913324891368,379,875,244,1312,559,486,92.30365970761066,23.65184547898035,0,1,1,1,1,BENIGN
54295.24990075902,18.804109258878576,40.86576822098361,1466,1339,1085,236,1014,1217,85.45088911707059,99.6327508019026,0,0,0,0,1,SSH-Patator
61254.207706157984,85.96655476664752,5.259147124067853,348,733,492,1149,1214,515,54.43699845673821,58.584405151869824,0,1,0,0,0,DDoS
29658.452486532406,25.775521562810965,55.04924694659178,30,143,322,383,264,463,7.470216089602744,149.58450339101282,0,1,0,1,1,DoS Hulk
139478.76580584736,22.642960508764997,30.729364324229312,70,1352,1275,325,1166,779,8.843892753679782,66.7563997621807,1,1,0,1,1,BENIGN
71923.39863118927,48.071405648435594,53.36024015254278,396,208,467,84,245,35,89.66197877126551,99.16090172225513,0,1,0,0,0,PortScan
38691.99516115783,49.885102374427426,13.429696439518668,1461,1122,1084,748,1239,15,87.58268474572294,60.50432806153741,0,1,1,0,0,DDoS
90646.44576289329,21.508522878509282,93.26299657393596,1,699,1142,245,436,918,43.43972491812177,45.73790945561945,0,0,1,1,0,BENIGN
545718.4630633822,27.18607267259158,89.45212435499349,928,113,86,387,687,648,32.81546194764253,293.2701216186546,1,0,0,1,0,DoS Hulk
57139.38673968527,16.970523915524495,18.99965092022845,561,174,79,928,475,822,64.41239201441022,9.212341482876795,1,1,0,1,1,BENIGN
253440.87171109667,71.84601783231668,34.34442832940099,1158,270,227,265,1407,72,80.69879482555248,22.824629898988757,0,0,1,0,1,BENIGN
42314.57534858858,77.0089031254082,61.34927718519796,145,62,482,760,937,1343,73.1684942051821,55.362077956487376,0,1,0,1,0,FTP-Patator
5628.754166803198,46.23284974592826,9.568620730590627,178,1007,622,803,877,1268,61.56029380507063,75.37856986495822,1,0,1,1,0,BENIGN
22846.029313106268,71.40870226850174,35.456782111615084,263,795,1333,1228,656,739,23.15110444448314,87.79308902296496,1,1,0,0,0,BENIGN
54247.99494631557,73.59353919374455,25.11122868190061,1334,1427,947,227,546,1218,26.250486922071513,79.37122503726705,0,1,0,0,1,BENIGN
24799.342853180606,13.82755276778086,91.55167287166967,203,224,484,239,414,757,72.40674813977017,12.546520137241767,0,1,1,1,0,BENIGN
22.706399533347355,96.61780248345367,85.25106362892052,698,160,839,1096,1155,905,80.2619852451031,77.34598850130467,0,0,0,0,1,BENIGN
246512.2113802847,82.1031947096431,57.98327412668638,1053,1059,24,387,397,1018,11.61351880995899,58.16045461458056,1,1,1,1,0,BENIGN
185712.65654170918,20.44834611958235,52.03463368715742,58,380,1225,377,1176,1112,18.729704771130606,46.910755750482366,0,1,1,0,1,PortScan
135592.90162094907,18.616503574607023,93.07257945453972,1032,317,1248,211,167,797,68.04702621773714,57.27641184720807,0,0,1,1,1,Bot
18370.00212148678,12.566114557958274,93.24277829788153,987,707,778,794,802,1162,38.89865874714011,0.8075328772487511,0,1,1,1,0,BENIGN
12824.661166591311,13.837856254191838,96.93301253516604,1347,455,930,675,229,1420,56.32928672710307,6.7730242971026815,0,1,1,0,0,PortScan
6999.846564773326,74.81617990286962,12.537888410818764,166,1292,794,648,702,952,61.48149526556361,52.584927907298116,0,0,1,1,1,BENIGN
128746.01752812196,46.96542569516235,16.05578107631702,1360,343,752,170,1427,483,77.62034672673319,17.36192494815576,1,1,0,1,0,BENIGN
264237.42742292414,78.29341727398672,67.67366986798866,906,1063,1206,1175,143,386,80.57169507169075,54.554095213343324,1,0,1,0,0,Web Attack - Brute Force
56305.93969546578,74.62548943502054,54.14344766098449,1402,413,1100,808,67,1391,28.00962452614565,35.42135718748152,1,0,1,0,1,BENIGN
12685.733888932898,60.46127135052216,1.8465904893235963,897,1403,425,103,1017,457,54.12967289221713,90.74120206747527,1,1,0,0,1,BENIGN
71824.51578002845,68.63666065786795,6.197503598951936,790,1245,1090,1245,97,421,12.352393862188027,94.96834273044537,1,1,1,0,0,BENIGN
42898.746343440165,1.8355724379141791,88.80803822588051,241,1304,659,1305,6,231,84.20151686975487,97.97841130685195,1,1,0,0,0,SSH-Patator
46972.35474323051,31.177764680502197,86.88707955393863,907,224,684,1411,814,538,84.54479383331956,89.89379958828187,1,1,1,0,1,BENIGN
97109.18138763649,63.78221792594102,35.72709219960451,1183,1480,546,371,176,1367,29.950571899945643,98.58908511923329,1,0,1,0,0,BENIGN
126839.79568222494,0.9344953486244201,89.10506169305347,776,1177,1100,128,1229,719,16.062020742204254,706.1471257393617,1,0,1,0,1,DoS Hulk
11721.22473193504,3.2976943682593407,59.36750743979018,1258,279,915,1427,298,1161,7.0091778200266575,96.05422799010515,0,1,1,1,1,BENIGN
3623.9002911491984,85.18879824703832,80.59056470189019,1476,1376,54,219,228,1397,57.49764419115859,64.17924654568272,0,0,0,1,1,BENIGN
517261.95463914017,68.40248616920718,42.74310711602143,198,1062,1496,1196,895,1460,9.142810039987982,80.92142068857203,1,1,0,0,1,BENIGN
26491.436680654417,26.536973312034394,11.339832734490873,1056,728,1270,471,630,154,68.05948446206,13.190999272371029,1,1,0,0,1,BENIGN
5533.357683015852,68.7962840118709,43.372706264601625,407,620,1462,987,269,518,67.81264010341464,68.2599587602558,0,0,0,1,0,BENIGN
21056.712846290913,79.24566691392633,45.729979799689794,1112,974,313,1476,80,1138,61.39874071316246,93.11033093352596,0,1,0,0,1,PortScan
3973.700661221781,30.679428311010128,55.0944193840603,220,572,1343,607,1211,1115,87.65605018630944,54.00482415327627,0,0,0,1,1,BENIGN
49726.941678515665,3.603737749918745,10.5582712904428,1092,488,219,1075,819,1369,37.828069272913176,18.681971353030924,1,0,0,1,1,BENIGN
162151.95243332564,93.27791246877345,99.14018630496115,1317,1007,1394,93,500,583,90.22695826245776,526.8885607250014,0,0,0,0,0,DoS Hulk
41740.27537468337,34.51798382956305,24.413682080690634,1260,936,1239,1044,705,1114,3.6925368846130846,70.69409940594883,1,1,0,1,0,BENIGN
58731.69076364022,10.648176328470637,19.85524035370929,1183,1221,48,105,989,699,11.275698792140753,76.9788499097398,1,0,1,1,1,BENIGN
112573.71855851007,49.18568713931474,52.680291885593654,839,1299,462,1223,702,1421,41.22055625184433,52.37020099319839,0,1,0,0,1,PortScan
71109.5431218309,76.84677956641337,53.72081793948886,787,1195,117,1375,1312,104,59.39930186885734,21.736802421865008,1,0,1,1,0,Web Attack - Brute Force
197649.2871538066,22.164731461755917,43.982073783324424,1313,783,81,1304,105,811,3.23756366393656,92.66887885787473,0,1,0,1,1,BENIGN
201018.17461619223,26.949005013336336,77.18921463252545,553,507,1286,1305,640,965,56.743447142426405,77.36174164533571,0,0,1,1,1,Bot
996.013334727755,24.27149867985832,51.66544007286027,577,404,495,611,608,595,30.739831648303138,27.0688400617604,0,1,0,1,1,DDoS
150528.6506629469,99.16730528316782,60.969545514498414,532,1294,633,848,995,1013,88.71468078118292,81.18129173963744,0,0,1,1,0,FTP-Patator
61754.558201337175,19.740373373054254,72.37463854077856,334,771,836,1268,1008,539,53.32845916687309,34.78626495180591,0,1,0,0,0,PortScan
449546.78271177853,57.5520216966124,2.5025101563866614,1020,663,601,947,1246,1302,58.78939082174337,31.243134466838075,0,0,0,0,0,BENIGN
66016.13947623753,92.52646416569644,57.06441825450448,245,130,769,853,381,11,94.56218111148833,86.30766273471441,0,1,0,1,0,BENIGN
433483.3584320393,14.689656887777925,88.41944712283693,1346,1408,672,428,837,1330,76.41710266545935,87.32352068171213,0,1,1,1,0,PortScan
140474.09020363848,97.08541978677002,1.7388742925433909,610,1420,175,1061,103,363,43.827326614676565,39.84814028189791,1,1,0,0,1,BENIGN
28582.36465465313,94.74772343956246,40.51821038009611,328,1319,804,1442,663,661,47.68796149560194,0.8922805081564511,0,0,1,0,0,BENIGN
77304.56870860419,88.45719870582626,92.622745020583,546,1406,1112,301,1137,1341,64.79238685593988,186.56562139999187,1,0,1,0,1,DoS Hulk
484541.4052653861,21.455652133000225,35.31544022825378,338,1418,638,638,1078,537,20.01992166505131,90.92963282245586,0,0,1,1,0,FTP-Patator
194862.8093585944,63.405505601098334,45.872882420024084,1194,1283,1382,70,120,1237,8.865084049412264,89.87493370550578,1,1,0,0,1,BENIGN
10243.911354619708,76.08914729612401,98.15413930443128,1133,280,1309,645,1240,313,31.123651594561842,45.33447480934476,0,1,1,0,1,BENIGN
122544.16080774892,98.60279281964297,19.93238589505738,993,1379,296,524,1026,1478,77.83827979362303,30.411670727587857,1,1,1,0,0,BENIGN
42400.52989949715,18.04238220813704,6.525518912500594,806,419,1283,173,1115,1422,25.732379876995104,30.27482921051716,1,0,1,1,0,BENIGN
700.6751934724462,76.60258995192964,85.94225908613043,1033,1215,474,89,406,1245,13.07592003359197,89.7194802628538,1,1,1,1,1,BENIGN
51664.41335557823,33.880116992711294,86.84653412123686,1225,636,535,367,675,579,21.902259846226023,32.47333109755165,1,0,1,0,1,Bot
26755.847931766846,17.56264655680023,47.20778346800132,1280,1451,1060,800,440,261,67.89729120057063,51.158025974010954,0,0,1,1,0,FTP-Patator
170853.62461043778,42.13769412138549,51.42071744772863,1285,807,1204,1230,431,495,61.39480566935188,73.10110505928978,1,0,1,0,1,FTP-Patator
41147.90690424289,79.38359121486164,83.58063696178361,692,347,24,1085,908,622,68.83149972964362,20.94810416094188,1,0,1,0,1,BENIGN
175749.54081989688,46.48498037040522,73.8559498115795,429,428,348,318,60,129,32.1958122680382,25.383908158589364,0,0,1,1,1,BENIGN
59.811767151288564,53.75231002030485,26.514900221701065,1089,1415,636,823,725,1182,90.08561269332716,35.80618930951268,1,1,0,1,1,FTP-Patator
36790.80136159425,99.51594102001212,1.6893355071518457,805,1364,226,550,1496,791,45.17703573281454,65.422338934739,0,1,1,0,0,Bot
27597.119894062213,39.9109299557426,47.97001625335457,611,546,1371,59,1270,1314,51.37130319269436,81.74906511463278,0,0,1,1,1,DDoS
26600.84659001128,61.54007547092398,85.89123260956414,34,939,37,1128,938,88,94.88079760021272,54.67057633309995,1,1,1,1,0,BENIGN
7062.272014626284,36.524420161537186,89.58346766901622,556,401,1406,1262,868,967,97.92772679449756,132.9287366496237,0,0,1,1,1,DoS Hulk
20717.703525116856,39.27856463287049,95.62261970761539,490,1070,569,1485,1395,1355,66.15427259165517,44.624552306972106,0,1,0,1,1,PortScan
81091.67485496629,69.56407534454081,87.95632376127813,253,664,235,126,1312,629,94.48131925757912,12.769072212319399,0,1,0,0,0,BENIGN
34440.91527474112,93.78869760948835,58.004355529809835,16,749,1204,82,1047,505,54.15073863404432,88.29716966669531,1,0,0,0,1,DoS Hulk
54024.547865953566,54.23589504923214,44.46055992361009,260,1448,113,1243,405,1153,30.72829455667717,58.961676985144784,1,1,1,0,0,PortScan
47299.51078148243,76.83999289487798,77.48498465340991,1279,959,305,1431,1331,206,31.509285596654134,95.6212111797923,1,1,0,0,1,PortScan
208670.72732955343,8.920655881696382,73.98216343655965,727,636,131,945,612,1383,55.894058988234555,83.76118333340594,1,1,0,0,0,BENIGN
235703.07087352543,21.115803743192696,53.814343008145435,1447,878,347,585,1395,1082,60.50361206551984,77.4471262542493,1,0,1,1,1,BENIGN
67915.94104632082,50.213164091953246,8.732737255846912,500,1351,1203,646,214,1119,43.96170699197489,72.70559658653337,0,1,1,1,1,PortScan
40071.03553554071,2.001172362877479,92.60813467869188,1015,86,414,1453,261,1269,88.37714835118439,89.71278571356976,0,1,1,0,1,BENIGN
11294.5547196431,25.28549787625588,45.56025375016621,285,514,982,889,914,1482,42.66961187135505,75.28350841427776,1,0,1,0,1,FTP-Patator
306621.6529074919,51.740128982496614,36.33337819162643,6,1003,731,573,1369,1168,27.342364699766787,62.687734530077144,1,0,0,0,1,DDoS
6211.686361217883,1.4961198256300712,62.95673951687717,1222,1188,653,512,1436,1333,0.7981878343539806,36.468008027372036,0,1,1,0,0,Bot
35332.38189046705,26.45462862260417,67.3837961166977,658,1246,384,1102,122,533,97.05692781576369,10.094388985979275,0,1,1,1,1,BENIGN
35391.61830641703,51.40308194758695,21.068791703030143,936,860,511,64,763,1404,82.43132831429443,46.10333638440104,0,1,0,1,1,BENIGN
38625.278168205274,57.314924798124565,83.69388448099562,1441,1320,1066,182,319,1376,61.5559584685329,92.47842361453674,1,0,0,1,1,BENIGN
17946.98387367111,92.57516930553055,28.993709366237784,51,915,1141,1089,1360,883,83.05422539034613,58.310026537515256,0,0,1,1,0,BENIGN
152860.21235958033,64.53456232506079,18.66839259143167,242,450,60,834,157,950,81.02892302509439,18.450417989513358,1,1,0,1,0,BENIGN
13067.588713908926,41.473580252999376,40.63998528544974,1242,1366,552,1231,1350,284,93.18507802258252,64.90233084808439,1,0,1,1,0,BENIGN
100760.22297450666,93.03511771330678,73.05600808974653,517,340,187,53,1088,718,38.60676833603749,46.546223408050444,0,1,1,1,1,BENIGN
13221.343489057124,78.48829833877943,96.54581784398034,969,1484,452,1244,368,501,55.485224208594076,93.13800885829664,0,1,1,0,0,BENIGN
7314.681316131341,20.00089211127476,80.92812643714332,108,1415,846,235,869,257,9.862802372024593,16.09399100620026,1,0,1,0,1,BENIGN
240162.6766714926,13.084236134881976,94.03483776701917,1374,420,186,888,1027,809,96.5315425718973,71.20117485067625,1,0,1,0,0,BENIGN
21088.001471667798,67.58116357427329,14.06058040765268,920,380,937,611,685,51,98.51270692824998,68.16024648068016,0,0,0,1,1,BENIGN
172176.79620780682,55.98831655769838,7.117679886367679,65,4,1487,958,913,549,78.90842479312016,98.35415785215046,0,1,0,1,0,FTP-Patator
78664.69166426685,78.96736137927557,55.77047619066712,1033,647,163,437,1083,664,45.412098314833685,56.49121266184387,1,0,0,0,0,BENIGN
8105.444888728247,73.88050500786865,29.029748304403434,201,1027,1447,1003,1068,1239,49.656675091435766,87.15740359336401,0,0,0,0,1,BENIGN
311110.2529661882,62.521153385751504,82.80549729692729,900,315,101,1126,583,1469,43.5366932987857,2.4713937531430696,1,1,0,1,1,BENIGN
28363.84814520812,98.63821716288922,67.19878714023261,213,1101,1290,1459,542,1246,29.331063652223044,12.289196822413262,0,0,1,1,0,BENIGN
196358.28121542206,53.35897301104087,97.07281639857945,67,530,1176,693,155,654,52.779140554876655,34.593857284653055,0,1,1,1,0,BENIGN
18489.687702771167,11.310575650171984,25.47923557313042,758,354,1452,962,887,965,5.344506950056682,619.3273971572378,1,0,1,1,1,DoS Hulk
192375.7515573203,82.82735648159884,48.578411435523236,865,1056,690,1444,751,1128,99.18870619371684,44.907934496740864,0,1,0,1,0,SSH-Patator
1331.7093076374447,25.185336234570897,50.124047742535325,326,661,1450,1131,63,521,42.40501351641408,20.269624734658887,0,0,0,1,0,BENIGN
71699.00902175577,77.73021481439183,23.91767948573762,1073,1162,577,523,420,968,92.73665840371062,58.92037398914345,1,1,0,0,0,PortScan
146725.53344303774,95.71070960000515,59.00933994880078,1040,1295,610,1466,322,1000,72.42714606600036,56.66990593413628,1,1,0,1,0,FTP-Patator
273022.7062302025,69.67955139643412,44.32859860792395,522,1219,535,403,1132,887,28.994291686393403,52.44474785208486,0,0,1,0,1,BENIGN
239911.95201548035,59.60301609498011,44.67215559898736,1329,126,1356,342,1486,1406,22.205261817460244,9.055611211069813,1,0,1,0,0,BENIGN
171271.65386597838,46.03861756750406,36.27366479724836,1415,348,760,799,546,1137,99.56754337623562,92.70254927562308,0,0,0,0,0,BENIGN
219096.63479207052,36.440986599540324,1.692935242553506,987,1067,895,1350,250,744,77.21263550540357,59.225530370143645,1,1,0,1,0,Bot
22216.863399691807,35.30047509718363,52.2095236914789,1147,741,1463,213,865,1092,24.966147414934092,26.399174719865727,1,0,1,1,1,BENIGN
33433.25413990217,63.63727057095906,33.524783570033115,1003,727,970,1023,509,1388,6.74450481772606,68.74181903945207,1,1,0,0,1,BENIGN
34103.85814119751,75.12731169377459,0.13198689843296751,503,243,123,321,440,1067,69.69165453013787,31.790799086888732,0,1,1,1,1,PortScan
47329.53305576786,67.85170694844143,30.794370766193204,1248,8,1325,1101,453,210,30.301645681107637,505.85602677442586,0,1,0,1,1,DoS Hulk
49975.491480579636,19.841010119356273,27.8628333089757,755,711,667,1078,643,275,22.133081262771736,34.113177105898295,0,1,0,0,1,BENIGN
78648.10288349036,49.39871801434912,39.34481532236358,1341,845,348,783,816,1130,73.4937415149336,88.0394026537693,1,0,0,0,0,BENIGN
17421.025853869083,79.1640072183063,13.185198964339694,472,1102,248,855,678,478,67.92613226543476,993.9805845349302,1,1,0,0,0,DoS Hulk
117521.2585546878,47.57040781890562,50.768382463508445,857,1213,1294,1094,273,204,48.14126747601911,161.1820653278987,0,1,0,1,0,DoS Hulk
18340.19874143787,53.66232797354938,69.244035251813,540,85,1452,1091,59,118,94.26559327703731,2.3578950556596867,0,1,0,1,0,BENIGN
37151.085687272316,77.11360481708222,63.018556905457245,1381,270,706,179,341,485,67.96383660574911,21.932250698204246,1,0,1,1,0,BENIGN
69985.99218911432,66.12653062650915,80.37549475691907,868,512,712,379,1417,108,89.34195606199093,58.99519830976134,0,1,1,0,0,BENIGN
159179.7235781115,40.93449208823926,45.200828798708116,877,1043,1006,932,112,453,19.05529423497191,17.395113957753306,0,1,0,1,1,Web Attack - Brute Force
134503.4318193562,89.54127111942189,51.90917303397282,939,129,246,449,1244,1262,29.66459100808887,81.14844246061533,0,0,0,1,1,BENIGN
103714.3852827889,16.25670686634786,81.04019408589834,876,837,480,1284,67,1031,10.452013369372825,40.867057679444244,1,1,1,1,1,BENIGN
16933.417186405975,99.55164485903248,42.77011708192385,1452,769,97,1470,1338,511,30.457999787203537,61.05327407141296,0,0,1,0,0,BENIGN
79196.32592061517,11.88525784762372,70.1599349899597,796,1030,328,130,466,1066,97.17783292063804,45.56178416228589,1,1,1,0,1,FTP-Patator
9150.856707954505,1.4949971104238902,43.46023687179918,471,851,1448,1257,857,1417,96.28562460923007,903.3279216189535,0,0,0,1,1,DoS Hulk
47379.18784843434,89.00189011487647,41.773619451156264,837,936,1447,903,262,131,76.0386354550991,3.5135337062277783,0,0,0,0,1,BENIGN
53361.07959234127,24.49535083659561,76.02056245291602,1323,1333,1028,1177,1154,750,52.104826278295725,72.93018956565996,1,1,1,0,1,FTP-Patator
4062.5596563590034,72.96996274467209,17.483691546621117,83,900,458,329,423,393,78.0779798792245,65.21721333408667,1,1,0,1,0,FTP-Patator
32018.887237704756,81.10153749320693,33.858597194157355,376,472,795,636,1290,197,55.348695121371996,64.951503098576,1,1,1,1,0,BENIGN
311563.05582691403,85.89863910321168,22.417227674690178,1336,1125,592,52,719,1487,0.3508504671443369,41.39893930382051,0,0,0,0,1,BENIGN
307115.8821748142,99.15942356641668,35.91099429675971,1343,337,497,467,1235,1144,50.15470739436155,1.567522847589753,0,0,1,1,1,FTP-Patator
43436.9423393203,29.403971003999906,23.0374822366024,203,318,86,639,562,1323,59.89234460110525,68.92407219679578,0,0,0,1,1,BENIGN
4405.650005242228,71.02433419272592,57.940563108665465,1378,1048,401,412,982,219,26.57483575030042,82.94712128082533,0,0,1,1,1,BENIGN
19734.781486214786,11.539985828082822,79.81708026178453,1008,720,1316,1037,918,867,20.329356424166157,8.523031098734812,0,1,1,1,1,PortScan
49793.8674073643,40.68092913568494,78.66130612179019,1317,1453,1304,495,287,93,27.38090948056513,441.61750424396865,0,0,0,1,0,DoS Hulk
295228.39319138206,84.79716933125904,36.450096454879244,503,142,196,367,424,1315,62.36277495178657,16.25948539470542,1,0,1,1,1,BENIGN
15221.812254632281,36.76580460591084,98.87604058942617,1168,656,763,538,553,152,14.60641149355525,61.09377864296083,1,1,1,1,1,BENIGN
144187.4065548828,59.10953805356141,59.385436470580075,538,1172,1106,636,758,524,72.03283013294994,78.56048763590367,0,0,1,0,0,DDoS
11505.461797192927,50.377344372463405,39.94003017782948,16,1078,26,1475,243,718,42.26748209616095,66.67065649274063,1,1,1,1,1,BENIGN
397696.57357820217,64.59515311120451,83.55392792414254,574,470,134,514,999,766,35.33478592053255,31.806007048588548,1,1,0,1,0,FTP-Patator
48064.64623836332,97.28943893876949,72.98740126426408,575,362,1113,480,1357,1445,80.72312916803529,13.973270283238381,0,1,1,0,1,BENIGN
149269.78155562587,5.573552650140212,74.92753368241044,1014,649,205,413,327,1181,50.60632494365266,79.42681460504623,1,1,0,1,1,BENIGN
41944.90535165588,57.39615175016297,19.61393497338716,1062,208,1050,227,714,1293,37.840056119092814,32.391685849269216,0,0,1,1,1,BENIGN
98797.17054620766,86.30287792502848,46.832430736855514,129,1208,1401,136,1129,817,87.81547155606046,2.213983174442613,1,1,1,1,0,BENIGN
21321.312751566686,48.13827117484275,86.18281308246027,114,1088,1438,1263,800,256,36.82516321994758,57.14212143492507,0,1,0,0,1,BENIGN
15784.869825637543,7.852718594157282,50.403800762875726,1473,548,1250,790,1102,700,85.90002829433705,24.667731023337836,1,0,1,1,1,BENIGN
278165.5938574392,56.05393524167709,68.34527434210503,949,1135,602,834,1188,514,50.41986984625583,841.2059983581769,1,0,0,1,0,DoS Hulk
249674.37677066622,33.20738908238204,58.793373303426456,1068,262,1091,471,630,1260,20.800709745500722,14.325520439077854,0,0,1,0,1,BENIGN
218452.60084460626,15.49417853379359,84.23567877183821,215,1099,361,517,1080,444,61.28181881110838,43.48008490592503,0,0,1,0,1,BENIGN
98198.5788652235,84.9034513283473,28.45608397616026,847,1319,1283,1484,959,170,28.532352626996126,25.31302036110118,1,1,1,1,1,BENIGN
165165.7816993581,52.15995129911216,57.547527788636486,1438,1201,657,304,959,269,14.715513217619513,68.96016192210813,0,0,1,1,1,BENIGN
7153.56769404299,93.32764123790666,12.323466800980398,688,765,1086,654,1211,600,8.65293713977795,54.85309093574215,1,0,0,1,0,BENIGN
40765.10583935762,80.6016504603069,69.02107766994678,1002,0,971,180,1075,636,24.1697335797442,79.0987719248596,0,1,1,1,1,BENIGN
37644.49821263705,69.29717937736673,73.1967838352712,264,147,979,29,1095,66,73.65546420021913,45.861257522365214,1,1,1,0,1,BENIGN
100962.74955153442,0.5025503365311934,4.283732118899842,1463,875,940,971,752,774,83.79992223757426,0.4808431544395586,1,1,1,1,0,BENIGN
43999.098588237764,42.782345663825,67.57909636279851,616,985,907,764,323,7,86.17208459819216,21.51964805394957,0,0,1,0,1,BENIGN
16076.374326070547,19.74862816520323,41.469015416578635,1404,1152,1415,39,1361,1471,27.014827370994364,99.91571081942736,0,0,0,1,0,BENIGN
90749.71971129079,91.07979110488678,12.409687610968234,300,512,245,186,154,134,66.09729329453418,40.534498930951024,1,1,1,0,1,BENIGN
168407.4828056504,17.458398467636027,41.99075476984676,984,628,277,318,58,815,23.03540599149295,62.02351078862255,0,1,0,1,0,PortScan
48146.66707162234,28.60600516592855,19.42329296955817,1194,971,346,1250,1298,829,62.27621139682403,90.49316080587572,1,0,1,0,0,Bot
14187.31918579913,51.68367677344992,41.55595321233165,405,1172,371,731,200,24,88.72109930416968,2.0524182145088443,0,0,0,0,0,BENIGN
21901.234315893587,26.336361899807926,38.433902795852774,1378,1292,808,891,294,464,4.089368260208137,65.96073963973953,0,1,1,1,0,BENIGN
27113.087588043505,20.986467727912117,73.83916369360574,160,652,848,323,1345,373,98.52256677254061,28.837697397843677,0,0,0,1,0,DDoS
35652.865891681686,59.90993251027524,77.42155581663587,25,1128,122,942,1352,195,82.7087877458445,27.924825535243148,0,0,1,1,0,SSH-Patator
102944.56297007429,8.892952275502386,60.702865438454666,82,465,1080,1066,1413,703,76.16621162936984,22.485140324830688,1,1,0,0,0,BENIGN
91865.72411940529,5.816775872092473,2.268684218244754,172,763,159,655,997,401,69.1362893711791,82.27292162911598,0,1,0,1,0,PortScan
119099.03146114227,37.22452951860714,93.1022279070994,998,1019,1150,1301,1307,121,77.02738889138784,37.29477324464945,1,1,1,1,1,BENIGN
45020.41149450101,72.06644545078623,68.62332800964477,793,928,736,1342,1199,771,99.4595356040546,6.711653826042574,1,1,1,0,0,BENIGN
173725.79424419513,55.4806758273948,3.4195449921188836,1093,1304,1334,173,609,558,77.01912971125407,96.85115788316311,1,0,1,0,0,DoS Hulk
22826.622628228703,42.28764684667789,81.88328992141179,834,1430,517,684,348,1232,35.1600784668327,14.861436268680206,0,0,0,1,1,BENIGN
63306.9998006981,56.57515642245824,20.026615471799612,5,793,934,1064,1455,1324,61.39218529335032,89.89275872509252,1,0,0,0,1,BENIGN
161414.25697063463,36.54514846532736,57.92211895711068,795,899,1288,408,962,953,33.69230161598358,42.74434265073425,1,0,1,0,0,BENIGN
19864.443028678106,93.61463354321128,46.663436995018714,1218,1381,745,1346,381,907,97.00654432566708,91.60493395995208,0,0,0,0,1,Bot
11638.002329705778,5.490489091077433,41.98387823550767,524,674,287,179,1295,1062,90.01397328257003,81.74794727621244,0,0,1,0,0,Bot
215144.43758886438,67.33914790298353,88.97137201243976,62,1008,419,853,491,618,56.762022746282845,83.7882621257848,1,1,0,0,0,BENIGN
41996.42080226659,89.12826648277505,43.73612915626147,1036,1226,139,1182,330,740,78.12737544934491,286.83181113183264,0,0,1,0,1,DoS Hulk
115160.21527080915,80.38847087352534,7.534411757315073,760,280,706,36,874,946,90.96869429717638,27.131441270953573,1,0,0,1,1,BENIGN
2567.541475277774,18.404103482144674,94.66387272149525,204,915,697,405,157,796,24.36002636565593,560.0683798378279,1,1,1,1,0,DoS Hulk
117133.42458765321,29.592634898028834,92.05352312396275,896,1280,986,538,431,205,57.94818569288046,41.792496198995075,1,0,0,1,1,FTP-Patator
37994.54886266291,71.70479387071047,68.44326895815988,39,1117,474,375,1348,582,48.17163192525483,50.90606883003467,1,1,1,1,1,BENIGN
5735.463100539237,8.427055918076555,46.789252813202495,1188,323,388,255,1139,696,77.15913548429414,5.320420185769947,0,0,0,1,0,BENIGN
94112.855647433,81.18616998325841,9.285947294352127,1054,790,510,277,618,411,37.90825213338287,97.1590191262528,1,1,1,1,0,PortScan
27549.50581389531,71.89069446047903,79.07481185774762,876,1385,537,248,618,1356,70.89796397081916,5.816880784012312,0,1,0,1,1,PortScan
48907.59423149503,72.96066492353425,7.547791442402896,824,1374,212,692,625,207,40.29930890117378,17.88312976618873,0,0,1,1,1,BENIGN
8401.312600671694,10.024137026759139,6.860098489514566,908,1085,896,1040,434,404,11.107486464450423,67.8200524835258,1,0,1,0,0,DDoS
15918.71344433472,71.77605448162309,53.73838424393681,397,186,1288,1391,795,387,10.712143160831722,15.550155172858315,1,1,0,1,0,FTP-Patator
35378.94474135058,67.981812521997,16.012824018464023,1482,914,1366,124,931,1405,11.905632455318738,10.686992770778902,1,1,1,1,1,BENIGN
9404.642928966769,83.09224908218505,0.7730267340348984,1246,541,1061,1335,571,866,3.251987593216177,15.362038137092215,0,1,0,0,1,BENIGN
241716.8729910249,4.159595625646951,42.31134309957862,633,896,232,211,265,270,53.297317159677206,6.192024321640909,0,1,1,0,0,BENIGN
606.5400592387342,2.3110668467792195,13.721723161006594,1101,1327,259,471,1421,436,67.19026819837349,25.131874025834435,0,1,0,1,1,PortScan
66137.76565118255,37.300709987856074,16.051541528069123,838,638,307,748,101,857,12.672840182568956,27.11192710148146,1,0,1,0,0,BENIGN
13153.049077306841,14.878828384915288,7.691063873533466,599,435,402,1438,1086,1453,61.185800022161196,49.862208754832174,1,1,0,1,1,BENIGN
36770.56873312893,55.838447757022195,20.509375372360992,624,212,996,499,996,344,59.774007825791195,43.87225172047751,1,0,1,0,1,BENIGN
260449.53722626113,91.73489015067489,71.54841797743894,937,1429,1284,810,708,148,14.709405139686238,47.37134151488451,0,1,1,1,1,BENIGN
17637.275001240556,39.14797303340157,80.89273072177915,883,817,1499,888,1014,627,40.408259996126326,61.603950420890264,0,1,0,0,0,PortScan
337647.51027313253,84.49503772726041,45.25336440293006,1451,961,749,1204,823,1415,75.5135709770984,23.09614312495438,1,1,0,0,0,BENIGN
23041.288021614608,0.024087451786647396,50.655381588141765,424,1157,1129,1412,221,186,1.67560255520115,13.470413109189517,1,1,1,1,1,PortScan
135311.53564902078,16.851464345918423,3.2655034594202603,386,959,1270,1210,914,19,14.69478838983882,87.88782786455435,0,0,1,1,1,BENIGN
79115.09676433816,3.042353965408562,6.931626137131685,1262,916,303,1491,435,1361,99.58283743247446,63.394133956895125,1,1,0,1,0,Web Attack - Brute Force
215830.058932729,32.814718051506865,25.756772564951692,1003,992,342,1480,1213,372,73.35448971490595,6.066329393479963,1,0,0,1,1,BENIGN
80742.12048861227,90.81895956965027,54.38984207131475,857,914,1470,1157,639,978,46.413027921925575,96.10516499008203,1,1,0,1,0,BENIGN
76477.04065903582,9.695212359898775,73.9551148734993,622,1242,1061,174,944,66,62.98014120916252,69.3068502268409,0,1,1,0,0,PortScan
21748.210803096157,60.64097767438004,60.500306133803306,89,420,854,1284,333,1462,84.62209705984745,15.170464208701162,0,0,0,0,1,BENIGN
18179.69288972292,45.14959391194442,39.21278549867883,384,318,1069,316,906,1085,84.23045855536367,969.1344316764007,1,1,0,1,0,DoS Hulk
248277.87288047688,93.84682123658125,11.832407300313818,1162,1180,1243,1000,1324,785,32.47014354612071,36.54073432496331,0,0,0,0,0,SSH-Patator
39725.61919199786,12.251914253709383,78.07732348871895,996,187,255,823,350,621,49.12914225452241,98.45100798647702,0,0,1,0,1,BENIGN
46534.61003327483,21.202785050222893,36.37860515990571,646,1499,136,869,569,84,63.80550964986437,10.32756293932885,1,1,0,1,1,DDoS
142638.18688932058,2.9541968611493274,73.60540144827897,1267,161,1254,930,727,1429,7.1896916514604055,15.996921703549571,1,1,0,0,1,BENIGN
41373.44285219658,43.393524963137374,51.297884191434186,421,128,817,886,114,1418,94.57965993907523,65.74195508748441,1,1,0,1,1,PortScan
303785.6086718442,27.783289956465428,73.86620535618252,1205,303,972,268,908,175,43.27418256623729,2.214346516607324,1,1,0,0,1,BENIGN
133913.5122372504,86.99059338903209,90.72895614525719,1218,1112,37,469,366,358,37.08623272579269,1.8689641218235686,1,0,1,1,1,Bot
90988.44027249767,60.4940813197755,92.1029516053802,873,916,1178,223,1292,830,90.71003614498258,79.19828322249003,0,1,1,0,1,BENIGN
212775.11699010833,61.409073797570166,53.51067800006034,52,1185,104,1275,803,290,11.82866487531047,16.77803317398203,0,1,0,0,1,BENIGN
5087.85470907684,53.19106968813024,51.150836476563875,985,921,254,1087,1109,129,3.9260797387108526,91.87899925876073,0,1,0,1,1,SSH-Patator
29714.361492958684,9.1850337229201,26.567846550283726,1013,1059,1427,974,895,478,68.5002412300274,42.58961621713717,0,0,1,1,0,BENIGN
62555.644882402725,44.501868372535526,93.57998315292913,684,1250,487,906,968,647,38.50029681051041,87.36523542992757,0,1,1,0,0,BENIGN
25744.846813005286,99.95051897085165,45.79191671996209,178,150,457,829,377,531,76.44758088301057,41.77635840865285,1,0,1,1,0,BENIGN
136220.75409687194,83.52292908460149,12.759123928737715,292,592,527,1487,1170,263,6.854461152675551,53.023000497214,1,1,1,0,1,Web Attack - Brute Force
251587.7712624293,89.34590541671159,43.270491462654995,374,46,590,1147,1011,958,38.37571435353864,316.51416167641275,1,0,1,1,0,DoS Hulk
55124.86005622603,82.32263592464994,12.705325023800395,1082,939,524,237,117,502,23.53252120461122,65.80764177559352,1,0,1,1,1,BENIGN
41875.18878915807,10.304169343098268,50.25316842570751,1077,659,369,74,1013,1183,73.96065329465972,31.82011659430661,0,1,0,0,0,PortScan
325841.5624500881,22.74482540647996,56.12755148562122,1268,230,101,1465,1158,908,22.717011042737145,22.317009785004927,1,1,0,0,0,BENIGN
58852.13137801088,0.3121651356409627,33.775576149358535,1172,1001,915,499,526,1104,45.794533477435486,8.104731196270077,1,1,0,0,0,Web Attack - Brute Force
67148.04103862675,30.351012487811147,7.165061423148467,795,164,663,267,813,1436,81.88775511367119,57.66934782784672,1,1,0,0,1,DoS Hulk
43332.44080903793,10.860740234649258,94.3503535633239,1391,723,689,986,205,474,91.53905354644695,30.597435320228893,1,0,1,0,1,BENIGN
240294.11851621445,47.2793345301583,77.33531134834296,15,819,598,1073,1256,887,72.26057936657777,73.64733452492554,1,1,0,1,0,BENIGN
84154.3907163059,67.7127488573902,83.8881080505121,175,1089,599,1082,815,17,42.922841153295366,205.62006634361632,0,0,1,0,1,DoS Hulk
143621.84340838893,87.4505295038077,36.68683942862294,1429,1103,540,1477,65,1092,57.19858747427331,29.92274501394966,1,1,1,1,1,PortScan
167028.575040049,74.92171650908982,76.08310300194505,1490,139,388,722,3,907,68.9689947152494,90.51714185221239,0,1,1,1,1,BENIGN
41832.095439083205,93.85855957785051,48.53728951691942,128,399,362,1095,2,129,87.4932626574118,63.91574958113206,0,1,0,1,1,BENIGN
56862.129588312935,5.3898290393788795,20.108348840604595,1246,129,930,189,1282,937,88.85739847602918,91.97223894219765,1,1,1,1,0,BENIGN
188698.3363836401,1.217983541654144,12.442337690721327,883,984,611,995,324,814,93.09694914883471,91.12260340036342,0,1,0,1,0,BENIGN
45138.65698313259,66.13381138362126,34.505086932205685,1267,765,1138,565,1263,1333,81.07110989073823,6.341068248568993,0,0,1,1,1,BENIGN
157956.42736027352,28.935241022224623,13.755211147513968,425,445,721,992,604,14,14.679793594166679,95.50093249283648,1,0,0,0,1,BENIGN
283008.77176850545,25.350101610577312,99.82689762040687,353,28,342,735,795,1209,74.7639533386243,5.117795906125567,0,1,1,0,1,FTP-Patator
97606.82660325608,33.08870876937943,4.918899023202206,749,1225,1097,155,534,1440,81.45923735632176,92.56189177484868,0,0,0,1,0,BENIGN
135335.21142439285,26.979605789236416,44.114359936907654,743,1260,134,672,1341,1006,87.78714276763837,54.673343665671595,1,1,1,0,0,FTP-Patator
163525.48810867345,51.14364063015873,45.20935223903842,1349,798,939,1108,598,706,92.4816894617826,53.31895828773915,1,1,1,0,1,FTP-Patator
186458.59941182975,44.01484472241325,30.063192858167554,1026,1362,977,68,1074,702,50.91598135184474,713.264062619819,1,1,0,0,0,DoS Hulk
50261.498658454104,51.242855137665636,57.135156570694534,478,1422,379,1408,1493,745,65.50926951243105,87.921127076173,0,1,1,0,1,BENIGN
5262.413659268365,67.27136115004362,14.997702415154468,975,1462,1148,372,831,431,0.9552776616969072,61.70045556612569,0,0,0,0,1,BENIGN
51395.76421468564,38.71305089711483,78.39123805872336,1104,288,37,54,1066,1089,57.2783567692434,42.53998537813215,0,0,0,1,1,SSH-Patator
112011.04156511949,25.13076871421568,33.24477182476383,43,1275,780,84,1227,1104,47.31983810739396,11.18893429847735,0,0,1,0,1,FTP-Patator
59847.4268823776,16.62005368087455,59.13425897986417,154,976,309,940,346,35,96.23060446947994,78.92093058948785,1,0,0,1,1,SSH-Patator
138215.55413046657,34.94741195326255,71.56392360669594,946,99,105,840,1081,746,90.17092986027271,12.829349247080513,1,0,0,1,0,Web Attack - Brute Force
44158.322925264285,74.1806475246172,88.90421176901611,927,421,555,591,58,16,79.76039294333856,72.63658611992429,0,1,0,0,0,BENIGN
100715.71876970358,75.67049101114695,83.57874364522002,98,642,1248,731,679,513,5.699418452026672,52.7924945782026,0,1,1,1,0,BENIGN
20631.07767932955,66.69053866842103,60.83090281035596,1420,693,1265,621,510,32,40.202884228333325,38.58359247580685,0,0,1,1,0,DDoS
138377.52832423148,23.402817530687457,38.83931803838869,170,705,396,1008,1341,348,69.60422221945602,61.298638625336764,0,0,0,0,0,BENIGN
78898.86328531671,58.80862458546977,50.3204670074964,147,17,152,316,1456,1403,2.9660743564281056,77.2356086074543,1,1,0,1,1,BENIGN
22823.69865434577,57.0689661576848,76.87347933788026,122,470,535,1187,1395,507,23.581379175280116,94.1139618450621,0,1,1,0,0,BENIGN
34518.573199672144,48.42661981097255,87.7545542559473,111,722,995,624,206,645,88.75071901181288,26.46968828377999,1,1,1,1,1,BENIGN
138074.4623767398,54.997898638386424,10.378192817667188,1022,1030,965,251,110,938,12.978076729942423,94.71301602116982,1,0,0,0,0,BENIGN
65894.13974462813,49.17906326236681,38.48562624930535,1011,418,1425,151,22,855,5.137350433864418,96.0948045987792,1,1,1,0,0,BENIGN
24338.63619780416,56.54563660741082,77.61165984135006,1153,379,1169,1359,1451,1290,58.058575628466926,81.36305144796802,0,0,0,1,0,BENIGN
341949.95605254086,71.55059546211288,43.1651762593961,67,507,1214,909,786,516,94.64646154277803,881.4371749423491,1,1,0,1,0,DoS Hulk
125570.48609797415,10.962819440343974,33.222776406628384,827,113,892,1391,1034,797,83.46247399086386,69.24275137171718,1,1,1,1,0,BENIGN
314969.57301705185,74.96257521490237,41.132269682326964,891,851,582,865,571,484,97.47725047209556,3.9097219931284677,0,0,0,1,0,DDoS
55705.29043097237,13.58861501275942,60.28447467863508,1309,510,200,599,746,1370,75.35231536962493,57.50785447053921,0,1,0,0,1,Bot
64454.81597843346,6.6627998410374705,99.98051441338015,1028,850,11,1006,514,663,43.73697740845716,74.7204562960772,1,1,1,0,1,BENIGN
228234.35050455757,97.60796862214676,49.29924291045318,1141,975,1075,970,143,442,94.66164395898741,94.1703134706335,0,1,1,1,0,BENIGN
74454.4354543604,95.69917688704415,20.849447495426055,229,613,767,1004,991,377,42.66332784533118,57.045184701887365,0,0,1,0,0,BENIGN
122853.50410933007,6.043654494056405,16.284657527909474,159,468,1325,1123,808,1013,35.00946163442443,79.42006782573834,0,1,0,1,0,PortScan
29058.34473663516,44.32534414749622,4.234974747641429,1317,92,1323,1143,293,962,44.81959177674339,70.50387175444939,0,1,1,1,1,BENIGN
59190.27681089136,18.624493829977474,55.88172349183215,185,1125,919,1408,324,572,81.39739543824645,28.080288854758184,1,0,0,0,0,BENIGN
13176.137809385666,48.53448971344181,54.45720914888342,1013,492,520,302,192,357,91.76935498488884,15.472807515135855,1,1,0,1,0,BENIGN
23064.667431931335,83.01772429995874,20.523392678030916,876,762,1163,1172,1314,537,35.76821099596755,75.09053286779005,0,0,0,0,1,BENIGN
94.3860563902917,95.06117747428902,69.5329406452567,551,988,99,1224,1442,620,46.22474565322625,23.376836117950738,1,0,0,0,0,SSH-Patator
4005.67162210924,63.42526534515373,74.11070416296808,1247,478,1160,1026,459,1233,89.8327323304383,24.46915546301409,1,0,1,0,1,BENIGN
378467.79729212343,35.390566721181706,25.909820538211125,1175,876,870,399,1071,805,4.704366452866893,64.39462387006476,1,1,1,0,0,BENIGN
27753.861851442907,60.332556564459836,34.409976402973655,1163,166,365,67,1130,1065,78.38686941138513,78.90684640295285,1,0,0,0,0,BENIGN
108859.47605796628,31.200130610845033,99.04716723472566,1390,139,656,153,1287,815,45.421775823433904,58.233209286123625,0,0,0,0,1,BENIGN
182697.03530129697,90.98236408320604,37.426446785073416,1151,93,160,1014,1276,12,37.65183510496713,88.49831538790713,0,0,1,0,0,BENIGN
79997.64615179965,87.04004631058369,76.08016717561019,1374,1204,760,181,1181,823,44.6921291836839,211.44326925067446,0,1,0,1,0,DoS Hulk
16622.520110856687,55.8231750279661,45.272542662994,146,575,174,524,525,488,41.86906755015798,25.241442954073957,1,1,0,0,1,BENIGN
130238.1382779661,32.47989153803606,79.3344827860976,1308,1027,1111,188,918,1210,75.6618618187806,63.69555041574445,0,1,0,1,1,BENIGN
91691.9454727911,29.338967558297835,76.9023238782648,1492,605,1422,19,28,1086,92.79475222441556,82.9368184618297,0,1,0,0,1,PortScan
131397.58924631344,3.341799470505946,66.77560251985356,1241,1412,544,850,537,1359,49.14558254465786,53.93518016782335,0,0,0,1,0,BENIGN
146857.49366669322,81.58208510252952,85.47783462955792,435,1295,476,1306,142,554,83.27337857825114,10.381573302546187,1,1,1,0,0,DoS Hulk
370543.0375478479,45.038321303900794,93.92184948776851,731,1155,282,897,626,744,73.19445357122386,67.69431292069412,1,1,1,0,0,SSH-Patator
85229.12935782335,32.513292840026445,57.998332045208386,1168,583,956,9,840,74,33.06807855564769,81.35824330179348,1,1,1,0,1,BENIGN
41800.507490217795,47.11103549977539,23.74689072227457,1300,815,451,699,217,764,58.731381452654766,27.654362789597407,1,1,1,1,1,BENIGN
104544.47389605756,81.8737990454652,39.8628961644075,59,592,81,654,592,824,66.68156750156945,5.419822888226744,1,1,0,1,1,DDoS
7089.544012621513,12.461420770752119,75.83057135132933,842,685,1236,1326,712,1172,2.3499371890463028,51.79519781075482,0,1,1,0,0,BENIGN
227689.1209370531,85.76559882418273,65.08834851238696,1398,962,815,240,66,206,39.59555512242403,4.215522035095343,0,0,0,1,1,FTP-Patator
12713.022257045766,89.7508835108354,17.779833856524874,403,986,519,151,760,692,99.26381758474568,41.60167439152443,1,1,0,0,1,PortScan
39726.309360910294,94.67079150338881,5.123954114642471,880,1075,133,783,143,1264,63.72564270700936,1.781784447029544,0,0,1,1,0,BENIGN
169143.6676998317,39.74879924226278,68.29615935420648,1137,1313,446,1360,1164,675,33.42440692917761,224.96672290793651,0,0,1,1,1,DoS Hulk
90959.41499401256,21.714040403767186,25.107902402934535,614,445,117,187,1369,574,25.00240394007278,38.88224518869099,0,1,0,0,1,BENIGN
